-- MySQL dump 10.13  Distrib 8.2.0, for Linux (x86_64)
--
-- Host: docker-compose-learn-learn-mysql-1    Database: tour
-- ------------------------------------------------------
-- Server version	8.2.0

/*!40101 SET @OLD_CHARACTER_SET_CLIENT=@@CHARACTER_SET_CLIENT */;
/*!40101 SET @OLD_CHARACTER_SET_RESULTS=@@CHARACTER_SET_RESULTS */;
/*!40101 SET @OLD_COLLATION_CONNECTION=@@COLLATION_CONNECTION */;
/*!50503 SET NAMES utf8mb4 */;
/*!40103 SET @OLD_TIME_ZONE=@@TIME_ZONE */;
/*!40103 SET TIME_ZONE='+00:00' */;
/*!40014 SET @OLD_UNIQUE_CHECKS=@@UNIQUE_CHECKS, UNIQUE_CHECKS=0 */;
/*!40014 SET @OLD_FOREIGN_KEY_CHECKS=@@FOREIGN_KEY_CHECKS, FOREIGN_KEY_CHECKS=0 */;
/*!40101 SET @OLD_SQL_MODE=@@SQL_MODE, SQL_MODE='NO_AUTO_VALUE_ON_ZERO' */;
/*!40111 SET @OLD_SQL_NOTES=@@SQL_NOTES, SQL_NOTES=0 */;

--
-- Table structure for table `metadata`
--

DROP TABLE IF EXISTS `metadata`;
/*!40101 SET @saved_cs_client     = @@character_set_client */;
/*!50503 SET character_set_client = utf8mb4 */;
CREATE TABLE `metadata` (
  `version` varchar(255) DEFAULT NULL
) ENGINE=InnoDB DEFAULT CHARSET=utf8mb4 COLLATE=utf8mb4_0900_ai_ci;
/*!40101 SET character_set_client = @saved_cs_client */;

--
-- Dumping data for table `metadata`
--

LOCK TABLES `metadata` WRITE;
/*!40000 ALTER TABLE `metadata` DISABLE KEYS */;
INSERT INTO `metadata` VALUES ('1.1.5');
/*!40000 ALTER TABLE `metadata` ENABLE KEYS */;
UNLOCK TABLES;

--
-- Temporary view structure for view `分公司业绩视图`
--

DROP TABLE IF EXISTS `分公司业绩视图`;
/*!50001 DROP VIEW IF EXISTS `分公司业绩视图`*/;
SET @saved_cs_client     = @@character_set_client;
/*!50503 SET character_set_client = utf8mb4 */;
/*!50001 CREATE VIEW `分公司业绩视图` AS SELECT 
 1 AS `分公司ID`,
 1 AS `分公司名`,
 1 AS `分公司销售额`*/;
SET character_set_client = @saved_cs_client;

--
-- Table structure for table `地点`
--

DROP TABLE IF EXISTS `地点`;
/*!40101 SET @saved_cs_client     = @@character_set_client */;
/*!50503 SET character_set_client = utf8mb4 */;
CREATE TABLE `地点` (
  `地点` varchar(255) NOT NULL,
  `旅游线路_id` int NOT NULL,
  PRIMARY KEY (`地点`,`旅游线路_id`),
  KEY `旅游线路_id` (`旅游线路_id`),
  CONSTRAINT `地点_ibfk_1` FOREIGN KEY (`旅游线路_id`) REFERENCES `旅游线路` (`id`)
) ENGINE=InnoDB DEFAULT CHARSET=utf8mb4 COLLATE=utf8mb4_0900_ai_ci;
/*!40101 SET character_set_client = @saved_cs_client */;

--
-- Dumping data for table `地点`
--

LOCK TABLES `地点` WRITE;
/*!40000 ALTER TABLE `地点` DISABLE KEYS */;
INSERT INTO `地点` VALUES ('BeiJing',1),('ShangHai',2),('GuangZhou',3),('TianJi',4),('SiChua',5),('HaiNa',6),('FuJia',7),('ChongQi',8),('XinJiang',9),('XiZang',10);
/*!40000 ALTER TABLE `地点` ENABLE KEYS */;
UNLOCK TABLES;

--
-- Temporary view structure for view `导游业绩视图`
--

DROP TABLE IF EXISTS `导游业绩视图`;
/*!50001 DROP VIEW IF EXISTS `导游业绩视图`*/;
SET @saved_cs_client     = @@character_set_client;
/*!50503 SET character_set_client = utf8mb4 */;
/*!50001 CREATE VIEW `导游业绩视图` AS SELECT 
 1 AS `导游号`,
 1 AS `姓名`,
 1 AS `导游资格等级`,
 1 AS `业绩金额`,
 1 AS `旅游团_id`*/;
SET character_set_client = @saved_cs_client;

--
-- Table structure for table `导游员工`
--

DROP TABLE IF EXISTS `导游员工`;
/*!40101 SET @saved_cs_client     = @@character_set_client */;
/*!50503 SET character_set_client = utf8mb4 */;
CREATE TABLE `导游员工` (
  `导游号` int NOT NULL AUTO_INCREMENT,
  `身份证号` varchar(255) NOT NULL,
  `导游资格等级` varchar(255) NOT NULL,
  `业绩金额` float NOT NULL,
  `分公司_id` int NOT NULL,
  `旅游团_id` int NOT NULL,
  PRIMARY KEY (`导游号`),
  KEY `身份证号` (`身份证号`),
  KEY `分公司_id` (`分公司_id`),
  CONSTRAINT `导游员工_ibfk_1` FOREIGN KEY (`身份证号`) REFERENCES `身份信息` (`身份证号`),
  CONSTRAINT `导游员工_ibfk_2` FOREIGN KEY (`分公司_id`) REFERENCES `旅游分公司` (`id`)
) ENGINE=InnoDB AUTO_INCREMENT=21 DEFAULT CHARSET=utf8mb4 COLLATE=utf8mb4_0900_ai_ci;
/*!40101 SET character_set_client = @saved_cs_client */;

--
-- Dumping data for table `导游员工`
--

LOCK TABLES `导游员工` WRITE;
/*!40000 ALTER TABLE `导游员工` DISABLE KEYS */;
INSERT INTO `导游员工` VALUES (1,'1035555550','3',12589,1,1),(2,'1036217391','4',17888,1,1),(3,'1038853989','3',15785,2,2),(4,'1039800029','3',13242,2,2),(5,'1040254104','5',24255,3,3),(6,'1041450877','5',25688,3,3),(7,'1041736492','4',19898,4,4),(9,'1043694265','3',12144,4,4),(10,'1045084079','4',17872,5,5),(11,'1046303673','3',12345,5,5),(12,'1046925037','5',24345,6,6),(13,'1048125202','5',25454,6,6),(14,'1049225981','3',14232,7,7),(15,'1051317239','5',24354,7,7),(16,'1054413360','3',11122,8,8),(17,'1058707520','3',10232,8,8),(18,'1062174013','4',18858,9,9),(19,'1063782783','5',23222,9,9),(20,'1066392595','3',10214,10,10);
/*!40000 ALTER TABLE `导游员工` ENABLE KEYS */;
UNLOCK TABLES;

--
-- Table structure for table `总公司`
--

DROP TABLE IF EXISTS `总公司`;
/*!40101 SET @saved_cs_client     = @@character_set_client */;
/*!50503 SET character_set_client = utf8mb4 */;
CREATE TABLE `总公司` (
  `id` int NOT NULL AUTO_INCREMENT,
  `总公司名` varchar(255) NOT NULL,
  PRIMARY KEY (`id`)
) ENGINE=InnoDB AUTO_INCREMENT=2 DEFAULT CHARSET=utf8mb4 COLLATE=utf8mb4_0900_ai_ci;
/*!40101 SET character_set_client = @saved_cs_client */;

--
-- Dumping data for table `总公司`
--

LOCK TABLES `总公司` WRITE;
/*!40000 ALTER TABLE `总公司` DISABLE KEYS */;
INSERT INTO `总公司` VALUES (1,'ABC Travel Company');
/*!40000 ALTER TABLE `总公司` ENABLE KEYS */;
UNLOCK TABLES;

--
-- Table structure for table `旅游信息`
--

DROP TABLE IF EXISTS `旅游信息`;
/*!40101 SET @saved_cs_client     = @@character_set_client */;
/*!50503 SET character_set_client = utf8mb4 */;
CREATE TABLE `旅游信息` (
  `id` int NOT NULL AUTO_INCREMENT,
  `旅游时间` varchar(255) NOT NULL,
  `旅游费用` float NOT NULL,
  `保险` varchar(255) NOT NULL,
  `服务等级` varchar(255) NOT NULL,
  `旅游合同` blob,
  `旅游团_id` int NOT NULL,
  `顾客_身份证号` varchar(255) NOT NULL,
  `旅游线路_id` int NOT NULL,
  PRIMARY KEY (`id`),
  KEY `旅游团_id` (`旅游团_id`),
  KEY `顾客_身份证号` (`顾客_身份证号`),
  KEY `旅游线路_id` (`旅游线路_id`),
  CONSTRAINT `旅游信息_ibfk_1` FOREIGN KEY (`旅游团_id`) REFERENCES `旅游团` (`id`),
  CONSTRAINT `旅游信息_ibfk_2` FOREIGN KEY (`顾客_身份证号`) REFERENCES `顾客` (`身份证号`),
  CONSTRAINT `旅游信息_ibfk_3` FOREIGN KEY (`旅游线路_id`) REFERENCES `旅游线路` (`id`)
) ENGINE=InnoDB AUTO_INCREMENT=1001 DEFAULT CHARSET=utf8mb4 COLLATE=utf8mb4_0900_ai_ci;
/*!40101 SET character_set_client = @saved_cs_client */;

--
-- Dumping data for table `旅游信息`
--

LOCK TABLES `旅游信息` WRITE;
/*!40000 ALTER TABLE `旅游信息` DISABLE KEYS */;
INSERT INTO `旅游信息` VALUES (1,'July',5165.95,'3','5',NULL,10,'2235904159',7),(2,'March',3591.39,'3','4',NULL,4,'2808624354',9),(3,'January',8161.64,'5','4',NULL,3,'1869425884',6),(4,'March',9098.23,'3','4',NULL,8,'1470870199',2),(5,'February',5528.74,'1','3',NULL,5,'2890983142',2),(6,'October',8317.02,'4','5',NULL,5,'2211524785',5),(7,'June',3485.07,'4','3',NULL,8,'2078552463',2),(8,'March',5929.41,'1','3',NULL,10,'2602129398',8),(9,'August',7331.03,'1','3',NULL,5,'1085665393',4),(10,'July',7436.14,'2','5',NULL,7,'2563836399',5),(11,'October',8594.56,'5','4',NULL,6,'2984946486',9),(12,'May',7105.17,'5','4',NULL,3,'1650427775',7),(13,'October',9538.61,'3','4',NULL,8,'2037718090',4),(14,'March',6033.67,'4','4',NULL,4,'1799324914',5),(15,'April',5540.65,'5','4',NULL,4,'1613553178',9),(16,'February',3153.8,'3','4',NULL,10,'1035555550',5),(17,'August',8319.05,'3','4',NULL,3,'2111004059',3),(18,'August',7376.31,'3','4',NULL,1,'1602151684',9),(19,'July',9202.78,'1','4',NULL,2,'1695595395',8),(20,'March',7194.24,'3','4',NULL,8,'1711690280',2),(21,'January',5835.63,'4','4',NULL,5,'1945825956',3),(22,'September',5377.43,'2','4',NULL,4,'2672359863',7),(23,'October',8837.9,'4','3',NULL,6,'2760519256',10),(24,'April',6397.52,'3','3',NULL,7,'2327607446',4),(25,'April',4884.54,'2','5',NULL,4,'3036196039',2),(26,'April',9572.01,'5','3',NULL,4,'1299183877',4),(27,'March',6932.8,'1','4',NULL,4,'2319957004',6),(28,'March',8414.23,'4','4',NULL,6,'1772718967',6),(29,'March',5830.67,'3','3',NULL,3,'1299383328',4),(30,'June',8342.2,'3','3',NULL,5,'1179019698',8),(31,'August',6050.83,'5','3',NULL,5,'2298122553',5),(32,'April',9368.5,'1','3',NULL,8,'2439885932',6),(33,'October',3891.45,'1','4',NULL,7,'2769531204',3),(34,'March',4805.24,'2','4',NULL,4,'2170717132',10),(35,'March',5040.08,'5','3',NULL,7,'1695935705',4),(36,'September',7712.46,'4','4',NULL,8,'1449742965',7),(37,'July',6403.41,'4','5',NULL,4,'1207893154',8),(38,'April',4811.13,'3','5',NULL,3,'2876439419',8),(39,'March',9729.45,'4','3',NULL,2,'1074933336',7),(40,'April',5110.68,'3','4',NULL,6,'1739288221',8),(41,'February',4622.73,'2','5',NULL,7,'2212317069',4),(42,'May',9559.13,'2','5',NULL,8,'1542379799',3),(43,'January',3468.98,'3','5',NULL,2,'2015526339',10),(44,'June',3761.3,'4','4',NULL,10,'2617824439',6),(45,'March',5430.94,'5','4',NULL,1,'2542799250',4),(46,'April',7654.3,'4','5',NULL,5,'1572415630',9),(47,'March',8408.17,'3','5',NULL,7,'2760519256',6),(48,'September',7951.34,'4','4',NULL,9,'3089915047',3),(49,'January',8661.98,'4','5',NULL,8,'1253183280',3),(50,'October',5750.32,'4','4',NULL,10,'2130269549',9),(51,'March',9254.26,'5','4',NULL,2,'1453082921',6),(52,'February',8420.29,'3','3',NULL,3,'2613637286',8),(53,'February',9342.3,'4','4',NULL,8,'2015526339',5),(54,'September',4185.39,'2','5',NULL,9,'2068575247',9),(55,'August',5861.39,'4','5',NULL,5,'2177101478',5),(56,'May',6959.31,'3','5',NULL,3,'2211949624',5),(57,'June',8763.08,'5','5',NULL,2,'2003372061',3),(58,'January',6843.58,'3','5',NULL,7,'2744778863',4),(59,'March',7916.33,'4','3',NULL,7,'2095575373',5),(60,'July',4983.72,'5','5',NULL,3,'3129374615',7),(61,'April',9969.82,'2','5',NULL,9,'1748333109',3),(62,'July',7019.6,'3','4',NULL,4,'2983337533',8),(63,'March',8136.21,'4','5',NULL,1,'3118793059',9),(64,'March',3055.98,'5','4',NULL,6,'2492646876',1),(65,'October',9935.71,'4','4',NULL,7,'1810981996',10),(66,'May',8437.56,'5','5',NULL,4,'2483250944',8),(67,'January',3956.85,'4','4',NULL,2,'2279551667',10),(68,'March',5112.19,'4','3',NULL,3,'2573145170',5),(69,'May',7832.06,'2','4',NULL,2,'2380230681',6),(70,'September',6438.25,'3','3',NULL,4,'1405974098',4),(71,'May',4967.15,'1','4',NULL,5,'1748333109',7),(72,'August',5776.44,'2','5',NULL,8,'2132288368',2),(73,'June',6642.57,'1','3',NULL,5,'1706470632',10),(74,'April',6447.96,'2','5',NULL,6,'2186139973',6),(75,'January',5844.05,'2','4',NULL,3,'2439885932',2),(76,'February',5083.38,'3','4',NULL,8,'2753305298',3),(77,'February',8024.5,'4','4',NULL,4,'3002393598',7),(78,'August',5886.05,'3','4',NULL,7,'2131461895',6),(79,'January',9259.18,'2','4',NULL,9,'1657422775',4),(80,'June',6670.04,'4','5',NULL,5,'1828420942',5),(81,'May',8699.49,'3','4',NULL,2,'2872596719',6),(82,'May',5044.28,'1','4',NULL,6,'1528629764',4),(83,'April',9630.05,'3','3',NULL,6,'2435960942',3),(84,'October',4847.38,'5','4',NULL,7,'2779898237',9),(85,'January',5079.12,'3','4',NULL,9,'2588633093',1),(86,'May',5506.62,'4','4',NULL,1,'2955834599',3),(87,'February',6732.93,'3','5',NULL,6,'1348565977',10),(88,'May',9480.41,'2','4',NULL,8,'2344595336',9),(89,'October',6640.68,'2','3',NULL,7,'1235486039',8),(90,'April',3342.88,'2','5',NULL,3,'3130137749',1),(91,'May',5775.01,'4','3',NULL,3,'1863683888',4),(92,'October',7100.97,'4','4',NULL,9,'2380385482',8),(93,'March',4082.98,'5','4',NULL,6,'2588170538',7),(94,'April',6889.32,'4','5',NULL,2,'2501416165',2),(95,'March',3868.49,'3','5',NULL,6,'1869425884',1),(96,'August',6769.15,'4','5',NULL,6,'2470879117',7),(97,'September',5494.57,'4','4',NULL,5,'2957746668',5),(98,'January',9854.1,'3','5',NULL,4,'1805220441',3),(99,'April',6249.84,'4','5',NULL,6,'1669722854',8),(100,'March',5808.95,'4','5',NULL,4,'1254990179',9),(101,'August',5558.42,'3','5',NULL,6,'1444198228',6),(102,'September',6077.8,'4','5',NULL,1,'2914061870',9),(103,'January',4305.7,'5','5',NULL,6,'1138237033',3),(104,'January',3798.34,'4','3',NULL,4,'2731256401',2),(105,'June',8853.68,'4','5',NULL,2,'1857410820',3),(106,'March',3315.04,'5','4',NULL,6,'1777863626',7),(107,'May',4036.59,'2','4',NULL,7,'2988711805',3),(108,'February',4794.06,'4','5',NULL,3,'1495643735',2),(109,'April',9825.03,'3','5',NULL,1,'2983337533',5),(110,'May',9867.94,'2','4',NULL,9,'2691967593',10),(111,'April',9217.5,'4','4',NULL,3,'2701062420',4),(112,'October',9647.9,'3','3',NULL,2,'2378989398',7),(113,'January',8621.32,'2','3',NULL,3,'1576351044',1),(114,'September',5879.06,'4','3',NULL,7,'1189765576',2),(115,'May',9561.26,'4','5',NULL,7,'2296360531',4),(116,'February',6369.17,'1','3',NULL,10,'1470870199',2),(117,'May',8570.44,'1','5',NULL,9,'2288705682',4),(118,'July',6585.88,'3','3',NULL,6,'1583412294',6),(119,'September',9101.68,'3','4',NULL,7,'1049225981',6),(120,'September',9011.08,'3','4',NULL,5,'1703819610',9),(121,'April',8418.04,'2','3',NULL,4,'2893081288',2),(122,'September',7499.29,'5','3',NULL,3,'2658014152',10),(123,'October',3582.23,'3','3',NULL,5,'3058792325',8),(124,'May',6067.05,'5','4',NULL,6,'1039800029',2),(125,'October',3471.28,'2','5',NULL,1,'2070283788',6),(126,'March',9951.88,'2','4',NULL,3,'2405600529',6),(127,'March',5582.99,'1','4',NULL,6,'2237574702',2),(128,'March',9131.2,'4','4',NULL,6,'2744466873',2),(129,'January',3305.92,'1','4',NULL,10,'2146535345',4),(130,'October',7167.73,'3','5',NULL,8,'1813245202',5),(131,'June',3503.33,'5','4',NULL,7,'2910335954',5),(132,'October',3890.1,'4','5',NULL,2,'1510692686',2),(133,'July',6420.28,'1','4',NULL,10,'1405974098',2),(134,'August',6229.66,'3','5',NULL,6,'3107425624',8),(135,'July',6621.8,'3','4',NULL,3,'2889052132',3),(136,'June',6552.03,'1','5',NULL,2,'1987473551',2),(137,'October',8164.65,'2','3',NULL,6,'1193001222',2),(138,'June',4889.21,'2','5',NULL,3,'2991981430',1),(139,'June',6932.22,'3','4',NULL,2,'2485139331',8),(140,'April',9753.1,'3','4',NULL,9,'2560776014',5),(141,'April',8070.93,'3','4',NULL,4,'2602743212',3),(142,'February',9255.41,'1','5',NULL,1,'1915794627',6),(143,'March',7719.35,'3','4',NULL,5,'1470870199',7),(144,'April',4588.33,'2','5',NULL,4,'1376937463',2),(145,'February',9884.21,'5','4',NULL,2,'1702257732',8),(146,'August',6021.54,'2','3',NULL,3,'2605038465',3),(147,'March',8716.23,'1','3',NULL,4,'2364201335',4),(148,'June',9077.08,'3','3',NULL,4,'2888976928',9),(149,'May',4386.07,'4','4',NULL,7,'1837204475',4),(150,'July',5881.76,'2','4',NULL,3,'2044269317',7),(151,'August',4458.39,'3','4',NULL,4,'3056777928',3),(152,'October',7498.41,'4','4',NULL,2,'3058792325',9),(153,'June',7927.95,'4','5',NULL,5,'1083940560',5),(154,'May',9976.62,'2','5',NULL,7,'2762154633',6),(155,'August',6393.81,'1','4',NULL,6,'2861148229',4),(156,'April',4262.28,'4','3',NULL,8,'2776102204',8),(157,'October',8615.9,'2','4',NULL,8,'3077616843',5),(158,'January',3614.72,'5','4',NULL,3,'1406104264',8),(159,'September',7675.79,'3','5',NULL,1,'2317028417',1),(160,'June',6995.28,'4','4',NULL,5,'1308602472',6),(161,'April',3914.23,'2','3',NULL,2,'1805220441',3),(162,'January',5674.92,'3','5',NULL,3,'1049225981',1),(163,'April',8128.33,'4','3',NULL,5,'2665053289',4),(164,'June',8594.18,'2','4',NULL,6,'2183691141',2),(165,'March',5031.91,'2','4',NULL,9,'2086214333',5),(166,'February',6809.29,'3','5',NULL,6,'2211949624',6),(167,'June',4816.03,'3','4',NULL,9,'2538727121',4),(168,'July',7823.44,'4','4',NULL,9,'2198068646',9),(169,'October',8421.62,'5','4',NULL,6,'2538727121',2),(170,'June',7738.97,'2','3',NULL,9,'2629388479',6),(171,'February',5161.61,'1','4',NULL,6,'2247641109',9),(172,'January',4885.48,'3','5',NULL,8,'1790070732',10),(173,'March',7719.22,'1','4',NULL,3,'1449742965',4),(174,'August',3381.27,'2','3',NULL,2,'2439285648',5),(175,'September',8505.1,'3','3',NULL,2,'1514582016',3),(176,'October',5215.27,'4','5',NULL,5,'2535160397',9),(177,'August',3775.33,'4','5',NULL,7,'1718504956',7),(178,'March',9908.3,'3','4',NULL,6,'2642077827',5),(179,'June',9363.24,'3','3',NULL,7,'1632849886',7),(180,'May',5046.27,'4','5',NULL,9,'1670856934',2),(181,'May',8578.01,'4','4',NULL,8,'2277704036',4),(182,'January',6578.98,'4','3',NULL,5,'2078970944',9),(183,'June',9124.43,'5','5',NULL,6,'2684230697',6),(184,'March',4501.88,'1','4',NULL,3,'2380385482',3),(185,'September',8892.92,'1','5',NULL,6,'1259040497',9),(186,'January',3874.53,'4','4',NULL,10,'2300497811',2),(187,'September',9849.24,'5','4',NULL,7,'2166828358',6),(188,'May',4726.39,'4','4',NULL,2,'2399184017',4),(189,'October',5487.68,'4','3',NULL,2,'1696842947',9),(190,'September',8245.17,'3','4',NULL,6,'1388412082',7),(191,'July',4940.31,'2','5',NULL,4,'2233138124',7),(192,'April',6683.85,'1','4',NULL,3,'1556042379',5),(193,'August',9636.98,'5','4',NULL,6,'1955679779',3),(194,'January',4839.26,'2','4',NULL,6,'1453082921',7),(195,'May',4790.45,'4','4',NULL,2,'2880018847',8),(196,'September',6261.49,'5','4',NULL,1,'2749555846',1),(197,'June',4486.24,'2','3',NULL,4,'1795444052',2),(198,'March',3092.64,'5','5',NULL,7,'2158488222',6),(199,'February',8703.75,'3','4',NULL,3,'1590485167',6),(200,'February',3706.04,'3','5',NULL,9,'1439514663',2),(201,'August',7828.58,'5','4',NULL,7,'2629388479',3),(202,'March',6034.52,'5','4',NULL,9,'2368628072',10),(203,'April',8147.74,'3','4',NULL,9,'2611191370',2),(204,'July',8803,'5','4',NULL,7,'2577516948',3),(205,'May',5045.4,'5','4',NULL,9,'2038049914',2),(206,'July',5868.79,'3','3',NULL,8,'2204663433',2),(207,'July',7007.48,'4','4',NULL,9,'2451678252',5),(208,'August',6885.46,'1','4',NULL,3,'2056215686',9),(209,'October',3344.17,'2','5',NULL,9,'2265814169',4),(210,'July',3935.81,'2','3',NULL,8,'2510899517',10),(211,'March',9880.55,'2','4',NULL,4,'2314622201',9),(212,'July',4397.91,'3','4',NULL,7,'1256916668',3),(213,'April',6124.78,'4','4',NULL,3,'2366288929',5),(214,'January',4866.27,'4','5',NULL,9,'1564898725',4),(215,'April',5295.99,'3','3',NULL,4,'1414392160',9),(216,'October',5087.11,'4','4',NULL,5,'2271134889',10),(217,'March',8821.9,'4','4',NULL,1,'2135601809',7),(218,'April',9499.67,'2','4',NULL,10,'1003773759',8),(219,'April',6095.1,'3','5',NULL,8,'1792008352',5),(220,'August',9825.19,'1','5',NULL,1,'2569210424',8),(221,'October',8880.98,'3','4',NULL,9,'1277039596',9),(222,'October',3024.37,'2','4',NULL,3,'2623413588',1),(223,'May',7904.67,'3','4',NULL,6,'2066298573',6),(224,'April',5813.12,'2','4',NULL,2,'3131573697',9),(225,'February',8249.27,'3','4',NULL,8,'1702257732',7),(226,'April',8174.45,'2','4',NULL,9,'1402297067',9),(227,'April',6953.25,'2','3',NULL,2,'2488796213',3),(228,'March',6380.44,'4','5',NULL,6,'1917916310',6),(229,'June',9444.61,'3','4',NULL,3,'1806272161',7),(230,'April',9688.74,'4','3',NULL,9,'1557704652',5),(231,'April',6031.1,'4','4',NULL,6,'2033403989',8),(232,'September',5370.63,'1','4',NULL,2,'1719846108',7),(233,'March',4531.81,'3','4',NULL,7,'1406619081',7),(234,'May',6987.6,'4','3',NULL,4,'2189803051',8),(235,'September',4683.85,'3','3',NULL,5,'3026284666',4),(236,'January',9656.74,'3','5',NULL,7,'1975434532',9),(237,'April',6124.43,'4','5',NULL,2,'2999711233',8),(238,'August',3724.53,'3','5',NULL,8,'1304268707',2),(239,'January',6283.75,'4','4',NULL,10,'2699914781',6),(240,'April',8340.33,'4','4',NULL,4,'1739288221',8),(241,'May',8318.41,'4','5',NULL,7,'1270891160',9),(242,'January',9359.28,'2','4',NULL,2,'1193204715',7),(243,'April',5933.02,'4','3',NULL,1,'1808461265',5),(244,'October',6425.85,'2','5',NULL,8,'1976998625',3),(245,'October',4150.47,'1','3',NULL,7,'2567283361',9),(246,'September',7746.64,'3','4',NULL,6,'1260573608',10),(247,'July',3411.75,'3','4',NULL,7,'1192704074',4),(248,'September',6306.81,'2','4',NULL,7,'1143663690',3),(249,'September',9267.26,'3','5',NULL,5,'1714912159',8),(250,'April',3609.45,'3','5',NULL,7,'2974529466',5),(251,'March',3575.05,'3','4',NULL,10,'2461119798',8),(252,'May',7157.29,'4','5',NULL,5,'2116462371',5),(253,'October',4009.1,'4','4',NULL,4,'2883180651',6),(254,'January',4298,'4','3',NULL,7,'2319227649',5),(255,'February',4737.39,'2','4',NULL,4,'2876439419',8),(256,'October',7115.74,'3','4',NULL,7,'1348565977',10),(257,'May',3870.08,'4','4',NULL,7,'1361017863',7),(258,'January',5146.3,'2','4',NULL,5,'1040254104',6),(259,'July',8577.8,'1','5',NULL,7,'2809123215',4),(260,'October',6908.41,'2','4',NULL,5,'3012492005',2),(261,'January',5170.17,'1','4',NULL,4,'1264859969',3),(262,'September',8583.58,'2','4',NULL,6,'2762154633',6),(263,'June',7075.13,'4','4',NULL,6,'1384763284',7),(264,'February',4640.47,'2','5',NULL,4,'1507222866',3),(265,'October',3148.79,'3','4',NULL,10,'2012242527',9),(266,'July',4065.88,'4','5',NULL,2,'2142840952',4),(267,'October',8260.64,'1','4',NULL,8,'2876222879',3),(268,'March',6157.53,'2','5',NULL,6,'2228303112',8),(269,'August',7547.85,'2','4',NULL,8,'2132288368',7),(270,'April',4378.74,'1','3',NULL,3,'1879415632',5),(271,'April',3886.48,'4','5',NULL,6,'2830226210',8),(272,'February',9437.96,'2','3',NULL,8,'2365837862',3),(273,'October',9240.79,'4','4',NULL,10,'1669722854',6),(274,'January',9289.27,'4','4',NULL,9,'2288052727',2),(275,'October',6234.54,'3','5',NULL,3,'2052617671',6),(276,'April',5867.03,'4','5',NULL,2,'2332480303',4),(277,'July',3228.25,'3','5',NULL,3,'2742610178',8),(278,'July',9722.87,'4','4',NULL,3,'2099250641',8),(279,'May',7676.17,'2','5',NULL,9,'2077814195',1),(280,'August',6814.26,'2','5',NULL,2,'2019503777',2),(281,'May',5999.7,'3','5',NULL,9,'2740015658',3),(282,'March',4305.69,'1','4',NULL,8,'1046303673',4),(283,'September',8260.7,'4','5',NULL,3,'1561441207',6),(284,'February',5043.64,'5','4',NULL,9,'2809123215',5),(285,'May',9270.53,'4','4',NULL,2,'1290513124',8),(286,'October',4432.9,'3','3',NULL,9,'1657422775',9),(287,'March',6622.4,'2','5',NULL,2,'1706470632',4),(288,'August',3526.03,'2','3',NULL,8,'2089724226',9),(289,'April',7234.71,'3','4',NULL,5,'2154729466',1),(290,'April',7992.91,'5','5',NULL,4,'2191383476',8),(291,'February',7882.27,'1','4',NULL,8,'2096665934',7),(292,'January',6374.57,'4','4',NULL,10,'1978065718',2),(293,'August',5073.58,'5','4',NULL,6,'2739328882',5),(294,'September',5613.75,'3','5',NULL,5,'1058707520',8),(295,'April',8966.99,'2','3',NULL,10,'3056777928',10),(296,'August',4588.61,'4','4',NULL,8,'2945705985',6),(297,'August',9159.61,'3','3',NULL,4,'2228303112',8),(298,'May',3200.35,'2','5',NULL,10,'2612424768',4),(299,'October',8724.07,'4','4',NULL,5,'3113915504',2),(300,'March',3149.93,'3','5',NULL,8,'1482774905',6),(301,'July',7782.59,'3','4',NULL,10,'1597127676',5),(302,'May',4639.69,'4','5',NULL,9,'2019061357',10),(303,'March',3859.91,'2','4',NULL,9,'2553549832',5),(304,'May',8217.91,'4','5',NULL,6,'2839663443',1),(305,'April',7607.52,'1','3',NULL,1,'2757731090',7),(306,'June',3884.99,'5','4',NULL,10,'1270891160',2),(307,'January',5335.17,'3','3',NULL,2,'1190307431',10),(308,'September',9596.43,'4','4',NULL,4,'2988711805',2),(309,'March',5768.87,'5','4',NULL,5,'1685146550',10),(310,'March',9733.46,'3','4',NULL,3,'3019749003',2),(311,'October',9495.78,'4','4',NULL,10,'1602151684',10),(312,'October',8378.25,'4','3',NULL,9,'2498739965',7),(313,'September',6668.41,'5','3',NULL,9,'2888976928',2),(314,'April',4218.5,'1','5',NULL,6,'2288052727',7),(315,'April',6460.12,'1','4',NULL,2,'1406619081',4),(316,'May',5820.58,'5','4',NULL,3,'1005750065',5),(317,'July',5384.41,'3','3',NULL,1,'1883722865',10),(318,'March',6400.42,'4','5',NULL,4,'2137468353',9),(319,'March',6963.14,'4','5',NULL,4,'1927981791',5),(320,'August',8046.37,'3','3',NULL,10,'1718765004',4),(321,'August',5521.82,'2','3',NULL,5,'2386743179',6),(322,'May',8856.43,'3','5',NULL,2,'2796767013',9),(323,'June',9580.34,'4','5',NULL,4,'2205355460',3),(324,'July',8967.26,'5','4',NULL,1,'2036909096',8),(325,'April',5906.9,'2','3',NULL,7,'2522268494',10),(326,'February',8888.21,'4','4',NULL,4,'3141974858',6),(327,'April',8791.93,'4','4',NULL,5,'1588369355',3),(328,'January',4237.83,'4','5',NULL,2,'3144017318',8),(329,'February',5646.69,'3','3',NULL,8,'2183691141',8),(330,'June',3319.96,'4','4',NULL,4,'1978065718',1),(331,'March',7020.39,'1','3',NULL,9,'1480388585',3),(332,'January',4197.42,'2','5',NULL,10,'1902924423',5),(333,'September',9025.04,'2','4',NULL,8,'2198907505',8),(334,'April',8842.54,'4','3',NULL,2,'2087808542',10),(335,'October',5406.68,'3','4',NULL,6,'1709154465',2),(336,'March',4762.4,'3','3',NULL,2,'1713496232',1),(337,'February',7660.43,'4','4',NULL,6,'3053182402',4),(338,'July',6400.69,'4','4',NULL,6,'1883722865',5),(339,'September',6047.45,'3','5',NULL,4,'1062174013',3),(340,'May',8661.14,'2','4',NULL,8,'1728180299',7),(341,'September',8940.52,'2','5',NULL,7,'1845461740',4),(342,'October',8723.88,'3','4',NULL,6,'2754199982',6),(343,'February',4354.89,'1','5',NULL,10,'1945825956',7),(344,'May',3539.17,'4','3',NULL,3,'3053182402',3),(345,'April',5295.03,'4','4',NULL,2,'1076606551',8),(346,'January',9828.21,'2','5',NULL,3,'1542379799',7),(347,'July',7874.9,'4','5',NULL,3,'3025752432',5),(348,'March',9823.52,'4','3',NULL,2,'1748716646',6),(349,'April',3999.71,'2','4',NULL,2,'1842032700',1),(350,'August',9421.99,'5','3',NULL,2,'2706075341',2),(351,'August',3574.67,'2','5',NULL,4,'2992193903',8),(352,'June',9622.43,'4','5',NULL,5,'2560776014',6),(353,'May',8859.61,'4','4',NULL,9,'2891721391',8),(354,'August',8098.59,'4','5',NULL,6,'2173355452',5),(355,'July',4583.05,'4','3',NULL,6,'2759952834',4),(356,'May',6326.23,'5','5',NULL,2,'2780735158',3),(357,'January',7419.76,'1','5',NULL,9,'1905947317',2),(358,'April',8510.24,'2','3',NULL,6,'2047827335',3),(359,'October',5623.84,'2','3',NULL,3,'2216490444',5),(360,'August',4323.01,'4','4',NULL,7,'2941330349',7),(361,'April',8134.88,'3','4',NULL,5,'1530342258',10),(362,'May',3929.12,'2','5',NULL,3,'1819345226',5),(363,'February',4092.59,'1','4',NULL,4,'2883180651',3),(364,'January',3999.19,'4','5',NULL,7,'2709976668',10),(365,'October',3619.7,'4','5',NULL,7,'2569600841',6),(366,'June',7638.66,'5','4',NULL,8,'1538429700',4),(367,'June',3888.61,'2','3',NULL,2,'3122805763',3),(368,'October',9648.96,'4','4',NULL,7,'1054413360',4),(369,'February',6714.14,'1','4',NULL,7,'1195157245',2),(370,'October',9922.51,'5','4',NULL,4,'1923482380',3),(371,'October',9011.86,'3','4',NULL,1,'2931663150',7),(372,'March',6560.91,'4','3',NULL,4,'1685146550',5),(373,'February',3607.88,'4','4',NULL,1,'3123015069',3),(374,'June',9939.22,'4','3',NULL,4,'1348565977',3),(375,'May',8650.94,'2','4',NULL,4,'2089658218',2),(376,'February',5327.34,'4','4',NULL,7,'2676717960',9),(377,'August',3509.97,'5','4',NULL,8,'2754199982',4),(378,'August',3149.8,'2','4',NULL,8,'2403115803',7),(379,'August',6666.3,'1','5',NULL,4,'1668811412',5),(380,'August',6469.78,'4','5',NULL,8,'2891721391',8),(381,'April',8190.7,'2','3',NULL,6,'2205317019',7),(382,'August',5815.36,'3','5',NULL,4,'1825337046',10),(383,'June',9591.54,'4','5',NULL,2,'2492646876',9),(384,'July',4233.45,'5','5',NULL,2,'1977479956',7),(385,'April',6364.86,'3','4',NULL,10,'1058707520',2),(386,'January',3177.16,'5','3',NULL,4,'1799324914',10),(387,'March',3831.92,'4','5',NULL,4,'3091778989',7),(388,'September',7332.87,'4','4',NULL,4,'2608679950',10),(389,'August',3866.66,'1','4',NULL,8,'2608679950',3),(390,'May',5684.16,'4','5',NULL,3,'1315870491',9),(391,'February',7087.8,'4','3',NULL,9,'2510899517',2),(392,'July',8749.4,'2','4',NULL,6,'2124840584',6),(393,'March',7330.69,'1','5',NULL,4,'2937219120',1),(394,'June',5374.26,'3','4',NULL,9,'1914182413',1),(395,'October',5322.82,'3','5',NULL,6,'3056777928',4),(396,'July',3266.05,'1','3',NULL,3,'3107414589',2),(397,'March',3079,'4','4',NULL,1,'1540215633',7),(398,'June',6375.07,'2','4',NULL,4,'1569249620',1),(399,'July',5100.62,'2','3',NULL,9,'2776640231',5),(400,'September',7271.42,'4','5',NULL,4,'2671992641',7),(401,'September',7584.46,'5','5',NULL,1,'2193242583',4),(402,'July',9373.74,'3','4',NULL,6,'2577075338',3),(403,'April',4551.81,'4','4',NULL,3,'1341643821',1),(404,'January',4937.58,'2','4',NULL,7,'2408588735',8),(405,'May',5094.12,'4','3',NULL,6,'1260573608',6),(406,'October',8973.55,'4','4',NULL,3,'2861148229',5),(407,'January',5492.07,'2','3',NULL,5,'1439514663',5),(408,'October',3190.39,'2','3',NULL,10,'1790070732',3),(409,'May',6093.98,'3','4',NULL,6,'2123318420',2),(410,'March',6788.53,'4','3',NULL,2,'1950761357',8),(411,'March',5031.76,'4','4',NULL,7,'2355513401',1),(412,'May',6738.52,'4','5',NULL,7,'3131628988',2),(413,'September',7587.53,'3','4',NULL,6,'2647175269',10),(414,'January',5023.83,'5','4',NULL,9,'1739288221',8),(415,'February',6203.17,'5','5',NULL,3,'2511063761',6),(416,'April',3494.94,'1','4',NULL,9,'2602743212',3),(417,'February',4208.22,'4','4',NULL,5,'1672683903',7),(418,'July',5205.66,'2','3',NULL,8,'1304268707',10),(419,'July',5087.03,'2','5',NULL,8,'2608174216',8),(420,'October',3837.56,'1','3',NULL,9,'2788028328',6),(421,'July',6712.43,'3','4',NULL,8,'2943239368',10),(422,'January',3791.33,'4','4',NULL,10,'1284026640',7),(423,'April',8250.04,'3','4',NULL,2,'2198907505',5),(424,'February',7126.79,'3','4',NULL,8,'1998991029',6),(425,'January',6492.6,'3','4',NULL,1,'1032208022',6),(426,'September',8277.43,'5','3',NULL,6,'2617824439',3),(427,'April',8702.91,'4','5',NULL,5,'1012477284',6),(428,'August',4906.37,'3','4',NULL,5,'2744778863',6),(429,'June',8328.32,'4','4',NULL,2,'2207032553',4),(430,'January',6052.85,'3','3',NULL,5,'2395307619',9),(431,'April',8795.99,'5','5',NULL,2,'2211524785',9),(432,'July',3203.83,'3','4',NULL,4,'2941330349',8),(433,'June',7684.22,'3','5',NULL,7,'1243116584',3),(434,'September',9804.12,'3','5',NULL,9,'2988711805',2),(435,'April',6099.11,'1','3',NULL,5,'2930088822',10),(436,'August',3103.47,'3','4',NULL,7,'1694945299',5),(437,'August',6981.63,'5','4',NULL,1,'2779898237',9),(438,'October',9257.1,'5','3',NULL,4,'2634721468',9),(439,'August',5701.7,'2','4',NULL,2,'1540215633',8),(440,'June',3194.44,'3','3',NULL,4,'2534571838',6),(441,'October',5106.94,'3','3',NULL,5,'1976998625',3),(442,'June',7482.96,'2','4',NULL,3,'1409106930',3),(443,'July',4560.3,'2','4',NULL,2,'1531064608',2),(444,'February',8996.35,'2','4',NULL,6,'3014359832',4),(445,'June',8829.38,'5','3',NULL,5,'1482774905',7),(446,'June',7517.89,'3','4',NULL,4,'1484381934',7),(447,'April',3097.26,'2','3',NULL,7,'1503247625',4),(448,'February',8440.37,'3','4',NULL,7,'3005453477',5),(449,'February',6547.43,'1','4',NULL,2,'2399184017',7),(450,'August',3825.21,'4','3',NULL,5,'1750323285',1),(451,'June',3049.26,'2','4',NULL,9,'2529761927',6),(452,'August',9500.04,'3','4',NULL,9,'2094927988',4),(453,'February',9941.78,'4','4',NULL,8,'2047470042',8),(454,'May',9795.61,'1','5',NULL,8,'1670856934',8),(455,'August',9862.52,'3','4',NULL,6,'2532632910',7),(456,'September',9167.35,'4','5',NULL,3,'3069281486',7),(457,'September',7632.7,'4','4',NULL,7,'3141974858',7),(458,'May',6144.58,'2','5',NULL,5,'2281610801',7),(459,'May',4833.62,'2','4',NULL,2,'2933454676',4),(460,'February',4044.82,'2','4',NULL,3,'2089293565',6),(461,'February',3917.82,'3','4',NULL,8,'1902924423',10),(462,'March',4903.16,'3','5',NULL,5,'1795416040',6),(463,'February',6286.3,'4','4',NULL,6,'3017872765',9),(464,'January',9928.19,'4','5',NULL,3,'2116462371',10),(465,'February',5329.41,'2','4',NULL,6,'2762154633',9),(466,'January',9493.7,'2','4',NULL,7,'1863683888',7),(467,'March',6165.13,'4','4',NULL,2,'1602151684',10),(468,'May',3001.12,'3','5',NULL,2,'2977890846',8),(469,'February',4309.19,'4','4',NULL,3,'2649277461',8),(470,'August',4293.37,'3','5',NULL,5,'1686775310',6),(471,'April',6417.5,'4','4',NULL,4,'1219959288',9),(472,'June',3036.84,'2','4',NULL,3,'2290047132',7),(473,'August',4406.2,'4','4',NULL,10,'1553989244',8),(474,'August',9928.3,'2','4',NULL,9,'1860249553',10),(475,'March',6068.68,'4','3',NULL,10,'1863840842',7),(476,'September',3033.15,'2','4',NULL,1,'1846416074',6),(477,'June',7770.21,'5','5',NULL,6,'2439885932',4),(478,'August',4825.14,'2','5',NULL,4,'1576351044',9),(479,'October',4408.31,'2','4',NULL,6,'1968995671',3),(480,'March',7179.44,'4','3',NULL,8,'1126974710',8),(481,'June',7708.28,'5','5',NULL,2,'2119406002',5),(482,'July',7013.49,'4','5',NULL,5,'1911275421',6),(483,'June',9838.13,'2','5',NULL,2,'1190307431',3),(484,'July',5676.11,'4','5',NULL,9,'1792193564',2),(485,'February',4807.83,'1','3',NULL,7,'1573743480',8),(486,'January',7247.12,'4','5',NULL,3,'1709422804',8),(487,'June',4317.1,'4','4',NULL,3,'1814232820',2),(488,'January',4255.22,'3','4',NULL,6,'1980166080',3),(489,'January',9297.27,'3','5',NULL,5,'1631124318',6),(490,'October',8389.54,'3','5',NULL,8,'2789229870',8),(491,'September',8143.04,'1','4',NULL,3,'2760519256',6),(492,'May',5768.14,'4','4',NULL,3,'1631124318',3),(493,'April',6394.58,'5','4',NULL,4,'1384763284',2),(494,'February',7716.3,'2','5',NULL,2,'3012492005',2),(495,'October',6301.85,'3','4',NULL,7,'2719495895',4),(496,'March',5024.5,'4','3',NULL,5,'2234724305',2),(497,'March',6236.66,'4','4',NULL,8,'2264893003',2),(498,'June',9183.03,'3','3',NULL,4,'2861148229',8),(499,'January',7411.86,'2','4',NULL,5,'3077616843',10),(500,'February',7277.09,'4','4',NULL,6,'2830759521',8),(501,'February',8284.88,'5','5',NULL,7,'1619591103',9),(502,'March',3090.06,'2','4',NULL,7,'1402297067',6),(503,'March',3121.01,'2','4',NULL,8,'2553549832',8),(504,'February',5909.38,'4','4',NULL,8,'1556042379',9),(505,'October',6545.82,'2','4',NULL,5,'3144017318',6),(506,'June',5950.02,'4','4',NULL,2,'1728180299',8),(507,'October',7227.55,'1','5',NULL,8,'1984960943',2),(508,'May',7356.47,'2','3',NULL,3,'1475962726',5),(509,'July',3806.22,'4','5',NULL,9,'3026284666',7),(510,'July',8572.11,'2','4',NULL,5,'2948103291',9),(511,'September',8461.3,'2','5',NULL,6,'2184994901',9),(512,'August',6535.81,'3','5',NULL,3,'2456696629',9),(513,'July',8869.45,'2','4',NULL,1,'2650713895',2),(514,'August',7335.38,'2','5',NULL,7,'2081125420',1),(515,'January',7956.63,'4','3',NULL,7,'2813158123',4),(516,'May',7851.28,'2','3',NULL,6,'2462529988',6),(517,'January',4939.83,'3','3',NULL,4,'1465845741',6),(518,'September',7754.79,'2','5',NULL,6,'1299183877',5),(519,'January',4916.08,'2','3',NULL,6,'1315870491',10),(520,'April',5816.22,'5','5',NULL,2,'2913183337',1),(521,'October',5901.79,'1','4',NULL,4,'1683477299',9),(522,'January',4253.59,'4','5',NULL,3,'1927981791',4),(523,'January',7506.74,'4','4',NULL,7,'1828420942',4),(524,'July',6279.44,'3','5',NULL,8,'2614963345',5),(525,'October',3217.07,'4','5',NULL,7,'2934326258',4),(526,'October',3606.82,'5','4',NULL,6,'2483250944',7),(527,'August',3350.43,'2','4',NULL,7,'1606517966',4),(528,'September',8602.64,'1','5',NULL,7,'2699914781',10),(529,'February',9653.52,'4','3',NULL,5,'2185880310',1),(530,'July',8273.41,'3','3',NULL,6,'1694945299',8),(531,'June',5987.44,'2','4',NULL,3,'2933720926',5),(532,'July',4914.16,'2','3',NULL,6,'1413201659',9),(533,'July',8205.53,'3','4',NULL,7,'2779898237',6),(534,'July',3470.38,'3','4',NULL,4,'1143663690',10),(535,'March',3981.67,'5','4',NULL,3,'1950761357',8),(536,'March',7656.41,'5','3',NULL,7,'2753305298',8),(537,'October',4265.66,'4','4',NULL,5,'2641567138',10),(538,'January',4064.42,'3','5',NULL,5,'2128101402',6),(539,'March',5631.01,'5','5',NULL,3,'1046303673',4),(540,'June',6396.61,'4','5',NULL,9,'1278620553',2),(541,'July',6446.03,'4','4',NULL,3,'2185880310',5),(542,'September',3389.16,'3','5',NULL,7,'2250359577',9),(543,'April',5620.61,'3','4',NULL,9,'1607296817',8),(544,'March',3232.32,'4','4',NULL,8,'1911275421',9),(545,'July',5581.64,'4','4',NULL,4,'2991981430',8),(546,'April',3312.04,'2','3',NULL,6,'2185880310',7),(547,'September',5468.03,'3','4',NULL,7,'3123854395',3),(548,'June',7476.22,'4','4',NULL,3,'1590485167',5),(549,'August',6000.88,'4','3',NULL,8,'2929270155',3),(550,'June',9022.38,'3','5',NULL,2,'2447109410',9),(551,'February',3791.48,'5','3',NULL,1,'1766078120',7),(552,'January',4965.8,'2','5',NULL,10,'1401740026',4),(553,'February',3024.9,'5','4',NULL,3,'1676834025',8),(554,'May',4449.86,'2','5',NULL,7,'2205317019',8),(555,'February',8050.63,'5','4',NULL,2,'1767046011',9),(556,'August',6215.74,'1','4',NULL,8,'1787657440',9),(557,'July',6783.5,'4','4',NULL,2,'2086214333',4),(558,'June',5410.86,'1','4',NULL,5,'1046925037',6),(559,'May',4030.21,'4','4',NULL,6,'1900324294',9),(560,'June',6391.87,'3','4',NULL,3,'1505656088',4),(561,'May',9878.5,'5','3',NULL,7,'1863683888',2),(562,'January',7746.47,'4','4',NULL,8,'2381573051',10),(563,'March',7889.29,'3','4',NULL,5,'1661748892',3),(564,'September',8770.25,'3','5',NULL,3,'1998991029',3),(565,'January',7242.8,'3','4',NULL,8,'2608174216',8),(566,'February',9758.84,'2','4',NULL,8,'1696813074',9),(567,'January',3265.19,'2','4',NULL,7,'3001579334',5),(568,'January',7039.25,'5','5',NULL,4,'1738649434',9),(569,'October',6134.33,'1','5',NULL,9,'1564898725',8),(570,'May',5405.26,'2','3',NULL,5,'3091778989',4),(571,'July',9733.34,'3','3',NULL,9,'2047827335',5),(572,'August',9640.34,'3','5',NULL,6,'2408588735',2),(573,'April',9218.54,'2','5',NULL,4,'1766133742',9),(574,'August',8245.6,'3','4',NULL,6,'3118369023',5),(575,'July',4901.74,'2','4',NULL,6,'2318389240',6),(576,'June',3694.17,'4','3',NULL,8,'1911275421',5),(577,'May',6850.45,'5','3',NULL,5,'1884405325',6),(578,'February',8307.6,'2','4',NULL,9,'1188638120',2),(579,'July',3931.23,'5','4',NULL,3,'1626564697',2),(580,'May',7598.28,'4','4',NULL,5,'2052418777',9),(581,'January',4657.88,'2','5',NULL,6,'2614963345',4),(582,'July',9676.73,'4','4',NULL,5,'2099250641',8),(583,'February',6729.01,'3','4',NULL,8,'1572632406',6),(584,'April',3424.16,'4','4',NULL,5,'2089293565',6),(585,'April',9534.41,'4','5',NULL,5,'2131461895',3),(586,'June',8039.5,'2','4',NULL,2,'2213358752',7),(587,'February',3424.13,'3','3',NULL,2,'1446653457',10),(588,'February',3514.4,'1','4',NULL,2,'1321512501',5),(589,'October',6723.33,'3','5',NULL,1,'3138408817',9),(590,'June',7319.95,'1','3',NULL,8,'2028367204',7),(591,'September',5534.61,'2','4',NULL,5,'2161221803',8),(592,'April',5810.57,'3','3',NULL,9,'1766078120',7),(593,'September',8173.33,'5','4',NULL,8,'2391508122',9),(594,'January',6892.48,'2','4',NULL,4,'2549850897',3),(595,'September',4951.23,'3','4',NULL,9,'2250359577',3),(596,'January',7110.05,'4','3',NULL,6,'2038049914',6),(597,'October',8016.4,'5','4',NULL,6,'1991076697',7),(598,'September',8772.36,'5','4',NULL,3,'1430095344',6),(599,'May',7748.27,'3','4',NULL,5,'1701443157',5),(600,'September',7512.42,'4','5',NULL,5,'2613637286',3),(601,'September',7999.81,'3','5',NULL,6,'2184994901',4),(602,'August',9455.95,'5','5',NULL,9,'1905139210',5),(603,'July',3319.93,'3','4',NULL,6,'1668188044',8),(604,'April',6050.9,'5','5',NULL,6,'1632849886',7),(605,'August',5935.45,'3','4',NULL,3,'1373239634',2),(606,'July',4628.62,'3','5',NULL,3,'2555925315',9),(607,'October',4265.42,'2','4',NULL,4,'2044269317',3),(608,'April',6472.9,'2','3',NULL,1,'1923482380',3),(609,'June',3376.31,'3','4',NULL,9,'2198907505',7),(610,'January',8744.97,'4','3',NULL,7,'1976998625',1),(611,'March',5714.24,'5','4',NULL,4,'2699914781',4),(612,'October',3618.49,'3','5',NULL,4,'2541266726',9),(613,'March',7704.44,'3','4',NULL,8,'2488893973',2),(614,'February',9356.02,'2','3',NULL,2,'1907545968',7),(615,'March',4617.25,'1','5',NULL,5,'2678712661',9),(616,'July',7054.64,'4','5',NULL,9,'2999711233',9),(617,'September',9835.29,'1','5',NULL,1,'2963472402',8),(618,'June',9895.09,'2','4',NULL,4,'1580955927',9),(619,'January',5356.36,'1','4',NULL,8,'1728180299',3),(620,'September',6280.87,'2','5',NULL,8,'2271134889',7),(621,'July',4168.91,'3','4',NULL,3,'1538235101',3),(622,'July',8667.41,'3','3',NULL,9,'1757374750',8),(623,'April',6606.54,'5','4',NULL,6,'2253361078',9),(624,'February',3394.91,'4','4',NULL,7,'2545728959',2),(625,'September',5822.48,'2','5',NULL,8,'2876222879',10),(626,'March',4971.76,'4','4',NULL,5,'2208507975',10),(627,'September',9235.64,'2','4',NULL,5,'2707436795',4),(628,'August',9641.05,'2','3',NULL,1,'1413201659',3),(629,'January',9526.03,'2','4',NULL,9,'2304898615',6),(630,'July',8147.08,'2','4',NULL,10,'2573145170',7),(631,'September',3782.56,'5','3',NULL,10,'1211641454',5),(632,'March',9166.5,'1','4',NULL,5,'2396210169',5),(633,'June',8522.72,'5','4',NULL,3,'3123015069',8),(634,'April',6941.38,'5','5',NULL,7,'1632849886',1),(635,'August',4941.42,'1','4',NULL,6,'2033403989',8),(636,'July',7070.85,'2','3',NULL,9,'2573145170',7),(637,'March',6576.95,'3','4',NULL,4,'2462312772',8),(638,'January',4139.31,'4','5',NULL,8,'1607296817',9),(639,'January',5362.09,'1','3',NULL,8,'1038853989',8),(640,'February',6497.72,'2','5',NULL,3,'1632849886',7),(641,'October',7638.14,'3','5',NULL,3,'1783787283',7),(642,'January',9384.25,'3','4',NULL,6,'1657422775',4),(643,'April',8375.78,'2','4',NULL,6,'2019061357',4),(644,'July',7721.25,'2','3',NULL,7,'3118793059',7),(645,'January',4050.31,'5','4',NULL,8,'1296519340',1),(646,'April',3981.69,'2','4',NULL,9,'2564002970',3),(647,'July',4044.35,'1','3',NULL,3,'1385298149',9),(648,'June',4557.48,'3','5',NULL,5,'1849560885',7),(649,'May',9171.42,'4','5',NULL,10,'1988138262',6),(650,'June',9009.34,'3','4',NULL,8,'1742185274',9),(651,'June',7806.6,'5','4',NULL,8,'1388412082',9),(652,'January',6838.15,'2','5',NULL,9,'1846416074',2),(653,'February',3060.08,'3','3',NULL,6,'2749418689',6),(654,'July',6482.39,'4','4',NULL,5,'2502096648',5),(655,'September',4041.13,'4','4',NULL,3,'2488796213',9),(656,'February',4259.12,'2','5',NULL,6,'1514564197',10),(657,'January',6230.77,'3','4',NULL,2,'1271836641',6),(658,'April',6244.76,'5','4',NULL,9,'1045084079',8),(659,'April',3257.07,'2','4',NULL,1,'2577516948',4),(660,'May',7324.07,'3','4',NULL,4,'2132288368',6),(661,'August',8455.04,'3','3',NULL,2,'1011873347',8),(662,'April',8472.54,'4','5',NULL,10,'1207893154',1),(663,'March',6704.79,'3','5',NULL,8,'2462529988',9),(664,'February',5057.31,'3','3',NULL,3,'2047827335',8),(665,'January',5931.85,'3','5',NULL,2,'1445397933',9),(666,'August',6715.68,'5','4',NULL,9,'2937219120',2),(667,'October',3853.04,'3','4',NULL,10,'2912110417',8),(668,'June',9603.9,'5','5',NULL,6,'2003372061',4),(669,'February',9204.13,'4','4',NULL,3,'1998991029',10),(670,'January',6965.13,'5','4',NULL,5,'1297163136',3),(671,'March',6232.57,'3','4',NULL,2,'1710918293',4),(672,'February',4269.94,'3','4',NULL,4,'2657614480',4),(673,'January',3256.16,'4','4',NULL,7,'2759952834',1),(674,'July',6138.86,'4','4',NULL,3,'2830759521',4),(675,'June',5501.36,'1','4',NULL,6,'1978154873',5),(676,'September',6719.21,'5','3',NULL,10,'1211641454',5),(677,'April',3523.92,'3','5',NULL,1,'2253361078',6),(678,'October',7299.2,'3','4',NULL,7,'3109245068',6),(679,'September',3493.36,'4','5',NULL,3,'2671992641',9),(680,'October',4577.02,'2','3',NULL,2,'1083529400',2),(681,'May',9117.51,'4','4',NULL,9,'1787657440',4),(682,'May',3111.78,'1','3',NULL,1,'3123697891',3),(683,'October',5162.26,'3','3',NULL,8,'1738649434',9),(684,'March',7497,'1','4',NULL,7,'2371831030',3),(685,'April',4196.67,'5','3',NULL,5,'1672152481',10),(686,'January',5985.27,'3','4',NULL,2,'1413201659',10),(687,'March',8085.6,'5','5',NULL,3,'2391508122',1),(688,'August',7199.58,'2','3',NULL,5,'2735865373',5),(689,'January',7057.53,'4','4',NULL,1,'1806272161',5),(690,'August',4588.12,'3','5',NULL,10,'2608679950',8),(691,'January',4961.12,'5','3',NULL,6,'1031358786',4),(692,'June',9031.62,'3','4',NULL,9,'2630493635',9),(693,'February',4766.58,'2','5',NULL,1,'2739328882',2),(694,'January',4760.45,'3','4',NULL,7,'1564898725',9),(695,'March',3597.99,'4','3',NULL,3,'2215434370',9),(696,'August',8016.29,'3','5',NULL,6,'1685146550',8),(697,'January',8838.24,'3','5',NULL,3,'2100512349',5),(698,'March',9306.35,'4','4',NULL,4,'2314622201',10),(699,'August',4152.04,'4','3',NULL,3,'1561988215',5),(700,'September',4324.74,'5','3',NULL,8,'2154729466',2),(701,'June',4541.17,'4','4',NULL,1,'2166828358',10),(702,'March',4249.43,'3','3',NULL,10,'1557704652',3),(703,'July',7510.66,'3','4',NULL,3,'1005772359',2),(704,'October',6456.36,'2','3',NULL,8,'2096665934',9),(705,'April',7052.72,'3','5',NULL,8,'2983337533',1),(706,'August',6039.94,'4','4',NULL,7,'1709422804',9),(707,'February',3280.21,'3','4',NULL,8,'1898793745',4),(708,'July',6813.98,'4','5',NULL,5,'1041736492',9),(709,'May',3358.19,'3','3',NULL,10,'1861872901',1),(710,'August',6522.16,'4','4',NULL,3,'2005853435',9),(711,'May',7442.39,'2','4',NULL,8,'1365106995',5),(712,'September',9623.47,'1','5',NULL,6,'2638222373',3),(713,'January',9199.79,'3','3',NULL,8,'1669722854',7),(714,'April',5236.26,'1','4',NULL,8,'2071113449',4),(715,'May',5124.5,'3','4',NULL,6,'1032407086',5),(716,'January',9382.67,'2','4',NULL,4,'1997403407',3),(717,'May',5499.93,'2','3',NULL,10,'1189765576',1),(718,'February',6165.75,'4','4',NULL,4,'2450986863',6),(719,'July',8050.7,'4','4',NULL,2,'1159515602',8),(720,'April',4306,'4','4',NULL,5,'2617824439',9),(721,'February',6907.05,'1','4',NULL,4,'1748333109',7),(722,'August',5608.14,'5','4',NULL,9,'1701443157',6),(723,'January',3229.4,'2','3',NULL,3,'1667945744',9),(724,'July',7531.53,'2','3',NULL,6,'2630493635',8),(725,'January',7729.95,'2','4',NULL,1,'1975434532',5),(726,'June',5755.8,'1','3',NULL,8,'2146535345',10),(727,'June',6236.48,'4','4',NULL,3,'2483250944',9),(728,'April',6035.2,'2','4',NULL,5,'2111004059',7),(729,'May',7873.38,'3','5',NULL,5,'2240911586',4),(730,'February',7506.33,'3','5',NULL,3,'1488957507',4),(731,'May',4135.59,'3','4',NULL,5,'1439514663',1),(732,'October',9714.3,'5','4',NULL,5,'1988138262',3),(733,'August',3141.63,'4','4',NULL,3,'2261933882',4),(734,'January',6216.33,'4','5',NULL,6,'1278620553',1),(735,'July',7736.68,'1','5',NULL,7,'1557704652',2),(736,'May',9969.27,'4','5',NULL,7,'2381573051',10),(737,'April',3830.72,'4','4',NULL,7,'2568767704',3),(738,'September',5229.12,'5','4',NULL,5,'2233138124',9),(739,'October',6766.32,'4','5',NULL,4,'1959522660',7),(740,'September',5572.49,'2','4',NULL,6,'3051066014',8),(741,'August',8356.48,'4','3',NULL,9,'1332562569',5),(742,'September',5404.45,'3','4',NULL,2,'2487576090',2),(743,'February',5529.72,'1','4',NULL,5,'1423284658',7),(744,'August',4534.61,'3','3',NULL,9,'2780735158',6),(745,'August',8365.41,'2','3',NULL,3,'3012492005',10),(746,'June',8334.51,'2','4',NULL,4,'1263225371',2),(747,'October',5870.07,'2','4',NULL,9,'2830759521',2),(748,'March',3363.46,'1','4',NULL,8,'1321512501',3),(749,'May',6118.24,'4','4',NULL,1,'2204663433',8),(750,'February',6531.76,'4','3',NULL,8,'2047827335',7),(751,'February',8168.81,'3','4',NULL,8,'2947509711',2),(752,'May',7859.04,'1','4',NULL,3,'1650427775',2),(753,'February',3303.01,'3','4',NULL,9,'2071634781',9),(754,'January',4416.67,'4','4',NULL,4,'1031358786',6),(755,'August',5917,'3','4',NULL,8,'1479722733',9),(756,'May',3666.02,'2','4',NULL,9,'2538727121',7),(757,'July',6822.89,'1','5',NULL,6,'1296519340',7),(758,'September',5614.13,'5','4',NULL,9,'1997403407',3),(759,'September',6222.45,'1','5',NULL,2,'2146535345',2),(760,'April',3342.87,'4','4',NULL,2,'1041450877',5),(761,'March',9470.8,'4','5',NULL,2,'2234724305',5),(762,'July',9800.74,'2','3',NULL,7,'2779898237',6),(763,'October',8876.89,'2','5',NULL,4,'2041116339',8),(764,'March',7099.39,'3','4',NULL,1,'2538727121',7),(765,'January',9489.18,'2','5',NULL,4,'1663866841',2),(766,'July',5445.33,'3','5',NULL,4,'1955679779',9),(767,'February',6635.9,'3','5',NULL,3,'1219959288',10),(768,'March',8831.92,'2','4',NULL,2,'1458713248',5),(769,'August',8364.03,'1','3',NULL,1,'2021688427',4),(770,'January',8983.51,'2','4',NULL,1,'2337225032',2),(771,'July',4069.56,'2','4',NULL,8,'2653135058',7),(772,'April',5395.21,'5','4',NULL,2,'2300497811',9),(773,'July',4261.5,'3','4',NULL,9,'1914182413',5),(774,'January',5592.94,'2','4',NULL,9,'1626564697',8),(775,'June',6176.42,'1','4',NULL,10,'1814232820',6),(776,'June',3607.93,'4','5',NULL,8,'2228303112',10),(777,'September',4873.7,'2','5',NULL,8,'1041736492',8),(778,'September',7624.29,'3','4',NULL,5,'1208483182',8),(779,'May',7344.14,'4','4',NULL,1,'2219262961',8),(780,'July',4166.93,'3','4',NULL,9,'3056777928',1),(781,'September',3233.08,'3','4',NULL,2,'2617824439',7),(782,'April',9337.74,'3','3',NULL,4,'1538235101',7),(783,'September',3164.39,'2','4',NULL,7,'2941330349',2),(784,'April',7241.46,'3','3',NULL,9,'2759952834',5),(785,'July',4082.24,'4','3',NULL,3,'1631124318',5),(786,'January',8539.76,'3','4',NULL,3,'2005853435',1),(787,'September',3385.24,'4','4',NULL,9,'2564161487',9),(788,'October',5428.14,'2','4',NULL,8,'3056777928',9),(789,'February',7957.95,'4','5',NULL,2,'2439285648',4),(790,'July',3306.82,'4','4',NULL,9,'2483250944',7),(791,'April',8018.22,'2','5',NULL,9,'2631676509',2),(792,'July',3329.75,'3','4',NULL,2,'1867724189',3),(793,'June',4882.15,'4','5',NULL,8,'2089658218',5),(794,'August',5732.84,'2','4',NULL,9,'2699914781',2),(795,'July',9483.25,'5','5',NULL,10,'2216490444',9),(796,'July',6357.65,'1','4',NULL,8,'2183691141',9),(797,'May',5244.96,'3','3',NULL,6,'3016091476',1),(798,'July',3426.14,'3','3',NULL,2,'1643850362',5),(799,'September',7679.8,'4','4',NULL,7,'1649593152',2),(800,'August',6970.16,'4','3',NULL,7,'3009094017',4),(801,'January',7243.58,'3','4',NULL,5,'2052418777',2),(802,'August',4376.12,'4','5',NULL,8,'2493722562',6),(803,'October',4831.38,'4','5',NULL,4,'2735865373',4),(804,'October',3429.29,'2','4',NULL,9,'2079045374',6),(805,'June',4856.52,'2','4',NULL,6,'1138237033',10),(806,'March',8916.56,'3','4',NULL,5,'2955834599',9),(807,'March',6844.68,'4','5',NULL,8,'1480156570',8),(808,'September',6436.02,'2','3',NULL,5,'2933454676',9),(809,'February',7590.26,'4','5',NULL,3,'1388579143',5),(810,'March',3154.99,'5','5',NULL,9,'1656496854',3),(811,'May',4524.12,'4','5',NULL,5,'2995496451',4),(812,'May',7111.82,'3','4',NULL,2,'1735028908',3),(813,'May',3809.46,'5','4',NULL,4,'1891889574',7),(814,'May',4186.08,'1','4',NULL,7,'1589685313',6),(815,'July',4910.34,'5','3',NULL,6,'2647175269',8),(816,'February',3836.81,'4','5',NULL,5,'1143663690',5),(817,'April',8775.91,'4','3',NULL,4,'2934403127',10),(818,'August',8111.68,'4','4',NULL,2,'2603036363',5),(819,'October',3824.23,'4','4',NULL,10,'1045084079',9),(820,'July',7931.32,'1','4',NULL,5,'1259040497',1),(821,'October',8687.99,'4','4',NULL,7,'2903090526',5),(822,'June',8280.7,'2','4',NULL,8,'2397182750',2),(823,'April',9924.24,'5','4',NULL,8,'1541988354',2),(824,'July',6764.6,'5','3',NULL,1,'2535160397',8),(825,'April',6122.27,'4','3',NULL,9,'2999195657',8),(826,'June',6478.17,'2','5',NULL,10,'1083529400',7),(827,'October',3133.28,'5','4',NULL,6,'1218764373',3),(828,'March',5644.82,'4','5',NULL,9,'1577416464',5),(829,'March',4384.87,'4','5',NULL,5,'2826938596',8),(830,'March',6690.63,'5','4',NULL,2,'2215434370',8),(831,'May',4038.67,'2','4',NULL,9,'3036991558',6),(832,'July',7458.8,'5','3',NULL,7,'1814232820',5),(833,'January',3269.22,'3','4',NULL,2,'2290047132',9),(834,'June',4751.07,'2','5',NULL,2,'1542379799',6),(835,'January',5687.82,'3','3',NULL,4,'1290513124',4),(836,'October',9331.45,'1','3',NULL,7,'2041116339',9),(837,'May',3263.35,'5','5',NULL,2,'3107414589',4),(838,'April',5945.57,'4','4',NULL,3,'2941330349',4),(839,'March',9510.64,'4','3',NULL,2,'2989942298',9),(840,'May',4260.37,'2','3',NULL,7,'1928611833',5),(841,'February',7572.03,'1','5',NULL,6,'1069281062',5),(842,'February',6086.44,'4','3',NULL,1,'1667945744',8),(843,'May',4452.52,'5','4',NULL,6,'1138532389',8),(844,'July',3971.18,'4','4',NULL,2,'3036991558',6),(845,'May',6941.55,'2','4',NULL,8,'2950490589',4),(846,'September',3083.36,'4','4',NULL,4,'2100512349',7),(847,'July',9974.58,'2','5',NULL,7,'2832896985',7),(848,'April',5614.7,'2','4',NULL,4,'2893081288',8),(849,'July',8336.21,'4','3',NULL,9,'2218457767',4),(850,'May',4638.09,'1','3',NULL,8,'2642077827',6),(851,'April',4579.18,'2','4',NULL,4,'1256916668',7),(852,'May',5229.32,'2','4',NULL,3,'1694259031',7),(853,'January',4803.49,'4','3',NULL,7,'1746166032',5),(854,'June',6438.67,'4','4',NULL,8,'1480156570',2),(855,'January',7519.36,'1','4',NULL,8,'1510692686',7),(856,'October',9596.55,'4','4',NULL,7,'1775684725',3),(857,'January',7571.16,'3','4',NULL,7,'2395307619',10),(858,'September',6152.3,'2','3',NULL,3,'2128088242',4),(859,'October',4864.6,'3','4',NULL,2,'2402428731',7),(860,'August',3084.2,'2','4',NULL,6,'2099250641',2),(861,'June',3209.81,'2','4',NULL,6,'2523712405',6),(862,'July',5299.33,'4','3',NULL,5,'1589685313',4),(863,'October',3908.04,'2','3',NULL,8,'2780735158',8),(864,'May',3958.82,'4','4',NULL,5,'2684230697',2),(865,'May',8080.44,'5','5',NULL,1,'2808080940',2),(866,'February',7116.63,'4','3',NULL,9,'2943239368',2),(867,'January',4865.96,'5','3',NULL,4,'1266252378',2),(868,'March',6436.47,'2','4',NULL,10,'1857410820',7),(869,'April',7470.62,'2','4',NULL,9,'1896256687',8),(870,'July',8540.68,'2','3',NULL,2,'1864072449',2),(871,'October',9888.39,'1','4',NULL,9,'1720376932',5),(872,'July',7153.53,'1','3',NULL,5,'1451381148',9),(873,'February',8664.12,'5','4',NULL,6,'2770749175',3),(874,'March',9789.11,'3','4',NULL,4,'2968490206',9),(875,'May',9495.86,'3','4',NULL,7,'1076606551',1),(876,'September',5028.18,'2','5',NULL,4,'1259616469',5),(877,'July',8425.45,'2','4',NULL,5,'1005772359',2),(878,'January',6523.41,'3','5',NULL,4,'1663866841',4),(879,'June',5442.76,'1','4',NULL,3,'2730776200',10),(880,'September',9195.24,'2','3',NULL,8,'1412913755',7),(881,'January',8955.52,'4','4',NULL,3,'2545728959',4),(882,'June',7933.05,'3','4',NULL,5,'2295790202',2),(883,'June',4193.34,'3','3',NULL,10,'2741977850',3),(884,'May',5060.64,'2','4',NULL,6,'1738649434',9),(885,'August',6816.54,'3','4',NULL,5,'1757374750',3),(886,'October',6773.98,'2','4',NULL,4,'1860249553',7),(887,'February',9277.79,'3','4',NULL,2,'1846416074',1),(888,'April',3030.59,'3','5',NULL,1,'1126974710',8),(889,'July',4063.71,'3','4',NULL,8,'1846416074',10),(890,'July',7185.16,'3','3',NULL,2,'2487576090',2),(891,'August',7031.69,'1','4',NULL,9,'2348348914',8),(892,'April',8247.61,'3','3',NULL,5,'1674429015',9),(893,'March',5519.14,'2','5',NULL,6,'1207893154',3),(894,'September',5513.03,'4','4',NULL,6,'2740015658',1),(895,'July',9020.08,'3','5',NULL,9,'2577516948',9),(896,'June',9717.01,'2','5',NULL,8,'2615762444',7),(897,'April',5528.79,'2','5',NULL,8,'2731256401',2),(898,'February',6634.55,'3','4',NULL,5,'1550519839',1),(899,'February',9620.61,'3','3',NULL,1,'1672683903',6),(900,'July',8994.97,'2','4',NULL,4,'1972420767',4),(901,'January',9691.1,'3','4',NULL,5,'2364201335',9),(902,'August',8627.78,'2','4',NULL,2,'1269434019',9),(903,'January',7403.15,'4','5',NULL,3,'1710918293',6),(904,'June',5476.25,'3','4',NULL,7,'1464009640',3),(905,'May',5325.19,'2','5',NULL,4,'1837204475',1),(906,'February',9053.9,'1','4',NULL,7,'2887957957',3),(907,'January',5363.88,'4','4',NULL,1,'1243116584',3),(908,'September',5012.12,'3','4',NULL,3,'2243929882',2),(909,'May',9261.29,'3','5',NULL,6,'2121718348',5),(910,'February',4846.11,'2','4',NULL,7,'2068575247',3),(911,'February',6569.31,'1','3',NULL,7,'1341643821',9),(912,'September',3573.46,'5','5',NULL,8,'2624365846',8),(913,'February',8953.89,'3','4',NULL,7,'2264893003',3),(914,'August',6296.68,'3','4',NULL,6,'2906913031',3),(915,'August',4213.91,'1','4',NULL,9,'1446653457',1),(916,'April',4049.8,'5','3',NULL,5,'3118793059',6),(917,'September',8354.15,'1','3',NULL,3,'1657422775',5),(918,'January',6496.94,'3','3',NULL,6,'1819345226',7),(919,'August',3758.13,'3','3',NULL,6,'2082551390',5),(920,'August',6947.34,'1','5',NULL,7,'1299383328',8),(921,'May',8665.25,'4','4',NULL,4,'1296519340',2),(922,'January',8270,'3','4',NULL,4,'2680596938',9),(923,'September',8629.43,'4','5',NULL,4,'2749418689',2),(924,'March',4142.78,'2','4',NULL,3,'2177101478',6),(925,'January',3715.68,'1','3',NULL,6,'2874605946',2),(926,'June',3685.49,'1','5',NULL,6,'1086352413',2),(927,'September',8894.18,'1','4',NULL,10,'1465845741',8),(928,'February',5058.07,'4','3',NULL,9,'1701443157',4),(929,'March',7911.14,'4','4',NULL,6,'2450986863',1),(930,'August',6298.17,'4','4',NULL,8,'1406619081',10),(931,'January',6908.22,'3','5',NULL,7,'2671731213',5),(932,'February',8525.35,'3','4',NULL,10,'1304268707',5),(933,'April',7096.67,'5','5',NULL,6,'2212317069',2),(934,'January',6920.05,'3','4',NULL,7,'2015526339',3),(935,'July',4412.13,'2','5',NULL,10,'2680596938',4),(936,'July',8452.6,'1','5',NULL,3,'2977890846',4),(937,'February',3566.41,'1','5',NULL,6,'2094927988',8),(938,'August',7882.62,'5','5',NULL,7,'3118369023',9),(939,'September',8998.86,'3','5',NULL,2,'3017872765',7),(940,'May',5155.69,'4','4',NULL,8,'3090754934',4),(941,'July',7394.45,'3','4',NULL,9,'2684230697',7),(942,'February',6139.19,'3','3',NULL,1,'2686357968',2),(943,'May',8038.76,'3','3',NULL,1,'2462529988',8),(944,'July',6288.52,'2','4',NULL,5,'1005750065',8),(945,'June',8016.49,'4','4',NULL,9,'2082551390',6),(946,'February',3165.79,'4','4',NULL,7,'1303095925',8),(947,'August',5624.02,'4','4',NULL,8,'2082551390',8),(948,'April',3181.27,'5','4',NULL,2,'1629550230',6),(949,'June',7861.74,'3','5',NULL,2,'1143663690',9),(950,'January',6682.65,'1','4',NULL,10,'1797717032',3),(951,'August',5546.63,'2','4',NULL,10,'1036217391',5),(952,'October',7636.99,'2','3',NULL,8,'2612424768',4),(953,'January',7652.18,'5','4',NULL,4,'1668811412',4),(954,'April',6403.09,'3','3',NULL,6,'2738596629',2),(955,'February',4553.23,'3','4',NULL,4,'2497088725',4),(956,'July',8662.32,'2','5',NULL,10,'1867724189',3),(957,'September',8972.38,'1','4',NULL,8,'2931159763',8),(958,'May',5145.49,'4','5',NULL,7,'2968490206',7),(959,'July',4654.6,'4','3',NULL,3,'1211641454',8),(960,'September',6763.7,'2','4',NULL,6,'2845675835',4),(961,'August',8115.2,'2','4',NULL,7,'2154729466',1),(962,'August',9130.52,'4','3',NULL,7,'1077172768',1),(963,'June',6330.73,'4','4',NULL,2,'2456696629',10),(964,'June',4897.92,'3','5',NULL,2,'2532632910',2),(965,'July',9556.66,'5','5',NULL,2,'3089915047',6),(966,'March',3828.15,'4','5',NULL,2,'2439285648',9),(967,'October',8533.51,'3','5',NULL,5,'2359776499',2),(968,'August',7654.6,'5','3',NULL,3,'1891046536',9),(969,'September',6820.77,'2','5',NULL,8,'2063030453',2),(970,'June',8598.85,'4','5',NULL,6,'2744466873',6),(971,'September',4872.2,'3','4',NULL,4,'2665053289',7),(972,'October',9835.27,'1','4',NULL,7,'1718765004',4),(973,'June',3810.45,'3','4',NULL,1,'2874605946',6),(974,'September',3037.63,'3','4',NULL,10,'1449742965',6),(975,'February',5480.23,'5','3',NULL,6,'1374109645',3),(976,'June',9782.46,'2','4',NULL,8,'2317028417',3),(977,'July',9217.19,'1','4',NULL,4,'2573145170',9),(978,'July',3324.73,'4','4',NULL,2,'1143663690',3),(979,'May',5289.87,'4','4',NULL,7,'2234724305',7),(980,'May',4771.46,'3','3',NULL,1,'1748716646',1),(981,'May',7906.9,'2','3',NULL,3,'2880018847',6),(982,'February',4188.07,'1','5',NULL,5,'3107414589',6),(983,'June',9479.13,'1','4',NULL,10,'1631124318',3),(984,'February',3843.84,'2','3',NULL,6,'2741732805',7),(985,'April',3146.96,'4','4',NULL,10,'2222536545',8),(986,'September',7011.49,'3','4',NULL,2,'2650713895',9),(987,'October',9210.12,'4','4',NULL,10,'2890983142',4),(988,'October',4629.4,'5','4',NULL,5,'2801562136',6),(989,'June',6763.16,'4','4',NULL,8,'2095575373',5),(990,'June',6800.25,'4','4',NULL,3,'2301685233',7),(991,'January',7611.99,'2','4',NULL,9,'2447109410',8),(992,'August',6436.49,'1','5',NULL,5,'1510692686',5),(993,'October',6802.87,'5','3',NULL,4,'1276966262',3),(994,'October',9031.54,'4','4',NULL,3,'2208507975',6),(995,'January',6733.6,'2','4',NULL,8,'2296360531',3),(996,'March',6216.08,'5','4',NULL,3,'2450986863',3),(997,'March',6172.67,'5','4',NULL,7,'1032208022',5),(998,'February',5754.99,'4','4',NULL,8,'1214503008',7),(999,'September',8741.9,'3','4',NULL,7,'2735865373',8),(1000,'February',5977.97,'3','5',NULL,7,'2089658218',4);
/*!40000 ALTER TABLE `旅游信息` ENABLE KEYS */;
UNLOCK TABLES;

--
-- Table structure for table `旅游分公司`
--

DROP TABLE IF EXISTS `旅游分公司`;
/*!40101 SET @saved_cs_client     = @@character_set_client */;
/*!50503 SET character_set_client = utf8mb4 */;
CREATE TABLE `旅游分公司` (
  `id` int NOT NULL AUTO_INCREMENT,
  `分公司名` varchar(255) NOT NULL,
  `总公司_id` int NOT NULL,
  PRIMARY KEY (`id`),
  KEY `总公司_id` (`总公司_id`),
  CONSTRAINT `旅游分公司_ibfk_1` FOREIGN KEY (`总公司_id`) REFERENCES `总公司` (`id`)
) ENGINE=InnoDB AUTO_INCREMENT=11 DEFAULT CHARSET=utf8mb4 COLLATE=utf8mb4_0900_ai_ci;
/*!40101 SET character_set_client = @saved_cs_client */;

--
-- Dumping data for table `旅游分公司`
--

LOCK TABLES `旅游分公司` WRITE;
/*!40000 ALTER TABLE `旅游分公司` DISABLE KEYS */;
INSERT INTO `旅游分公司` VALUES (1,'分公司A',1),(2,'分公司B',1),(3,'分公司C',1),(4,'分公司D',1),(5,'分公司E',1),(6,'分公司F',1),(7,'分公司G',1),(8,'分公司H',1),(9,'分公司I',1),(10,'分公司J',1);
/*!40000 ALTER TABLE `旅游分公司` ENABLE KEYS */;
UNLOCK TABLES;

--
-- Table structure for table `旅游团`
--

DROP TABLE IF EXISTS `旅游团`;
/*!40101 SET @saved_cs_client     = @@character_set_client */;
/*!50503 SET character_set_client = utf8mb4 */;
CREATE TABLE `旅游团` (
  `id` int NOT NULL AUTO_INCREMENT,
  PRIMARY KEY (`id`)
) ENGINE=InnoDB AUTO_INCREMENT=11 DEFAULT CHARSET=utf8mb4 COLLATE=utf8mb4_0900_ai_ci;
/*!40101 SET character_set_client = @saved_cs_client */;

--
-- Dumping data for table `旅游团`
--

LOCK TABLES `旅游团` WRITE;
/*!40000 ALTER TABLE `旅游团` DISABLE KEYS */;
INSERT INTO `旅游团` VALUES (1),(2),(3),(4),(5),(6),(7),(8),(9),(10);
/*!40000 ALTER TABLE `旅游团` ENABLE KEYS */;
UNLOCK TABLES;

--
-- Table structure for table `旅游时间段`
--

DROP TABLE IF EXISTS `旅游时间段`;
/*!40101 SET @saved_cs_client     = @@character_set_client */;
/*!50503 SET character_set_client = utf8mb4 */;
CREATE TABLE `旅游时间段` (
  `旅游时间段` varchar(255) NOT NULL,
  `价格` float NOT NULL,
  `交通方式` varchar(255) NOT NULL,
  `服务等级` varchar(255) NOT NULL,
  `收入信息` float NOT NULL,
  `旅游线路_id` int NOT NULL,
  PRIMARY KEY (`旅游时间段`,`旅游线路_id`),
  KEY `旅游线路_id` (`旅游线路_id`),
  CONSTRAINT `旅游时间段_ibfk_1` FOREIGN KEY (`旅游线路_id`) REFERENCES `旅游线路` (`id`)
) ENGINE=InnoDB DEFAULT CHARSET=utf8mb4 COLLATE=utf8mb4_0900_ai_ci;
/*!40101 SET character_set_client = @saved_cs_client */;

--
-- Dumping data for table `旅游时间段`
--

LOCK TABLES `旅游时间段` WRITE;
/*!40000 ALTER TABLE `旅游时间段` DISABLE KEYS */;
INSERT INTO `旅游时间段` VALUES ('April',4700,'Bus','3',2300,4),('August',5200,'Bus','3',3000,8),('Februray',5500,'airplane','4',1400,2),('January',6000,'Bus','3',2000,1),('July',5000,'Bus','3',2900,7),('June',7700,'airplane','4',3700,6),('March',7000,'Bus','3',3200,3),('May',9000,'airplane','5',4000,5),('October',4300,'Bus','3',2000,10),('September',8000,'airplane','5',3200,9);
/*!40000 ALTER TABLE `旅游时间段` ENABLE KEYS */;
UNLOCK TABLES;

--
-- Table structure for table `旅游线路`
--

DROP TABLE IF EXISTS `旅游线路`;
/*!40101 SET @saved_cs_client     = @@character_set_client */;
/*!50503 SET character_set_client = utf8mb4 */;
CREATE TABLE `旅游线路` (
  `id` int NOT NULL AUTO_INCREMENT,
  `总公司_id` int NOT NULL,
  PRIMARY KEY (`id`)
) ENGINE=InnoDB AUTO_INCREMENT=11 DEFAULT CHARSET=utf8mb4 COLLATE=utf8mb4_0900_ai_ci;
/*!40101 SET character_set_client = @saved_cs_client */;

--
-- Dumping data for table `旅游线路`
--

LOCK TABLES `旅游线路` WRITE;
/*!40000 ALTER TABLE `旅游线路` DISABLE KEYS */;
INSERT INTO `旅游线路` VALUES (1,1),(2,1),(3,1),(4,1),(5,1),(6,1),(7,1),(8,1),(9,1),(10,1);
/*!40000 ALTER TABLE `旅游线路` ENABLE KEYS */;
UNLOCK TABLES;

--
-- Temporary view structure for view `旅游线路详情视图`
--

DROP TABLE IF EXISTS `旅游线路详情视图`;
/*!50001 DROP VIEW IF EXISTS `旅游线路详情视图`*/;
SET @saved_cs_client     = @@character_set_client;
/*!50503 SET character_set_client = utf8mb4 */;
/*!50001 CREATE VIEW `旅游线路详情视图` AS SELECT 
 1 AS `线路ID`,
 1 AS `地点`,
 1 AS `景点`,
 1 AS `旅游时间段`,
 1 AS `价格`,
 1 AS `交通方式`,
 1 AS `服务等级`,
 1 AS `收入信息`*/;
SET character_set_client = @saved_cs_client;

--
-- Table structure for table `景点`
--

DROP TABLE IF EXISTS `景点`;
/*!40101 SET @saved_cs_client     = @@character_set_client */;
/*!50503 SET character_set_client = utf8mb4 */;
CREATE TABLE `景点` (
  `景点` varchar(255) NOT NULL,
  `旅游线路_id` int NOT NULL,
  PRIMARY KEY (`景点`,`旅游线路_id`),
  KEY `旅游线路_id` (`旅游线路_id`),
  CONSTRAINT `景点_ibfk_1` FOREIGN KEY (`旅游线路_id`) REFERENCES `旅游线路` (`id`)
) ENGINE=InnoDB DEFAULT CHARSET=utf8mb4 COLLATE=utf8mb4_0900_ai_ci;
/*!40101 SET character_set_client = @saved_cs_client */;

--
-- Dumping data for table `景点`
--

LOCK TABLES `景点` WRITE;
/*!40000 ALTER TABLE `景点` DISABLE KEYS */;
INSERT INTO `景点` VALUES ('The Palace Museum',1),('the Bund',2),('Giant Buddhist Temple',3),('Shi Family Grand Courtyard',4),('Four Girls Mountai',5),('Sea Island',6),('Gulangyu Island',7),('Hongya Cave',8),('Tian Sha',9),('Potala Place',10);
/*!40000 ALTER TABLE `景点` ENABLE KEYS */;
UNLOCK TABLES;

--
-- Table structure for table `经理`
--

DROP TABLE IF EXISTS `经理`;
/*!40101 SET @saved_cs_client     = @@character_set_client */;
/*!50503 SET character_set_client = utf8mb4 */;
CREATE TABLE `经理` (
  `经理号` int NOT NULL AUTO_INCREMENT,
  `身份证号` varchar(255) NOT NULL,
  `分公司_id` int NOT NULL,
  PRIMARY KEY (`经理号`),
  KEY `身份证号` (`身份证号`),
  KEY `分公司_id` (`分公司_id`),
  CONSTRAINT `经理_ibfk_1` FOREIGN KEY (`身份证号`) REFERENCES `身份信息` (`身份证号`),
  CONSTRAINT `经理_ibfk_2` FOREIGN KEY (`分公司_id`) REFERENCES `旅游分公司` (`id`)
) ENGINE=InnoDB AUTO_INCREMENT=1011 DEFAULT CHARSET=utf8mb4 COLLATE=utf8mb4_0900_ai_ci;
/*!40101 SET character_set_client = @saved_cs_client */;

--
-- Dumping data for table `经理`
--

LOCK TABLES `经理` WRITE;
/*!40000 ALTER TABLE `经理` DISABLE KEYS */;
INSERT INTO `经理` VALUES (1002,'1003773759',1),(1003,'1005750065',2),(1004,'1005772359',3),(1005,'1007356365',4),(1006,'1011873347',5),(1007,'1012477284',6),(1008,'1021372339',7),(1009,'1031358786',8),(1010,'1032208022',9);
/*!40000 ALTER TABLE `经理` ENABLE KEYS */;
UNLOCK TABLES;

--
-- Table structure for table `身份信息`
--

DROP TABLE IF EXISTS `身份信息`;
/*!40101 SET @saved_cs_client     = @@character_set_client */;
/*!50503 SET character_set_client = utf8mb4 */;
CREATE TABLE `身份信息` (
  `身份证号` varchar(255) NOT NULL,
  `姓名` varchar(255) NOT NULL,
  `工作单位` varchar(255) DEFAULT NULL,
  `职业` varchar(255) DEFAULT NULL,
  PRIMARY KEY (`身份证号`)
) ENGINE=InnoDB DEFAULT CHARSET=utf8mb4 COLLATE=utf8mb4_0900_ai_ci;
/*!40101 SET character_set_client = @saved_cs_client */;

--
-- Dumping data for table `身份信息`
--

LOCK TABLES `身份信息` WRITE;
/*!40000 ALTER TABLE `身份信息` DISABLE KEYS */;
INSERT INTO `身份信息` VALUES ('1003773759','Noah','Travel Agency A','travel manager'),('1005750065','Emma','Travel Agency B','travel manager'),('1005772359','Olivia','Travel Agency C','travel manager'),('1007356365','Liam','Travel Agency D','travel manager'),('1011873347','Olivia','Travel Agency E','travel manager'),('1012477284','Joh','Travel Agency F','travel manager'),('1021372339','Mary','Travel Agency G','travel manager'),('1031358786','Joh','Travel Agency H','travel manager'),('1032208022','Joh','Travel Agency I','travel manager'),('1032407086','Mary','Travel Agency J','travel manager'),('1035555550','Olivia','Travel Agency A','travel officer'),('1036217391','Noah','Travel Agency A','travel officer'),('1038853989','Liam','Travel Agency B','travel officer'),('1039800029','Sophia','Travel Agency B','travel officer'),('1040254104','Noah','Travel Agency C','travel officer'),('1041450877','Olivia','Travel Agency C','travel officer'),('1041736492','Liam','Travel Agency D','travel officer'),('1043694265','Joh','Travel Agency D','travel officer'),('1045084079','Olivia','Travel Agency E','travel officer'),('1046303673','Olivia','Travel Agency E','travel officer'),('1046925037','Mary','Travel Agency F','travel officer'),('1048125202','Liam','Travel Agency F','travel officer'),('1049225981','Olivia','Travel Agency G','travel officer'),('1051317239','William','Travel Agency G','travel officer'),('1054413360','Sophia','Travel Agency H','travel officer'),('1058707520','Joh','Travel Agency H','travel officer'),('1062174013','Olivia','Travel Agency I','travel officer'),('1063782783','Olivia','Travel Agency I','travel officer'),('1066392595','Isabella','Travel Agency J','travel officer'),('1069281062','William','Travel Agency J','travel officer'),('1070061626','William','Info Systems','Manager'),('1073140077','Mary','Byte Solutions','Writer'),('1073256974','Sophia','Data Works','Writer'),('1074933336','James','Info Systems','Accountant'),('1076606551','Isabella','Byte Solutions','Teacher'),('1077172768','Emma','Data Works','Chef'),('1083529400','Mary','Byte Solutions','Chef'),('1083940560','Liam','Info Systems','Manager'),('1084398475','Isabella','Info Systems','Teacher'),('1085665393','Sophia','Global Net','Writer'),('1086352413','Joh','Info Systems','Accountant'),('1093925867','James','Tech Corp','Developer'),('1103975555','Liam','Byte Solutions','Chef'),('1112366885','Sophia','Info Systems','Engineer'),('1113605195','Emma','Global Net','Engineer'),('1126974710','Emma','Innovate Co','Designer'),('1138237033','Liam','Tech Corp','Developer'),('1138532389','Noah','Byte Solutions','Teacher'),('1138908407','Mary','Global Net','Developer'),('1142308920','Olivia','Global Net','Doctor'),('1142485150','Olivia','Sky Soft','Artist'),('1143663690','Noah','Data Works','Developer'),('1150281835','William','Data Works','Chef'),('1155951124','James','Info Systems','Writer'),('1159515602','Joh','Info Systems','Designer'),('1163255087','Sophia','Sky Soft','Accountant'),('1164264876','Emma','Data Works','Designer'),('1170617504','Liam','Info Systems','Artist'),('1171837322','Mary','Innovate Co','Engineer'),('1175529921','Noah','Global Net','Doctor'),('1179019698','Liam','Byte Solutions','Artist'),('1188638120','William','Byte Solutions','Chef'),('1189765576','Joh','Global Net','Manager'),('1190307431','William','Global Net','Designer'),('1192704074','Emma','Info Systems','Teacher'),('1193001222','Isabella','Tech Corp','Doctor'),('1193204715','Joh','Global Net','Engineer'),('1195157245','Emma','Innovate Co','Designer'),('1203548735','Olivia','Byte Solutions','Teacher'),('1204319158','Liam','Global Net','Engineer'),('1207893154','Joh','Tech Corp','Artist'),('1208483182','Sophia','Tech Corp','Accountant'),('1211641454','Emma','Tech Corp','Chef'),('1214503008','Noah','Sky Soft','Engineer'),('1218764373','Joh','Sky Soft','Designer'),('1219959288','Isabella','Info Systems','Artist'),('1221336556','Isabella','Sky Soft','Engineer'),('1221833669','Isabella','Data Works','Designer'),('1235486039','James','Global Net','Artist'),('1243116584','Liam','Info Systems','Chef'),('1244596923','William','Byte Solutions','Designer'),('1253183280','Joh','Global Net','Teacher'),('1254990179','William','Global Net','Doctor'),('1256916668','William','Sky Soft','Designer'),('1257881839','William','Info Systems','Accountant'),('1259040497','Liam','Innovate Co','Teacher'),('1259616469','Sophia','Byte Solutions','Accountant'),('1260573608','Olivia','Data Works','Doctor'),('1263225371','William','Data Works','Engineer'),('1264859969','Joh','Sky Soft','Manager'),('1266252378','James','Tech Corp','Designer'),('1269434019','Isabella','Global Net','Artist'),('1270891160','James','Data Works','Doctor'),('1271836641','Isabella','Tech Corp','Accountant'),('1272551926','Joh','Sky Soft','Chef'),('1274433192','Joh','Info Systems','Writer'),('1276966262','James','Sky Soft','Engineer'),('1277039596','Joh','Global Net','Doctor'),('1278620553','Emma','Sky Soft','Artist'),('1281915447','Noah','Innovate Co','Manager'),('1284026640','James','Global Net','Designer'),('1290513124','Emma','Tech Corp','Doctor'),('1291069963','William','Byte Solutions','Writer'),('1295265693','Olivia','Sky Soft','Developer'),('1296519340','Isabella','Data Works','Chef'),('1297163136','Noah','Sky Soft','Chef'),('1297303491','Olivia','Byte Solutions','Teacher'),('1299183877','Emma','Byte Solutions','Chef'),('1299383328','Joh','Byte Solutions','Teacher'),('1302146226','James','Info Systems','Teacher'),('1303095925','Joh','Data Works','Teacher'),('1304268707','Liam','Info Systems','Accountant'),('1305236720','Mary','Global Net','Chef'),('1308602472','Mary','Sky Soft','Developer'),('1311461652','Isabella','Global Net','Chef'),('1313861729','James','Tech Corp','Writer'),('1315870491','Joh','Byte Solutions','Engineer'),('1316545156','Mary','Sky Soft','Teacher'),('1321512501','Sophia','Tech Corp','Teacher'),('1329914421','Joh','Sky Soft','Manager'),('1332562569','Olivia','Data Works','Manager'),('1334985072','James','Info Systems','Chef'),('1340029856','Joh','Data Works','Accountant'),('1341643821','Olivia','Tech Corp','Accountant'),('1348565977','Sophia','Sky Soft','Manager'),('1349832535','William','Global Net','Teacher'),('1351737085','Mary','Data Works','Manager'),('1359933679','Olivia','Global Net','Manager'),('1361017863','Noah','Tech Corp','Chef'),('1365106995','Noah','Info Systems','Doctor'),('1366035026','Isabella','Innovate Co','Artist'),('1369319251','Liam','Sky Soft','Chef'),('1373239634','Liam','Innovate Co','Accountant'),('1374109645','James','Innovate Co','Developer'),('1374979675','Emma','Tech Corp','Writer'),('1376937463','Mary','Innovate Co','Artist'),('1379160409','Noah','Tech Corp','Engineer'),('1382796355','William','Data Works','Designer'),('1383361188','Mary','Global Net','Doctor'),('1384070207','Olivia','Info Systems','Engineer'),('1384763284','Joh','Sky Soft','Teacher'),('1385298149','James','Innovate Co','Manager'),('1388412082','Olivia','Tech Corp','Teacher'),('1388579143','Liam','Data Works','Writer'),('1390142215','Olivia','Global Net','Chef'),('1398841587','Olivia','Data Works','Artist'),('1401740026','James','Global Net','Artist'),('1402297067','Joh','Global Net','Designer'),('1403753548','Isabella','Innovate Co','Engineer'),('1405974098','Joh','Info Systems','Teacher'),('1406104264','Joh','Info Systems','Accountant'),('1406619081','Noah','Global Net','Writer'),('1409106930','Sophia','Info Systems','Writer'),('1412913755','Noah','Sky Soft','Engineer'),('1413201659','Sophia','Global Net','Manager'),('1414392160','Emma','Info Systems','Chef'),('1414914922','Noah','Byte Solutions','Manager'),('1414965774','Noah','Sky Soft','Developer'),('1421644656','Liam','Byte Solutions','Writer'),('1423284658','Isabella','Info Systems','Writer'),('1430095344','Liam','Innovate Co','Manager'),('1434123226','William','Info Systems','Writer'),('1439514663','Sophia','Global Net','Doctor'),('1444198228','Isabella','Info Systems','Designer'),('1445397933','Mary','Global Net','Teacher'),('1446653457','Joh','Byte Solutions','Doctor'),('1449742965','Isabella','Info Systems','Doctor'),('1449815617','Liam','Info Systems','Artist'),('1451381148','Sophia','Sky Soft','Engineer'),('1451811398','James','Info Systems','Doctor'),('1453082921','Joh','Info Systems','Manager'),('1458713248','Joh','Tech Corp','Accountant'),('1464009640','Isabella','Tech Corp','Engineer'),('1465845741','Sophia','Innovate Co','Teacher'),('1468697130','Emma','Innovate Co','Developer'),('1470870199','Isabella','Global Net','Accountant'),('1475552819','Joh','Tech Corp','Writer'),('1475962726','William','Innovate Co','Teacher'),('1479722733','William','Byte Solutions','Manager'),('1480156570','Noah','Tech Corp','Developer'),('1480388585','Sophia','Global Net','Developer'),('1482774905','Mary','Global Net','Teacher'),('1484381934','William','Innovate Co','Manager'),('1487450605','Emma','Sky Soft','Designer'),('1488957507','Sophia','Innovate Co','Doctor'),('1490185179','Joh','Byte Solutions','Writer'),('1491262870','Joh','Sky Soft','Engineer'),('1495643735','Mary','Byte Solutions','Teacher'),('1497553030','James','Global Net','Manager'),('1503247625','Sophia','Innovate Co','Accountant'),('1505235646','Liam','Tech Corp','Writer'),('1505656088','Mary','Byte Solutions','Developer'),('1507222866','Emma','Sky Soft','Accountant'),('1508707533','Noah','Global Net','Artist'),('1510692686','William','Byte Solutions','Accountant'),('1514564197','Isabella','Sky Soft','Accountant'),('1514582016','Sophia','Info Systems','Artist'),('1514772262','James','Global Net','Chef'),('1520674817','William','Tech Corp','Developer'),('1528629764','Emma','Data Works','Chef'),('1528661803','Mary','Tech Corp','Developer'),('1530342258','Mary','Byte Solutions','Doctor'),('1531064608','William','Global Net','Accountant'),('1533191715','Noah','Data Works','Manager'),('1538034350','Mary','Global Net','Writer'),('1538235101','Noah','Info Systems','Designer'),('1538429700','William','Byte Solutions','Accountant'),('1540215633','Noah','Tech Corp','Developer'),('1541988354','Isabella','Data Works','Manager'),('1542379799','Isabella','Sky Soft','Developer'),('1550519839','Joh','Sky Soft','Doctor'),('1553114650','Joh','Info Systems','Artist'),('1553989244','James','Global Net','Teacher'),('1555043312','Olivia','Innovate Co','Teacher'),('1556042379','Olivia','Info Systems','Developer'),('1557023003','Isabella','Data Works','Writer'),('1557704652','Mary','Tech Corp','Teacher'),('1561441207','Emma','Global Net','Artist'),('1561988215','Joh','Data Works','Engineer'),('1564510483','Noah','Info Systems','Accountant'),('1564898725','Emma','Byte Solutions','Artist'),('1569249620','Isabella','Innovate Co','Accountant'),('1572415630','Olivia','Innovate Co','Manager'),('1572632406','Liam','Innovate Co','Artist'),('1573743480','William','Info Systems','Engineer'),('1575788107','Joh','Tech Corp','Doctor'),('1576351044','Olivia','Info Systems','Teacher'),('1577416464','Emma','Info Systems','Accountant'),('1580916868','Emma','Innovate Co','Designer'),('1580955927','James','Info Systems','Chef'),('1583412294','Olivia','Data Works','Chef'),('1588369355','James','Tech Corp','Writer'),('1588843998','Sophia','Info Systems','Developer'),('1589685313','Olivia','Global Net','Engineer'),('1590485167','Noah','Tech Corp','Doctor'),('1597127676','Noah','Byte Solutions','Manager'),('1602151684','Isabella','Tech Corp','Developer'),('1606517966','James','Byte Solutions','Accountant'),('1607296817','Noah','Global Net','Manager'),('1612624483','Olivia','Tech Corp','Designer'),('1613345272','Mary','Data Works','Teacher'),('1613553178','Noah','Tech Corp','Manager'),('1616953744','Sophia','Byte Solutions','Artist'),('1619591103','James','Info Systems','Teacher'),('1620316331','Emma','Innovate Co','Accountant'),('1626564697','Joh','Data Works','Manager'),('1626764206','Liam','Byte Solutions','Accountant'),('1629550230','Sophia','Global Net','Chef'),('1631124318','James','Data Works','Developer'),('1632849886','James','Byte Solutions','Doctor'),('1638520819','James','Tech Corp','Artist'),('1643850362','Emma','Tech Corp','Chef'),('1646189177','Liam','Global Net','Developer'),('1649593152','William','Global Net','Doctor'),('1650427775','Emma','Global Net','Doctor'),('1653292359','Liam','Global Net','Engineer'),('1656235478','Sophia','Innovate Co','Writer'),('1656496854','James','Info Systems','Developer'),('1657422775','William','Byte Solutions','Chef'),('1661748892','Joh','Data Works','Chef'),('1663866841','Noah','Sky Soft','Artist'),('1667945744','Emma','Global Net','Manager'),('1668188044','Mary','Tech Corp','Artist'),('1668811412','Liam','Sky Soft','Developer'),('1669722854','Joh','Sky Soft','Writer'),('1670856934','Isabella','Sky Soft','Chef'),('1672152481','Emma','Byte Solutions','Teacher'),('1672683903','Liam','Global Net','Teacher'),('1674429015','William','Sky Soft','Writer'),('1676834025','James','Global Net','Artist'),('1679014945','Emma','Byte Solutions','Chef'),('1683477299','Sophia','Global Net','Designer'),('1685146550','Mary','Data Works','Manager'),('1686775310','Sophia','Innovate Co','Writer'),('1694259031','Olivia','Info Systems','Teacher'),('1694945299','Olivia','Sky Soft','Teacher'),('1695595395','Emma','Byte Solutions','Engineer'),('1695935705','Liam','Info Systems','Manager'),('1696813074','Mary','Byte Solutions','Developer'),('1696842947','Liam','Innovate Co','Engineer'),('1697588022','Noah','Global Net','Artist'),('1701443157','William','Sky Soft','Teacher'),('1702257732','Sophia','Info Systems','Chef'),('1703819610','Sophia','Info Systems','Chef'),('1706470632','James','Data Works','Developer'),('1709154465','Noah','Byte Solutions','Artist'),('1709422804','James','Global Net','Engineer'),('1710918293','Mary','Info Systems','Chef'),('1711690280','James','Data Works','Artist'),('1713496232','Emma','Global Net','Artist'),('1714047586','Emma','Innovate Co','Artist'),('1714912159','Olivia','Byte Solutions','Engineer'),('1718294789','Noah','Byte Solutions','Accountant'),('1718504956','William','Info Systems','Teacher'),('1718765004','Olivia','Innovate Co','Engineer'),('1719826543','Joh','Info Systems','Doctor'),('1719846108','Isabella','Innovate Co','Accountant'),('1720376932','Noah','Innovate Co','Developer'),('1728180299','Liam','Tech Corp','Manager'),('1735028908','James','Sky Soft','Designer'),('1738133161','Isabella','Data Works','Artist'),('1738649434','Sophia','Info Systems','Writer'),('1739288221','William','Sky Soft','Engineer'),('1742185274','Liam','Global Net','Manager'),('1746166032','Isabella','Info Systems','Chef'),('1747431050','Mary','Byte Solutions','Designer'),('1748333109','Mary','Innovate Co','Developer'),('1748716646','Liam','Info Systems','Doctor'),('1749362187','Mary','Innovate Co','Doctor'),('1750323285','Liam','Sky Soft','Chef'),('1753628178','James','Tech Corp','Manager'),('1755508488','Sophia','Data Works','Teacher'),('1757029347','William','Tech Corp','Engineer'),('1757374750','Olivia','Sky Soft','Chef'),('1762606963','Mary','Innovate Co','Manager'),('1766078120','William','Data Works','Accountant'),('1766133742','William','Info Systems','Manager'),('1767046011','James','Data Works','Accountant'),('1769850144','James','Sky Soft','Engineer'),('1772718967','Liam','Byte Solutions','Teacher'),('1773801777','James','Innovate Co','Engineer'),('1775684725','Sophia','Global Net','Artist'),('1777863626','Emma','Tech Corp','Doctor'),('1782156444','Mary','Byte Solutions','Chef'),('1783787283','Noah','Innovate Co','Writer'),('1784771540','Liam','Innovate Co','Writer'),('1784913992','Liam','Data Works','Artist'),('1785651981','Sophia','Sky Soft','Chef'),('1787657440','Isabella','Innovate Co','Doctor'),('1787905106','William','Innovate Co','Chef'),('1790070732','Emma','Data Works','Doctor'),('1791235258','Olivia','Tech Corp','Writer'),('1792008352','Sophia','Data Works','Designer'),('1792193564','Isabella','Global Net','Artist'),('1795416040','Mary','Tech Corp','Chef'),('1795444052','Sophia','Info Systems','Teacher'),('1797717032','William','Sky Soft','Artist'),('1799324914','William','Byte Solutions','Developer'),('1805220441','Emma','Tech Corp','Teacher'),('1806272161','William','Tech Corp','Developer'),('1808200141','Sophia','Data Works','Developer'),('1808239748','Emma','Byte Solutions','Doctor'),('1808461265','William','Tech Corp','Writer'),('1810525614','Sophia','Innovate Co','Writer'),('1810981996','William','Innovate Co','Doctor'),('1812143443','Mary','Info Systems','Designer'),('1812963357','Emma','Tech Corp','Teacher'),('1813245202','Liam','Byte Solutions','Doctor'),('1813767187','Mary','Global Net','Teacher'),('1813902522','James','Global Net','Teacher'),('1814232820','Mary','Data Works','Chef'),('1819345226','Liam','Data Works','Writer'),('1819570763','William','Global Net','Manager'),('1825337046','Sophia','Global Net','Engineer'),('1828420942','Olivia','Data Works','Accountant'),('1833304899','Noah','Sky Soft','Developer'),('1836009686','Noah','Tech Corp','Chef'),('1837120727','Joh','Sky Soft','Doctor'),('1837204475','Mary','Tech Corp','Manager'),('1842032700','James','Tech Corp','Designer'),('1845461740','Emma','Data Works','Writer'),('1846416074','Joh','Tech Corp','Developer'),('1846565115','Joh','Sky Soft','Developer'),('1849198864','Sophia','Tech Corp','Chef'),('1849560885','Isabella','Sky Soft','Designer'),('1850620593','Mary','Byte Solutions','Accountant'),('1857410820','Joh','Data Works','Developer'),('1860249553','Liam','Tech Corp','Accountant'),('1861872901','Emma','Info Systems','Writer'),('1863683888','Olivia','Sky Soft','Accountant'),('1863840842','Olivia','Global Net','Engineer'),('1864072449','Sophia','Data Works','Engineer'),('1867724189','Emma','Data Works','Doctor'),('1869425884','Liam','Global Net','Teacher'),('1875190414','Sophia','Info Systems','Artist'),('1879415632','Olivia','Sky Soft','Artist'),('1883722865','Emma','Innovate Co','Accountant'),('1884405325','Isabella','Byte Solutions','Writer'),('1891046536','Olivia','Byte Solutions','Manager'),('1891889574','William','Innovate Co','Developer'),('1896006992','James','Sky Soft','Writer'),('1896256687','Emma','Tech Corp','Chef'),('1897776644','Liam','Sky Soft','Doctor'),('1898793745','Noah','Byte Solutions','Writer'),('1899583856','Olivia','Data Works','Accountant'),('1900200311','Joh','Info Systems','Developer'),('1900324294','Noah','Sky Soft','Chef'),('1902924423','Liam','Tech Corp','Artist'),('1905139210','William','Info Systems','Designer'),('1905947317','William','Innovate Co','Writer'),('1907545968','Noah','Tech Corp','Teacher'),('1911275421','Sophia','Global Net','Designer'),('1913904605','James','Sky Soft','Writer'),('1914182413','Sophia','Tech Corp','Artist'),('1915794627','Emma','Byte Solutions','Teacher'),('1917916310','William','Innovate Co','Artist'),('1921853399','Isabella','Byte Solutions','Teacher'),('1923482380','Noah','Info Systems','Chef'),('1927981791','Mary','Innovate Co','Chef'),('1928611833','Olivia','Innovate Co','Engineer'),('1936798703','James','Tech Corp','Accountant'),('1945825956','Joh','Global Net','Teacher'),('1950761357','Emma','Info Systems','Engineer'),('1953984884','Olivia','Data Works','Manager'),('1955679779','Mary','Info Systems','Chef'),('1959522660','Olivia','Info Systems','Accountant'),('1966998089','Olivia','Info Systems','Developer'),('1968995671','Mary','Info Systems','Writer'),('1972420767','Liam','Info Systems','Chef'),('1975434532','Sophia','Sky Soft','Designer'),('1976685776','Noah','Sky Soft','Artist'),('1976820313','Isabella','Sky Soft','Artist'),('1976998625','Emma','Innovate Co','Designer'),('1977479956','William','Byte Solutions','Accountant'),('1978065718','Isabella','Sky Soft','Doctor'),('1978154873','Mary','Info Systems','Writer'),('1980166080','Noah','Tech Corp','Designer'),('1983003496','Mary','Data Works','Chef'),('1984960943','James','Byte Solutions','Chef'),('1987473551','Olivia','Innovate Co','Developer'),('1988138262','Isabella','Global Net','Doctor'),('1988557754','Olivia','Innovate Co','Manager'),('1991076697','William','Sky Soft','Doctor'),('1992260324','Isabella','Tech Corp','Teacher'),('1992775904','Isabella','Innovate Co','Artist'),('1997403407','Noah','Global Net','Developer'),('1997917030','William','Info Systems','Designer'),('1998360287','Isabella','Tech Corp','Writer'),('1998991029','Sophia','Sky Soft','Developer'),('1999910927','Sophia','Global Net','Doctor'),('2003122667','Liam','Data Works','Developer'),('2003372061','Emma','Data Works','Accountant'),('2005853435','Noah','Info Systems','Artist'),('2007379024','Mary','Tech Corp','Manager'),('2008736797','Olivia','Global Net','Writer'),('2012242527','James','Info Systems','Manager'),('2015526339','William','Byte Solutions','Engineer'),('2019061357','Sophia','Sky Soft','Teacher'),('2019503777','Joh','Innovate Co','Manager'),('2021688427','Sophia','Global Net','Accountant'),('2028367204','Sophia','Innovate Co','Teacher'),('2029168209','Olivia','Sky Soft','Chef'),('2033403989','Olivia','Data Works','Manager'),('2035299424','Emma','Innovate Co','Teacher'),('2036909096','Noah','Innovate Co','Teacher'),('2037027663','Mary','Info Systems','Manager'),('2037718090','Liam','Sky Soft','Writer'),('2038049914','Noah','Global Net','Developer'),('2041116339','Emma','Innovate Co','Manager'),('2041322958','Liam','Global Net','Artist'),('2044152457','William','Innovate Co','Designer'),('2044269317','Emma','Byte Solutions','Manager'),('2047470042','Olivia','Byte Solutions','Doctor'),('2047827335','Isabella','Sky Soft','Designer'),('2052418777','Olivia','Global Net','Doctor'),('2052617671','Isabella','Global Net','Manager'),('2054429262','Olivia','Info Systems','Doctor'),('2056215686','Isabella','Innovate Co','Designer'),('2062464820','Mary','Innovate Co','Chef'),('2063030453','Sophia','Byte Solutions','Doctor'),('2066298573','Mary','Tech Corp','Accountant'),('2068575247','Joh','Global Net','Artist'),('2069868187','William','Tech Corp','Teacher'),('2070283788','Isabella','Innovate Co','Designer'),('2071113449','Emma','Tech Corp','Engineer'),('2071634781','Sophia','Sky Soft','Developer'),('2077814195','Noah','Global Net','Engineer'),('2078552463','William','Global Net','Designer'),('2078970944','Isabella','Data Works','Chef'),('2079045374','Joh','Data Works','Manager'),('2081125420','Sophia','Global Net','Writer'),('2082551390','William','Innovate Co','Writer'),('2083118004','James','Data Works','Doctor'),('2086214333','James','Tech Corp','Artist'),('2086582909','James','Data Works','Accountant'),('2087808542','Joh','Global Net','Engineer'),('2089293565','Noah','Tech Corp','Doctor'),('2089658218','Noah','Info Systems','Doctor'),('2089724226','Joh','Innovate Co','Designer'),('2094385377','William','Global Net','Doctor'),('2094927988','Joh','Data Works','Engineer'),('2095575373','James','Innovate Co','Accountant'),('2095663189','William','Tech Corp','Chef'),('2096235930','James','Info Systems','Manager'),('2096665934','Emma','Info Systems','Chef'),('2099250641','Mary','Info Systems','Writer'),('2100512349','Joh','Byte Solutions','Accountant'),('2108877206','Mary','Global Net','Engineer'),('2109674912','William','Data Works','Accountant'),('2111004059','Joh','Byte Solutions','Artist'),('2114889328','Olivia','Sky Soft','Developer'),('2115202568','James','Sky Soft','Accountant'),('2116462371','Olivia','Sky Soft','Developer'),('2119406002','Liam','Innovate Co','Writer'),('2119871510','James','Byte Solutions','Designer'),('2121718348','Joh','Tech Corp','Designer'),('2123318420','Joh','Global Net','Manager'),('2124840584','Liam','Tech Corp','Manager'),('2128088242','Emma','Byte Solutions','Artist'),('2128101402','William','Innovate Co','Artist'),('2130269549','Mary','Data Works','Chef'),('2131461895','Noah','Tech Corp','Manager'),('2132288368','Mary','Byte Solutions','Chef'),('2135601809','James','Info Systems','Manager'),('2137468353','Mary','Sky Soft','Developer'),('2140995845','Olivia','Tech Corp','Doctor'),('2142047032','Noah','Byte Solutions','Manager'),('2142840952','William','Info Systems','Designer'),('2143968080','Liam','Tech Corp','Developer'),('2144854333','Olivia','Tech Corp','Manager'),('2145041959','Liam','Sky Soft','Artist'),('2146535345','Mary','Byte Solutions','Engineer'),('2148141603','Joh','Info Systems','Engineer'),('2149701888','Isabella','Tech Corp','Teacher'),('2153800394','William','Info Systems','Manager'),('2154431801','William','Tech Corp','Doctor'),('2154729466','Joh','Global Net','Chef'),('2158488222','James','Info Systems','Accountant'),('2161221803','Mary','Byte Solutions','Teacher'),('2166828358','William','Global Net','Writer'),('2167620420','Noah','Sky Soft','Chef'),('2168959027','Sophia','Tech Corp','Chef'),('2170663267','William','Info Systems','Artist'),('2170717132','Emma','Global Net','Artist'),('2173355452','Emma','Tech Corp','Writer'),('2175445208','James','Innovate Co','Artist'),('2177101478','Olivia','Global Net','Manager'),('2178651332','Joh','Byte Solutions','Teacher'),('2183691141','Liam','Innovate Co','Manager'),('2184994901','Liam','Tech Corp','Developer'),('2185880310','William','Innovate Co','Designer'),('2186139973','Sophia','Byte Solutions','Writer'),('2189803051','Olivia','Global Net','Teacher'),('2191383476','Mary','Info Systems','Manager'),('2193242583','Emma','Data Works','Writer'),('2193645430','Isabella','Byte Solutions','Artist'),('2196832771','Joh','Innovate Co','Teacher'),('2198068646','William','Data Works','Artist'),('2198690052','Liam','Innovate Co','Manager'),('2198907505','William','Global Net','Doctor'),('2203782226','William','Sky Soft','Teacher'),('2204663433','Emma','Data Works','Chef'),('2205317019','Sophia','Byte Solutions','Accountant'),('2205355460','Noah','Sky Soft','Accountant'),('2206651333','Mary','Tech Corp','Writer'),('2207032553','Emma','Data Works','Manager'),('2208507975','Noah','Data Works','Doctor'),('2211524785','Noah','Sky Soft','Manager'),('2211949624','Isabella','Tech Corp','Accountant'),('2212317069','Liam','Sky Soft','Artist'),('2213358752','Emma','Innovate Co','Teacher'),('2215434370','Liam','Info Systems','Accountant'),('2216490444','Isabella','Data Works','Artist'),('2216784403','William','Innovate Co','Designer'),('2218457767','Emma','Data Works','Accountant'),('2219262961','Mary','Sky Soft','Manager'),('2220175749','William','Sky Soft','Engineer'),('2222536545','Liam','Sky Soft','Accountant'),('2226038602','Mary','Innovate Co','Artist'),('2228303112','Joh','Tech Corp','Doctor'),('2233138124','Mary','Sky Soft','Teacher'),('2233430777','Noah','Info Systems','Engineer'),('2234724305','Noah','Tech Corp','Doctor'),('2235904159','Emma','Innovate Co','Teacher'),('2237574702','William','Sky Soft','Accountant'),('2240911586','William','Info Systems','Manager'),('2242916253','Sophia','Info Systems','Designer'),('2243929882','Isabella','Global Net','Engineer'),('2247641109','Mary','Innovate Co','Chef'),('2247759424','James','Global Net','Chef'),('2249371411','Joh','Tech Corp','Engineer'),('2250359577','Sophia','Global Net','Writer'),('2253361078','Mary','Data Works','Chef'),('2257263680','Olivia','Byte Solutions','Artist'),('2261933882','Mary','Data Works','Chef'),('2264163058','Olivia','Sky Soft','Manager'),('2264893003','James','Tech Corp','Designer'),('2265814169','Isabella','Info Systems','Designer'),('2271134889','Mary','Data Works','Teacher'),('2274496611','Olivia','Info Systems','Accountant'),('2277704036','Olivia','Sky Soft','Doctor'),('2279551667','Joh','Info Systems','Teacher'),('2281610801','Isabella','Tech Corp','Chef'),('2288052727','Isabella','Byte Solutions','Artist'),('2288705682','Liam','Byte Solutions','Developer'),('2290047132','Isabella','Data Works','Designer'),('2290363675','Sophia','Sky Soft','Engineer'),('2292207618','James','Global Net','Chef'),('2292515784','Olivia','Data Works','Chef'),('2295140293','Liam','Info Systems','Teacher'),('2295790202','Liam','Global Net','Doctor'),('2296114760','Sophia','Sky Soft','Teacher'),('2296360531','Sophia','Sky Soft','Chef'),('2297281858','Mary','Sky Soft','Engineer'),('2298122553','Noah','Innovate Co','Developer'),('2300497811','Liam','Innovate Co','Manager'),('2301685233','Mary','Sky Soft','Engineer'),('2304898615','Liam','Global Net','Artist'),('2308688862','Noah','Data Works','Engineer'),('2310035910','Olivia','Sky Soft','Artist'),('2314622201','Olivia','Data Works','Writer'),('2314867525','Noah','Tech Corp','Doctor'),('2314983244','James','Global Net','Writer'),('2316886121','Sophia','Global Net','Engineer'),('2317028417','Mary','Info Systems','Teacher'),('2318389240','Mary','Byte Solutions','Manager'),('2319227649','James','Tech Corp','Teacher'),('2319647647','Mary','Data Works','Accountant'),('2319957004','William','Byte Solutions','Manager'),('2323542864','Isabella','Byte Solutions','Artist'),('2327607446','Mary','Global Net','Doctor'),('2331577935','Noah','Global Net','Chef'),('2332480303','Mary','Innovate Co','Designer'),('2337225032','Noah','Data Works','Writer'),('2341830675','Noah','Sky Soft','Writer'),('2344595336','Emma','Data Works','Engineer'),('2348348914','Sophia','Tech Corp','Writer'),('2348805582','Olivia','Global Net','Writer'),('2349070873','Joh','Global Net','Engineer'),('2355513401','Sophia','Global Net','Artist'),('2359776499','Mary','Info Systems','Doctor'),('2364201335','William','Global Net','Artist'),('2365837862','Liam','Info Systems','Doctor'),('2366288929','Olivia','Info Systems','Engineer'),('2368289045','Liam','Global Net','Accountant'),('2368628072','Noah','Global Net','Developer'),('2371831030','Noah','Tech Corp','Developer'),('2373219776','Noah','Innovate Co','Accountant'),('2376750888','William','Global Net','Engineer'),('2378989398','Joh','Byte Solutions','Artist'),('2380230681','Mary','Tech Corp','Manager'),('2380385482','Liam','Info Systems','Doctor'),('2381573051','Liam','Info Systems','Designer'),('2386743179','William','Tech Corp','Designer'),('2391508122','Noah','Innovate Co','Developer'),('2394310543','Joh','Byte Solutions','Developer'),('2395307619','Joh','Global Net','Writer'),('2396210169','Emma','Info Systems','Artist'),('2397182750','Sophia','Innovate Co','Manager'),('2399184017','Mary','Innovate Co','Doctor'),('2401499269','Mary','Byte Solutions','Chef'),('2401610689','Liam','Data Works','Manager'),('2402428731','Mary','Data Works','Teacher'),('2403115803','William','Byte Solutions','Artist'),('2404424046','Liam','Innovate Co','Manager'),('2405072673','Olivia','Data Works','Artist'),('2405600529','Sophia','Data Works','Doctor'),('2408588735','Olivia','Info Systems','Doctor'),('2413266802','Sophia','Data Works','Engineer'),('2417706048','Olivia','Innovate Co','Accountant'),('2418954909','Joh','Info Systems','Accountant'),('2428178896','Noah','Innovate Co','Teacher'),('2429048092','Olivia','Data Works','Accountant'),('2435960942','Sophia','Sky Soft','Developer'),('2438000368','Isabella','Sky Soft','Manager'),('2439285648','Mary','Innovate Co','Manager'),('2439885932','Joh','Info Systems','Manager'),('2442283144','Joh','Global Net','Developer'),('2445652845','Noah','Byte Solutions','Developer'),('2446993660','William','Data Works','Writer'),('2447109410','William','Byte Solutions','Teacher'),('2450986863','Liam','Tech Corp','Doctor'),('2451678252','Mary','Innovate Co','Developer'),('2456696629','Mary','Sky Soft','Engineer'),('2461119798','James','Info Systems','Developer'),('2462312772','Joh','Innovate Co','Doctor'),('2462529988','Mary','Byte Solutions','Accountant'),('2470879117','Liam','Sky Soft','Writer'),('2483250944','Olivia','Info Systems','Artist'),('2484258156','William','Info Systems','Teacher'),('2485139331','James','Tech Corp','Doctor'),('2486857900','Joh','Byte Solutions','Doctor'),('2487476308','Olivia','Tech Corp','Designer'),('2487576090','Mary','Info Systems','Teacher'),('2487664931','Olivia','Data Works','Chef'),('2488796213','Emma','Sky Soft','Teacher'),('2488893973','Mary','Innovate Co','Writer'),('2492646876','William','Info Systems','Engineer'),('2493722562','Olivia','Data Works','Writer'),('2497088725','Isabella','Info Systems','Developer'),('2498739965','Liam','Innovate Co','Writer'),('2501416165','Noah','Byte Solutions','Designer'),('2502096648','James','Info Systems','Artist'),('2505640878','James','Byte Solutions','Manager'),('2509569673','Olivia','Global Net','Developer'),('2510899517','Noah','Data Works','Artist'),('2511063761','Isabella','Data Works','Accountant'),('2513216783','Noah','Byte Solutions','Engineer'),('2521862517','Mary','Byte Solutions','Chef'),('2522268494','Olivia','Tech Corp','Developer'),('2522552951','Isabella','Byte Solutions','Designer'),('2523712405','Joh','Byte Solutions','Artist'),('2524937098','Olivia','Innovate Co','Artist'),('2529761927','Mary','Innovate Co','Designer'),('2532632910','Isabella','Byte Solutions','Writer'),('2534571838','James','Info Systems','Teacher'),('2535160397','Liam','Info Systems','Accountant'),('2537574820','Joh','Sky Soft','Designer'),('2538727121','Mary','Data Works','Writer'),('2541266726','Emma','Sky Soft','Accountant'),('2542799250','Liam','Sky Soft','Accountant'),('2545728959','Olivia','Sky Soft','Designer'),('2549850897','Mary','Innovate Co','Artist'),('2553549832','Noah','Sky Soft','Developer'),('2555925315','James','Innovate Co','Artist'),('2560776014','Olivia','Info Systems','Engineer'),('2563836399','Liam','Data Works','Artist'),('2564002970','William','Byte Solutions','Designer'),('2564161487','Joh','Tech Corp','Manager'),('2567283361','Isabella','Global Net','Accountant'),('2568767704','Noah','Tech Corp','Developer'),('2569210424','Isabella','Global Net','Writer'),('2569600841','Joh','Tech Corp','Writer'),('2573145170','Emma','Global Net','Designer'),('2574121210','Emma','Tech Corp','Developer'),('2576403754','Emma','Tech Corp','Developer'),('2577075338','Liam','Global Net','Writer'),('2577516948','Joh','Info Systems','Teacher'),('2581329577','Noah','Tech Corp','Writer'),('2584105065','William','Info Systems','Chef'),('2588170538','Sophia','Innovate Co','Manager'),('2588633093','Liam','Info Systems','Artist'),('2589403971','Joh','Global Net','Engineer'),('2591362364','William','Sky Soft','Developer'),('2596561977','William','Info Systems','Chef'),('2599865227','Noah','Innovate Co','Teacher'),('2602129398','Emma','Sky Soft','Chef'),('2602743212','Isabella','Tech Corp','Accountant'),('2603036363','Isabella','Tech Corp','Writer'),('2605038465','Noah','Global Net','Accountant'),('2608174216','Emma','Global Net','Designer'),('2608679950','Liam','Innovate Co','Writer'),('2611191370','Mary','Data Works','Teacher'),('2612424768','Joh','Info Systems','Chef'),('2613637286','Mary','Sky Soft','Manager'),('2614963345','Emma','Innovate Co','Artist'),('2615762444','Noah','Info Systems','Writer'),('2617824439','Joh','Byte Solutions','Writer'),('2619434664','Noah','Data Works','Engineer'),('2623413588','James','Byte Solutions','Teacher'),('2624365846','Olivia','Global Net','Chef'),('2629388479','Sophia','Info Systems','Engineer'),('2630493635','Emma','Innovate Co','Writer'),('2631676509','James','Sky Soft','Doctor'),('2634721468','Olivia','Global Net','Artist'),('2637726173','Noah','Data Works','Writer'),('2638222373','Noah','Tech Corp','Manager'),('2639929029','Olivia','Global Net','Artist'),('2640125836','Emma','Data Works','Writer'),('2640477255','Sophia','Byte Solutions','Doctor'),('2641467536','Mary','Innovate Co','Designer'),('2641567138','Emma','Tech Corp','Engineer'),('2642077827','Joh','Sky Soft','Artist'),('2647175269','Mary','Sky Soft','Designer'),('2647721701','James','Tech Corp','Teacher'),('2649277461','Sophia','Info Systems','Doctor'),('2650713895','Sophia','Innovate Co','Manager'),('2650746120','Sophia','Sky Soft','Designer'),('2652873655','Olivia','Data Works','Doctor'),('2653135058','Sophia','Info Systems','Chef'),('2654012924','William','Innovate Co','Engineer'),('2656454699','Emma','Innovate Co','Teacher'),('2656974930','Mary','Tech Corp','Teacher'),('2657614480','James','Sky Soft','Designer'),('2658014152','William','Tech Corp','Accountant'),('2660663583','Mary','Data Works','Accountant'),('2663321579','Joh','Byte Solutions','Accountant'),('2665053289','Emma','Innovate Co','Doctor'),('2665478199','Joh','Global Net','Accountant'),('2669607906','William','Sky Soft','Chef'),('2671731213','Sophia','Innovate Co','Developer'),('2671992641','William','Byte Solutions','Teacher'),('2672359863','Mary','Sky Soft','Teacher'),('2674844501','Mary','Tech Corp','Manager'),('2676717960','William','Data Works','Chef'),('2678712661','Noah','Sky Soft','Artist'),('2679166840','Olivia','Byte Solutions','Teacher'),('2680596938','William','Sky Soft','Writer'),('2684230697','Olivia','Global Net','Designer'),('2686357968','Isabella','Info Systems','Chef'),('2691967593','Liam','Info Systems','Teacher'),('2692858139','Noah','Byte Solutions','Doctor'),('2695443619','Sophia','Global Net','Manager'),('2699914781','William','Info Systems','Chef'),('2701062420','Isabella','Sky Soft','Chef'),('2703680365','William','Innovate Co','Manager'),('2705625330','Mary','Info Systems','Developer'),('2706075341','Sophia','Tech Corp','Artist'),('2707436795','Liam','Innovate Co','Writer'),('2707806003','James','Byte Solutions','Manager'),('2709976668','Liam','Innovate Co','Writer'),('2713446064','Noah','Sky Soft','Accountant'),('2715194759','Isabella','Sky Soft','Doctor'),('2718661179','Sophia','Info Systems','Designer'),('2719495895','William','Innovate Co','Artist'),('2730776200','Sophia','Sky Soft','Chef'),('2731178880','Liam','Byte Solutions','Developer'),('2731256401','William','Info Systems','Writer'),('2733886809','William','Innovate Co','Accountant'),('2735865373','Noah','Sky Soft','Designer'),('2738596629','Mary','Data Works','Accountant'),('2739328882','William','Tech Corp','Writer'),('2740015658','Sophia','Innovate Co','Teacher'),('2740306428','James','Innovate Co','Teacher'),('2741732805','Olivia','Innovate Co','Designer'),('2741977850','William','Tech Corp','Engineer'),('2742610178','James','Sky Soft','Designer'),('2744466873','Isabella','Innovate Co','Artist'),('2744778863','Sophia','Info Systems','Manager'),('2749418689','Sophia','Byte Solutions','Manager'),('2749555846','William','Byte Solutions','Manager'),('2751138468','Isabella','Tech Corp','Writer'),('2753305298','Olivia','Innovate Co','Accountant'),('2753830398','Noah','Global Net','Writer'),('2754199982','Noah','Byte Solutions','Teacher'),('2756300705','Emma','Data Works','Manager'),('2757581879','Sophia','Byte Solutions','Teacher'),('2757731090','William','Data Works','Accountant'),('2759952834','Olivia','Byte Solutions','Developer'),('2760519256','James','Innovate Co','Accountant'),('2762154633','Noah','Byte Solutions','Manager'),('2763858592','Emma','Global Net','Artist'),('2766346456','Joh','Global Net','Artist'),('2769345926','Liam','Byte Solutions','Writer'),('2769531204','Liam','Data Works','Manager'),('2770749175','Emma','Innovate Co','Designer'),('2773005381','Olivia','Tech Corp','Engineer'),('2776102204','Olivia','Global Net','Designer'),('2776640231','William','Tech Corp','Designer'),('2779898237','Isabella','Byte Solutions','Artist'),('2780735158','Olivia','Innovate Co','Writer'),('2788028328','Liam','Tech Corp','Designer'),('2788380412','William','Data Works','Writer'),('2789229870','Sophia','Byte Solutions','Doctor'),('2796310813','William','Sky Soft','Doctor'),('2796767013','Noah','Innovate Co','Artist'),('2796928681','Sophia','Byte Solutions','Teacher'),('2800074299','Emma','Tech Corp','Teacher'),('2801562136','Mary','Info Systems','Manager'),('2808080940','William','Tech Corp','Engineer'),('2808624354','Isabella','Data Works','Accountant'),('2809123215','Emma','Tech Corp','Accountant'),('2813158123','Olivia','Data Works','Accountant'),('2826838621','William','Info Systems','Manager'),('2826938596','Isabella','Data Works','Writer'),('2827762720','Noah','Byte Solutions','Designer'),('2830226210','Sophia','Global Net','Accountant'),('2830759521','Liam','Innovate Co','Accountant'),('2831930688','Liam','Byte Solutions','Manager'),('2832896985','Sophia','Global Net','Accountant'),('2839663443','Liam','Data Works','Doctor'),('2840932317','James','Info Systems','Engineer'),('2843176091','Joh','Byte Solutions','Developer'),('2845675835','Noah','Sky Soft','Manager'),('2860243187','Joh','Sky Soft','Engineer'),('2861148229','William','Byte Solutions','Designer'),('2861440047','Sophia','Sky Soft','Designer'),('2868233368','William','Byte Solutions','Developer'),('2869959643','Joh','Byte Solutions','Engineer'),('2872596719','Isabella','Sky Soft','Artist'),('2874605946','Sophia','Sky Soft','Artist'),('2876222879','Mary','Data Works','Writer'),('2876439419','Noah','Sky Soft','Developer'),('2876666271','William','Tech Corp','Teacher'),('2880018847','Isabella','Info Systems','Artist'),('2883180651','Joh','Data Works','Engineer'),('2887957957','Emma','Global Net','Engineer'),('2888976928','Noah','Data Works','Teacher'),('2889052132','Joh','Innovate Co','Teacher'),('2890983142','Joh','Data Works','Manager'),('2891721391','Liam','Byte Solutions','Engineer'),('2893081288','Olivia','Innovate Co','Writer'),('2902321719','Joh','Sky Soft','Chef'),('2903090526','Liam','Byte Solutions','Doctor'),('2906913031','Liam','Info Systems','Writer'),('2907534186','Olivia','Data Works','Artist'),('2908096867','Joh','Byte Solutions','Artist'),('2910335954','William','Byte Solutions','Artist'),('2912110417','Isabella','Data Works','Artist'),('2913183337','Sophia','Byte Solutions','Developer'),('2914061870','Sophia','Data Works','Designer'),('2916594710','Olivia','Global Net','Artist'),('2917816605','Olivia','Global Net','Chef'),('2923072270','James','Innovate Co','Accountant'),('2926673343','Mary','Innovate Co','Engineer'),('2929270155','Isabella','Data Works','Manager'),('2930088822','Joh','Sky Soft','Teacher'),('2931159763','Isabella','Byte Solutions','Designer'),('2931663150','Mary','Data Works','Artist'),('2933454676','Olivia','Innovate Co','Chef'),('2933720926','Noah','Sky Soft','Teacher'),('2934326258','Mary','Tech Corp','Developer'),('2934403127','Noah','Tech Corp','Teacher'),('2934754731','William','Byte Solutions','Engineer'),('2934819258','Liam','Sky Soft','Artist'),('2937219120','Noah','Byte Solutions','Writer'),('2941330349','Emma','Tech Corp','Doctor'),('2943239368','Olivia','Global Net','Engineer'),('2945476857','Emma','Data Works','Teacher'),('2945599524','Olivia','Global Net','Designer'),('2945705985','James','Byte Solutions','Manager'),('2947509711','Emma','Global Net','Doctor'),('2948103291','William','Tech Corp','Accountant'),('2950490589','James','Global Net','Teacher'),('2950560813','William','Innovate Co','Accountant'),('2951207050','Sophia','Innovate Co','Developer'),('2952654999','Sophia','Sky Soft','Artist'),('2955819436','William','Byte Solutions','Designer'),('2955834599','Mary','Global Net','Designer'),('2957723635','Isabella','Data Works','Writer'),('2957746668','Olivia','Tech Corp','Chef'),('2960580511','Emma','Tech Corp','Manager'),('2963472402','Olivia','Byte Solutions','Manager'),('2966350719','Liam','Tech Corp','Doctor'),('2968077248','Noah','Innovate Co','Accountant'),('2968490206','Liam','Info Systems','Teacher'),('2969898639','Noah','Info Systems','Accountant'),('2970175492','Olivia','Sky Soft','Accountant'),('2972997587','Liam','Data Works','Teacher'),('2974529466','Sophia','Sky Soft','Artist'),('2977890846','William','Byte Solutions','Manager'),('2979851135','Olivia','Info Systems','Doctor'),('2982456149','Sophia','Byte Solutions','Accountant'),('2983337533','Isabella','Innovate Co','Artist'),('2984946486','Noah','Innovate Co','Accountant'),('2988711805','Liam','Global Net','Developer'),('2989199929','Emma','Info Systems','Designer'),('2989471411','James','Byte Solutions','Developer'),('2989942298','Liam','Byte Solutions','Engineer'),('2989945071','William','Data Works','Chef'),('2991639430','James','Byte Solutions','Accountant'),('2991981430','Joh','Byte Solutions','Writer'),('2992193903','Joh','Global Net','Writer'),('2994632540','Sophia','Innovate Co','Writer'),('2995496451','Noah','Innovate Co','Teacher'),('2999195657','Olivia','Global Net','Engineer'),('2999711233','Sophia','Global Net','Manager'),('3001579334','Emma','Innovate Co','Designer'),('3002393598','Liam','Data Works','Accountant'),('3003332818','Mary','Info Systems','Doctor'),('3005453477','Joh','Tech Corp','Accountant'),('3009094017','Mary','Info Systems','Doctor'),('3012492005','Emma','Byte Solutions','Developer'),('3014359832','Emma','Sky Soft','Doctor'),('3016091476','James','Tech Corp','Manager'),('3017872765','Isabella','Byte Solutions','Chef'),('3019749003','Joh','Byte Solutions','Writer'),('3023154335','Liam','Byte Solutions','Chef'),('3025752432','William','Global Net','Manager'),('3026284666','Mary','Global Net','Artist'),('3036196039','Liam','Tech Corp','Designer'),('3036571370','Olivia','Global Net','Teacher'),('3036991558','Liam','Innovate Co','Artist'),('3044349465','Mary','Data Works','Engineer'),('3048327826','Sophia','Innovate Co','Engineer'),('3051066014','Noah','Byte Solutions','Teacher'),('3053182402','Noah','Data Works','Writer'),('3056381228','Noah','Byte Solutions','Manager'),('3056777928','James','Global Net','Manager'),('3057160507','Noah','Data Works','Developer'),('3058792325','William','Info Systems','Doctor'),('3064873112','Emma','Tech Corp','Engineer'),('3069281486','Sophia','Info Systems','Artist'),('3072147929','Noah','Tech Corp','Writer'),('3072148515','Isabella','Innovate Co','Doctor'),('3075352024','Sophia','Sky Soft','Chef'),('3077616843','William','Byte Solutions','Teacher'),('3078396866','Emma','Byte Solutions','Engineer'),('3082199262','William','Global Net','Developer'),('3082463094','James','Global Net','Manager'),('3089915047','Liam','Info Systems','Manager'),('3090754934','Emma','Global Net','Designer'),('3091778989','Isabella','Sky Soft','Developer'),('3093080715','Isabella','Innovate Co','Manager'),('3107414589','Joh','Tech Corp','Designer'),('3107425624','William','Info Systems','Manager'),('3109245068','Liam','Innovate Co','Developer'),('3113498019','Joh','Data Works','Accountant'),('3113915504','Olivia','Global Net','Writer'),('3115895897','Liam','Data Works','Teacher'),('3118369023','Joh','Data Works','Manager'),('3118793059','Mary','Sky Soft','Accountant'),('3120067805','Noah','Global Net','Engineer'),('3122805763','Joh','Byte Solutions','Chef'),('3122839507','Liam','Global Net','Writer'),('3123015069','Mary','Innovate Co','Writer'),('3123697891','William','Info Systems','Developer'),('3123854395','Sophia','Sky Soft','Developer'),('3127870106','Joh','Info Systems','Writer'),('3129374615','William','Global Net','Doctor'),('3130137749','Emma','Info Systems','Engineer'),('3131573697','Joh','Byte Solutions','Designer'),('3131628988','Mary','Global Net','Engineer'),('3133876544','Mary','Innovate Co','Designer'),('3138408817','Mary','Tech Corp','Writer'),('3141974858','Emma','Sky Soft','Chef'),('3142193510','Isabella','Info Systems','Doctor'),('3143002011','Isabella','Info Systems','Accountant'),('3143071442','Liam','Tech Corp','Developer'),('3144017318','Sophia','Data Works','Accountant');
/*!40000 ALTER TABLE `身份信息` ENABLE KEYS */;
UNLOCK TABLES;

--
-- Table structure for table `顾客`
--

DROP TABLE IF EXISTS `顾客`;
/*!40101 SET @saved_cs_client     = @@character_set_client */;
/*!50503 SET character_set_client = utf8mb4 */;
CREATE TABLE `顾客` (
  `身份证号` varchar(255) NOT NULL,
  `消费金额` float NOT NULL,
  `旅游团_id` int NOT NULL,
  PRIMARY KEY (`身份证号`),
  KEY `旅游团_id` (`旅游团_id`),
  CONSTRAINT `顾客_ibfk_1` FOREIGN KEY (`身份证号`) REFERENCES `身份信息` (`身份证号`),
  CONSTRAINT `顾客_ibfk_2` FOREIGN KEY (`旅游团_id`) REFERENCES `旅游团` (`id`)
) ENGINE=InnoDB DEFAULT CHARSET=utf8mb4 COLLATE=utf8mb4_0900_ai_ci;
/*!40101 SET character_set_client = @saved_cs_client */;

--
-- Dumping data for table `顾客`
--

LOCK TABLES `顾客` WRITE;
/*!40000 ALTER TABLE `顾客` DISABLE KEYS */;
INSERT INTO `顾客` VALUES ('1003773759',16265.1,6),('1005750065',7153.08,10),('1005772359',19302.1,1),('1007356365',4271.69,8),('1011873347',21667,6),('1012477284',7447.79,6),('1021372339',7292.01,8),('1031358786',22216.2,3),('1032208022',25300.8,8),('1032407086',28699.4,3),('1035555550',24940.5,7),('1036217391',6366.95,6),('1038853989',1322.84,7),('1039800029',17867.5,1),('1040254104',20677.1,7),('1041450877',11691.5,7),('1041736492',18519,5),('1043694265',16267.7,7),('1045084079',26917.5,3),('1046303673',20047,2),('1046925037',26601.7,9),('1048125202',27695,2),('1049225981',24633.4,9),('1051317239',1974.65,9),('1054413360',13076.5,2),('1058707520',6749.39,1),('1062174013',3096.22,3),('1063782783',12474.6,1),('1066392595',1559.14,7),('1069281062',3434.95,2),('1070061626',10048.1,1),('1073140077',11990.4,9),('1073256974',6026.1,1),('1074933336',16623.8,5),('1076606551',13228.4,4),('1077172768',11496.8,4),('1083529400',11950.6,1),('1083940560',7093.95,3),('1084398475',28931,7),('1085665393',19213.8,9),('1086352413',1210.9,5),('1093925867',19949.9,5),('1103975555',27659.3,9),('1112366885',14561.8,5),('1113605195',8139.58,3),('1126974710',1761.47,8),('1138237033',3119.61,7),('1138532389',3048.4,8),('1138908407',29624.2,9),('1142308920',22898.9,2),('1142485150',18575.9,3),('1143663690',5959.57,3),('1150281835',14179.5,6),('1155951124',6854.73,8),('1159515602',19148.5,5),('1163255087',3795.97,9),('1164264876',16274,7),('1170617504',28012.7,7),('1171837322',21457.5,5),('1175529921',26332.7,9),('1179019698',12695.6,8),('1188638120',6575.96,2),('1189765576',8706.59,4),('1190307431',9413.33,8),('1192704074',20168.9,1),('1193001222',23814.6,8),('1193204715',5276.62,2),('1195157245',9180.46,8),('1203548735',15559.1,10),('1204319158',28397,2),('1207893154',17250.8,10),('1208483182',7165.08,9),('1211641454',24087.8,6),('1214503008',14929.5,5),('1218764373',14302.4,7),('1219959288',12923.2,3),('1221336556',9778.45,1),('1221833669',6252.33,8),('1235486039',24782.2,4),('1243116584',5688.8,4),('1244596923',2160.17,7),('1253183280',19701,4),('1254990179',16025.4,7),('1256916668',6992.54,9),('1257881839',25648.8,10),('1259040497',5048.88,9),('1259616469',2029.53,7),('1260573608',17749.5,4),('1263225371',18156.8,7),('1264859969',8255.9,4),('1266252378',6501.25,1),('1269434019',12440.3,7),('1270891160',29524.7,6),('1271836641',27212,3),('1272551926',6826.75,8),('1274433192',16874.7,8),('1276966262',25832.8,8),('1277039596',28026.2,7),('1278620553',10394.8,10),('1281915447',16339.7,7),('1284026640',8614.5,7),('1290513124',5968.79,9),('1291069963',25922.2,1),('1295265693',2113.88,8),('1296519340',23770.2,9),('1297163136',23661.8,1),('1297303491',9192.88,9),('1299183877',14511.3,9),('1299383328',22974.7,9),('1302146226',10024.7,7),('1303095925',28621.6,10),('1304268707',15234.6,3),('1305236720',12554.8,1),('1308602472',10074.9,2),('1311461652',19667.8,7),('1313861729',12364,9),('1315870491',15171.8,8),('1316545156',11826.2,6),('1321512501',11587.7,4),('1329914421',23354.5,3),('1332562569',29473.3,4),('1334985072',27582.2,10),('1340029856',2837.8,5),('1341643821',8622.53,10),('1348565977',3859.61,3),('1349832535',25820.5,10),('1351737085',20394.7,5),('1359933679',16458.2,7),('1361017863',23588.4,6),('1365106995',4004.34,1),('1366035026',6421.28,7),('1369319251',18447.1,2),('1373239634',6560.12,7),('1374109645',4497,2),('1374979675',11176.5,8),('1376937463',5223.73,4),('1379160409',24733.1,9),('1382796355',5368.22,8),('1383361188',2430.99,9),('1384070207',1627.09,4),('1384763284',2433.73,4),('1385298149',28676.1,5),('1388412082',28753.8,2),('1388579143',17255.1,2),('1390142215',2238.4,10),('1398841587',21439.5,7),('1401740026',19411.2,10),('1402297067',27839.2,3),('1403753548',11100.9,9),('1405974098',6781.64,1),('1406104264',11918,2),('1406619081',1269.87,8),('1409106930',21977.3,2),('1412913755',3105.36,3),('1413201659',20919.4,7),('1414392160',19619.8,8),('1414914922',10012.7,6),('1414965774',5527.12,4),('1421644656',28674.3,3),('1423284658',13784.9,8),('1430095344',19416,8),('1434123226',9224.36,8),('1439514663',26024,8),('1444198228',14636.5,7),('1445397933',9409.45,6),('1446653457',22318.3,7),('1449742965',16772.8,6),('1449815617',24968.1,5),('1451381148',7778.19,3),('1451811398',3946,10),('1453082921',4728.19,8),('1458713248',26025.6,10),('1464009640',22163.7,6),('1465845741',9719.76,2),('1468697130',15426.3,8),('1470870199',10115.2,9),('1475552819',7350.04,6),('1475962726',29007.6,10),('1479722733',17677.3,1),('1480156570',19295.4,2),('1480388585',20628.1,6),('1482774905',28151.2,8),('1484381934',15468.7,5),('1487450605',15642.1,2),('1488957507',10317.2,10),('1490185179',8773.1,2),('1491262870',24932,9),('1495643735',3649.97,6),('1497553030',12382,3),('1503247625',3664.94,10),('1505235646',29480.8,2),('1505656088',2608.65,3),('1507222866',15327.6,2),('1508707533',23341.9,6),('1510692686',10073.9,2),('1514564197',10237.4,3),('1514582016',6131.02,6),('1514772262',28223.4,1),('1520674817',23817.2,5),('1528629764',27850.2,1),('1528661803',28256.5,1),('1530342258',1184.5,6),('1531064608',13929.9,5),('1533191715',9091.89,3),('1538034350',24788.5,8),('1538235101',11400.2,9),('1538429700',14154.6,3),('1540215633',18730.8,6),('1541988354',10500,6),('1542379799',7120.21,1),('1550519839',28169.4,9),('1553114650',21147.7,4),('1553989244',8300.49,4),('1555043312',4276.82,1),('1556042379',24262,10),('1557023003',26479.1,10),('1557704652',14272.6,5),('1561441207',19157.8,7),('1561988215',4606.55,7),('1564510483',6368.14,2),('1564898725',3586.93,5),('1569249620',27298.9,9),('1572415630',20726.6,3),('1572632406',21835.7,9),('1573743480',1850.85,5),('1575788107',26529.8,3),('1576351044',5222.2,7),('1577416464',12659.3,5),('1580916868',25283.3,6),('1580955927',5814.82,6),('1583412294',1801.49,2),('1588369355',6498.22,2),('1588843998',5614.61,3),('1589685313',15621.2,9),('1590485167',1462.28,5),('1597127676',11188,7),('1602151684',26436.7,2),('1606517966',28071.7,8),('1607296817',19829.1,10),('1612624483',15166.9,10),('1613345272',11044.5,6),('1613553178',16168.5,4),('1616953744',22943.7,7),('1619591103',29556.9,1),('1620316331',15718.2,3),('1626564697',14068.7,1),('1626764206',15274.4,9),('1629550230',1258.1,6),('1631124318',28656.1,9),('1632849886',2137.64,1),('1638520819',11882.6,1),('1643850362',10934.3,4),('1646189177',15986.3,7),('1649593152',19975.5,10),('1650427775',28979.5,4),('1653292359',21454.3,1),('1656235478',2901.03,3),('1656496854',25767.4,8),('1657422775',2583.03,5),('1661748892',13512.8,5),('1663866841',4530.82,3),('1667945744',10527.1,3),('1668188044',15144.1,7),('1668811412',14662.4,6),('1669722854',23004.1,3),('1670856934',27031,3),('1672152481',28003.6,10),('1672683903',2444.75,8),('1674429015',24200.1,2),('1676834025',6224.64,2),('1679014945',14969.8,9),('1683477299',13565,1),('1685146550',29123.3,7),('1686775310',25336.6,2),('1694259031',27221.6,2),('1694945299',16631.2,6),('1695595395',28543.9,8),('1695935705',12646.4,5),('1696813074',3483.83,5),('1696842947',26236.5,9),('1697588022',16879.5,7),('1701443157',22076.1,3),('1702257732',23987.1,1),('1703819610',7940.55,2),('1706470632',25875.8,6),('1709154465',24301.4,2),('1709422804',25341.7,4),('1710918293',12087.6,10),('1711690280',26383.6,6),('1713496232',14721.8,6),('1714047586',9249.97,5),('1714912159',17853.3,1),('1718294789',16976.3,3),('1718504956',10452.5,7),('1718765004',3008.55,1),('1719826543',12440.9,6),('1719846108',1180.53,5),('1720376932',10177.4,8),('1728180299',20466.5,5),('1735028908',4470.97,9),('1738133161',1789.55,5),('1738649434',3093.16,5),('1739288221',19460.8,8),('1742185274',11207.7,2),('1746166032',17495.4,7),('1747431050',3861.79,10),('1748333109',2144.23,10),('1748716646',5154.02,9),('1749362187',12590.5,2),('1750323285',18450.9,9),('1753628178',9172.34,5),('1755508488',26225,1),('1757029347',10591.1,3),('1757374750',16621.8,1),('1762606963',4302.38,9),('1766078120',18542.8,6),('1766133742',3221.04,10),('1767046011',9974.48,8),('1769850144',17406.2,3),('1772718967',20435.9,3),('1773801777',4750.1,5),('1775684725',12981,4),('1777863626',19331.1,7),('1782156444',17326.6,3),('1783787283',1457.17,1),('1784771540',18152.7,8),('1784913992',28201.1,8),('1785651981',5520.93,10),('1787657440',22683.2,4),('1787905106',3997.26,7),('1790070732',19612.9,1),('1791235258',20605.6,8),('1792008352',15671.8,3),('1792193564',17645.2,2),('1795416040',1735.77,7),('1795444052',14400.2,5),('1797717032',15581,5),('1799324914',28008.3,7),('1805220441',25516.8,10),('1806272161',16165.4,4),('1808200141',5858.42,7),('1808239748',16118.1,3),('1808461265',1009.44,6),('1810525614',3980.52,9),('1810981996',7638.09,2),('1812143443',4915.22,9),('1812963357',7360.41,6),('1813245202',22206.1,6),('1813767187',3695.86,7),('1813902522',29400.1,7),('1814232820',17827.1,9),('1819345226',6885.32,2),('1819570763',27089.9,5),('1825337046',12942.4,7),('1828420942',28442.4,10),('1833304899',17810,10),('1836009686',20340.8,7),('1837120727',19229.1,9),('1837204475',23911,1),('1842032700',2282.49,1),('1845461740',7228.96,7),('1846416074',7854.97,5),('1846565115',10541.4,8),('1849198864',18465,4),('1849560885',21646.6,6),('1850620593',12032.4,2),('1857410820',21740.6,6),('1860249553',19027.8,10),('1861872901',14209.2,3),('1863683888',11495.7,10),('1863840842',14559.5,7),('1864072449',20777.8,7),('1867724189',25408.6,9),('1869425884',22338.3,3),('1875190414',25995.3,6),('1879415632',4567.48,6),('1883722865',6091.11,6),('1884405325',19870.7,4),('1891046536',16051.5,10),('1891889574',16379.8,1),('1896006992',19595.7,6),('1896256687',16513,3),('1897776644',9585.95,3),('1898793745',29670.7,5),('1899583856',3445.48,7),('1900200311',19483.9,5),('1900324294',28052.9,1),('1902924423',8266.74,3),('1905139210',12813.9,5),('1905947317',8760.79,7),('1907545968',10637.7,7),('1911275421',2544.89,5),('1913904605',18515.1,4),('1914182413',15813.1,6),('1915794627',11754.2,1),('1917916310',13444.3,10),('1921853399',3897.33,6),('1923482380',7506.61,10),('1927981791',24704.7,1),('1928611833',13869.2,8),('1936798703',4641.91,7),('1945825956',25690.5,5),('1950761357',1814.27,6),('1953984884',15542,8),('1955679779',6212.13,3),('1959522660',5808.36,5),('1966998089',15192.2,2),('1968995671',13440.7,7),('1972420767',9098.92,4),('1975434532',20237.6,8),('1976685776',20914.8,2),('1976820313',14137.3,3),('1976998625',3279.27,2),('1977479956',27465.1,4),('1978065718',12233.7,5),('1978154873',28210.4,1),('1980166080',29446.1,6),('1983003496',23203.8,7),('1984960943',7795.27,2),('1987473551',4747.58,7),('1988138262',8359.55,9),('1988557754',8290.59,7),('1991076697',24245.1,1),('1992260324',7578.93,6),('1992775904',1155.82,8),('1997403407',5802.56,5),('1997917030',20154.2,1),('1998360287',14547.4,8),('1998991029',18228.7,10),('1999910927',3442.67,7),('2003122667',10876.1,1),('2003372061',7137.78,6),('2005853435',29880.5,8),('2007379024',10774,9),('2008736797',17690.4,6),('2012242527',18551.3,7),('2015526339',8952.48,9),('2019061357',11431.6,3),('2019503777',24551.4,9),('2021688427',17369.8,10),('2028367204',17347.1,8),('2029168209',22789.8,5),('2033403989',1982.37,5),('2035299424',28971.3,3),('2036909096',22291.6,4),('2037027663',27011.7,5),('2037718090',29276.1,2),('2038049914',14926,10),('2041116339',22148.9,10),('2041322958',19889.1,4),('2044152457',25156.9,4),('2044269317',22120.1,9),('2047470042',17181.1,9),('2047827335',14200,1),('2052418777',26394.7,1),('2052617671',5377.62,6),('2054429262',6114.84,8),('2056215686',7746.22,4),('2062464820',13511.6,2),('2063030453',2943.72,10),('2066298573',1818.22,9),('2068575247',6359.39,2),('2069868187',9936.2,6),('2070283788',28606.7,10),('2071113449',7389.96,4),('2071634781',3589.53,9),('2077814195',29664.6,1),('2078552463',15363.6,7),('2078970944',10571.5,5),('2079045374',17084.1,3),('2081125420',23040.2,7),('2082551390',13137,2),('2083118004',17010.8,9),('2086214333',1970.79,7),('2086582909',11696.4,8),('2087808542',8902.78,7),('2089293565',16587.4,9),('2089658218',10132.7,5),('2089724226',4467.29,3),('2094385377',10739,9),('2094927988',5650.66,10),('2095575373',7315.67,9),('2095663189',6887.39,4),('2096235930',3434.85,8),('2096665934',17478.7,10),('2099250641',29203.6,6),('2100512349',18657.2,2),('2108877206',27866,9),('2109674912',16573.8,4),('2111004059',23364.1,5),('2114889328',1398.56,3),('2115202568',12878,4),('2116462371',6266.05,1),('2119406002',15271.2,7),('2119871510',16843.3,1),('2121718348',29309.8,2),('2123318420',27087.9,3),('2124840584',10989.9,1),('2128088242',25830.3,1),('2128101402',21832.6,1),('2130269549',16755.1,5),('2131461895',19751.1,1),('2132288368',20590.1,3),('2135601809',13177.9,2),('2137468353',10389.5,4),('2140995845',9969.49,10),('2142047032',9781.98,5),('2142840952',3394.57,3),('2143968080',12024.9,4),('2144854333',7608.46,4),('2145041959',7834.86,4),('2146535345',23189.1,10),('2148141603',2312.38,1),('2149701888',17556.9,4),('2153800394',10350,6),('2154431801',29506.2,4),('2154729466',6519.84,6),('2158488222',13366.4,10),('2161221803',19445.9,5),('2166828358',4825.62,3),('2167620420',22123.8,2),('2168959027',7789.91,8),('2170663267',14619.9,2),('2170717132',13395.9,10),('2173355452',26302.1,4),('2175445208',15550.5,7),('2177101478',6559.87,1),('2178651332',18293.2,8),('2183691141',4212.4,5),('2184994901',6347.76,4),('2185880310',18176.7,3),('2186139973',15789.3,4),('2189803051',1484.32,3),('2191383476',23753.5,9),('2193242583',21976.2,4),('2193645430',1353.36,9),('2196832771',3308.9,10),('2198068646',2294.48,7),('2198690052',18124,5),('2198907505',25055.5,7),('2203782226',22606.9,3),('2204663433',11950.1,2),('2205317019',10237.9,2),('2205355460',21100.9,10),('2206651333',21490.3,1),('2207032553',21944.9,4),('2208507975',8827.01,4),('2211524785',24232.5,9),('2211949624',18347.6,10),('2212317069',29974.4,2),('2213358752',11972.2,2),('2215434370',17314.2,6),('2216490444',24285.4,7),('2216784403',9954.96,4),('2218457767',18187.1,9),('2219262961',5117.38,2),('2220175749',10924.3,2),('2222536545',7179.46,1),('2226038602',21683.6,8),('2228303112',15138.2,6),('2233138124',26406.2,3),('2233430777',14047.1,2),('2234724305',7462.04,7),('2235904159',28479.2,3),('2237574702',6632.51,5),('2240911586',28642.3,10),('2242916253',10783.1,3),('2243929882',5219.54,10),('2247641109',22098.8,8),('2247759424',19638.1,7),('2249371411',20944,3),('2250359577',29999,2),('2253361078',16480.8,4),('2257263680',3920.17,5),('2261933882',3389.23,4),('2264163058',18265.6,8),('2264893003',9612.57,7),('2265814169',19548,2),('2271134889',11655.1,9),('2274496611',28702.3,5),('2277704036',26402.7,4),('2279551667',23417.4,7),('2281610801',24968.2,1),('2288052727',9137.25,1),('2288705682',5241.1,1),('2290047132',7547.83,10),('2290363675',17732,7),('2292207618',18126.6,8),('2292515784',27943.3,1),('2295140293',5988.69,2),('2295790202',28526.1,1),('2296114760',22238.3,7),('2296360531',1490.98,2),('2297281858',2452.95,9),('2298122553',22027.6,7),('2300497811',7052.25,8),('2301685233',16102.1,3),('2304898615',23967.8,6),('2308688862',25806.1,4),('2310035910',5609.17,2),('2314622201',8196.4,10),('2314867525',23883,4),('2314983244',10265.8,5),('2316886121',17359.9,9),('2317028417',11949.7,6),('2318389240',2562.29,7),('2319227649',5063.41,1),('2319647647',3141.87,7),('2319957004',16384.2,10),('2323542864',15593.4,2),('2327607446',20519.7,6),('2331577935',11253.3,3),('2332480303',27220.5,6),('2337225032',7906.62,7),('2341830675',11207.6,3),('2344595336',18772.8,3),('2348348914',4078.63,8),('2348805582',2930.1,10),('2349070873',12345.2,9),('2355513401',15736,8),('2359776499',26759.7,7),('2364201335',16809.4,2),('2365837862',13097.3,5),('2366288929',8453.61,6),('2368289045',29432.4,1),('2368628072',28775.4,1),('2371831030',8429.1,4),('2373219776',3880.66,4),('2376750888',12411,6),('2378989398',11899.9,7),('2380230681',20909.1,2),('2380385482',12433.1,8),('2381573051',18333.5,10),('2386743179',19041.9,5),('2391508122',16269.3,3),('2394310543',24991.4,1),('2395307619',14812.8,8),('2396210169',22031.8,5),('2397182750',10339.1,5),('2399184017',28949.1,7),('2401499269',11061.1,10),('2401610689',5925.52,1),('2402428731',11074.2,10),('2403115803',24075.6,5),('2404424046',21860.6,7),('2405072673',8388.36,10),('2405600529',5388.21,2),('2408588735',15271.1,2),('2413266802',9286.14,8),('2417706048',24057.6,8),('2418954909',22809,1),('2428178896',12173.5,10),('2429048092',29301.7,8),('2435960942',10859.8,5),('2438000368',16169.9,10),('2439285648',11228.7,1),('2439885932',6015.06,3),('2442283144',2848.9,3),('2445652845',2695.62,7),('2446993660',11330.5,6),('2447109410',7018.68,6),('2450986863',14547.4,8),('2451678252',10813.8,6),('2456696629',22873.2,10),('2461119798',18278.3,2),('2462312772',16514.8,9),('2462529988',8160.24,8),('2470879117',9435.23,3),('2483250944',12526,8),('2484258156',14457.6,8),('2485139331',2596.69,6),('2486857900',9719.48,2),('2487476308',14346.8,3),('2487576090',18094.1,2),('2487664931',16976.7,1),('2488796213',4075.63,9),('2488893973',10716.5,1),('2492646876',27982.7,1),('2493722562',11220.6,10),('2497088725',10080.5,3),('2498739965',15855.6,2),('2501416165',11415.9,2),('2502096648',7291.29,4),('2505640878',2056.69,3),('2509569673',22596.8,6),('2510899517',4897.08,3),('2511063761',26912.6,1),('2513216783',23881.4,7),('2521862517',26737.8,10),('2522268494',4633.94,3),('2522552951',20716.8,8),('2523712405',6035.91,8),('2524937098',14919.1,6),('2529761927',28218,8),('2532632910',13690.9,5),('2534571838',9573.47,3),('2535160397',26416.9,7),('2537574820',19774.9,3),('2538727121',19521.6,3),('2541266726',5210.34,4),('2542799250',27930.2,3),('2545728959',19369.4,1),('2549850897',29445.6,10),('2553549832',26676.2,5),('2555925315',10539.5,10),('2560776014',24937.4,5),('2563836399',24156,10),('2564002970',13790.6,4),('2564161487',20566.5,8),('2567283361',16073,9),('2568767704',5593.89,2),('2569210424',14536.2,5),('2569600841',14040.8,5),('2573145170',11546.5,2),('2574121210',16848.6,5),('2576403754',23697.1,6),('2577075338',14735,10),('2577516948',12972.7,3),('2581329577',2810.68,9),('2584105065',7795.16,9),('2588170538',20294.6,8),('2588633093',22659.9,2),('2589403971',18333,10),('2591362364',4382.64,2),('2596561977',13569.6,8),('2599865227',21408.4,9),('2602129398',12324.3,10),('2602743212',3207.53,10),('2603036363',20800.1,7),('2605038465',21712.9,6),('2608174216',12991.8,1),('2608679950',14592.5,10),('2611191370',21400.7,8),('2612424768',14296.9,2),('2613637286',8979.02,10),('2614963345',13838.3,2),('2615762444',9794.69,5),('2617824439',5736.91,6),('2619434664',25749.7,6),('2623413588',4089.94,5),('2624365846',10543.8,6),('2629388479',12531,8),('2630493635',27671,4),('2631676509',4296.99,4),('2634721468',23389.9,3),('2637726173',28102.4,10),('2638222373',16041,6),('2639929029',12423.6,7),('2640125836',26540.1,6),('2640477255',22456.6,1),('2641467536',14560.7,1),('2641567138',14719.2,5),('2642077827',20208.8,1),('2647175269',7517.12,7),('2647721701',24896.1,6),('2649277461',21889,5),('2650713895',9903.36,5),('2650746120',23535.1,8),('2652873655',10830.8,6),('2653135058',21859.2,1),('2654012924',5610.51,2),('2656454699',3793.38,2),('2656974930',14343.9,3),('2657614480',25135.5,5),('2658014152',14582.1,2),('2660663583',21811.8,4),('2663321579',11374.4,6),('2665053289',25000.6,8),('2665478199',26906.6,4),('2669607906',1248.07,2),('2671731213',9682.25,10),('2671992641',3559.19,1),('2672359863',2963.43,1),('2674844501',26854.8,9),('2676717960',16997.4,4),('2678712661',24685.5,10),('2679166840',6883.96,6),('2680596938',17338.3,6),('2684230697',4290.71,7),('2686357968',23885.2,10),('2691967593',3699.41,7),('2692858139',21199.1,7),('2695443619',27654,8),('2699914781',7410.95,6),('2701062420',10962,3),('2703680365',8590.18,5),('2705625330',24710.7,10),('2706075341',15904.7,9),('2707436795',22474.4,5),('2707806003',1023.01,9),('2709976668',18782,7),('2713446064',20028.1,6),('2715194759',12289.5,8),('2718661179',7968.61,5),('2719495895',23380.5,3),('2730776200',14161.1,5),('2731178880',26839.2,6),('2731256401',9059.75,6),('2733886809',29944.9,8),('2735865373',23507.9,2),('2738596629',10137,4),('2739328882',27847.2,10),('2740015658',11908.6,8),('2740306428',4880.97,8),('2741732805',29187.5,3),('2741977850',19648.1,4),('2742610178',22015.6,4),('2744466873',15236.3,10),('2744778863',21033.4,10),('2749418689',3965.74,2),('2749555846',27325.6,6),('2751138468',24304.6,9),('2753305298',25408.8,8),('2753830398',22495.4,3),('2754199982',26743.5,1),('2756300705',29921.1,9),('2757581879',27860.4,1),('2757731090',17840.6,4),('2759952834',18337.5,3),('2760519256',8956.69,7),('2762154633',24639.7,3),('2763858592',4639.23,10),('2766346456',12642.1,5),('2769345926',5801.49,4),('2769531204',29645.2,3),('2770749175',9233,7),('2773005381',20669.3,9),('2776102204',27733.8,1),('2776640231',1075.18,7),('2779898237',27145.2,9),('2780735158',6446.48,4),('2788028328',25109.3,8),('2788380412',21081,3),('2789229870',8990.34,2),('2796310813',2221.8,9),('2796767013',7812.43,10),('2796928681',25200.6,2),('2800074299',1237.67,6),('2801562136',24502.7,10),('2808080940',15549.9,8),('2808624354',13371.8,2),('2809123215',1613.87,4),('2813158123',20305.1,4),('2826838621',22046.7,2),('2826938596',27030.2,5),('2827762720',1397.45,7),('2830226210',9227.25,6),('2830759521',24188.5,5),('2831930688',17105.9,1),('2832896985',5314.48,7),('2839663443',15817.5,2),('2840932317',10666,10),('2843176091',9576.08,9),('2845675835',9214.39,1),('2860243187',7411.83,5),('2861148229',2145.55,1),('2861440047',28793.9,4),('2868233368',25981.3,2),('2869959643',15898,4),('2872596719',19400.2,1),('2874605946',4374.04,9),('2876222879',5352.05,9),('2876439419',2705.33,9),('2876666271',26902,4),('2880018847',2718.59,7),('2883180651',19924.4,9),('2887957957',8401.54,7),('2888976928',26315.8,10),('2889052132',19427.1,2),('2890983142',11787.9,6),('2891721391',29528.3,9),('2893081288',17726.9,4),('2902321719',25065.4,6),('2903090526',19862,10),('2906913031',25656.4,5),('2907534186',12059.3,5),('2908096867',1057.08,8),('2910335954',13083,4),('2912110417',26810.6,10),('2913183337',29510.8,7),('2914061870',15478.5,7),('2916594710',28861.1,1),('2917816605',10365.4,2),('2923072270',25080.3,3),('2926673343',11122,5),('2929270155',22111.7,5),('2930088822',23118.3,7),('2931159763',2770.43,7),('2931663150',11998,4),('2933454676',13366.5,10),('2933720926',28111,4),('2934326258',20528.8,7),('2934403127',16679,3),('2934754731',22033.3,3),('2934819258',22389.8,7),('2937219120',11034.2,5),('2941330349',9306.71,3),('2943239368',7938.75,8),('2945476857',15303.9,9),('2945599524',4893.9,1),('2945705985',23412.1,2),('2947509711',29987.4,7),('2948103291',11667.8,1),('2950490589',27500.4,1),('2950560813',26349.5,3),('2951207050',19892.2,7),('2952654999',13812.4,1),('2955819436',8175.27,1),('2955834599',20307,8),('2957723635',25088.8,1),('2957746668',6566.04,8),('2960580511',9518.53,2),('2963472402',14508.2,10),('2966350719',16348.9,2),('2968077248',12813.7,6),('2968490206',6842.91,6),('2969898639',17082.4,5),('2970175492',5990.83,2),('2972997587',1973.64,10),('2974529466',12390.3,1),('2977890846',4250.05,3),('2979851135',24486.3,4),('2982456149',23190,7),('2983337533',2461.57,2),('2984946486',13693.3,2),('2988711805',20409.7,3),('2989199929',23082.9,9),('2989471411',23515.4,4),('2989942298',17558.9,9),('2989945071',8998.43,7),('2991639430',2644.32,9),('2991981430',15924,8),('2992193903',1153.81,6),('2994632540',8372.29,5),('2995496451',25682.3,7),('2999195657',13229,6),('2999711233',12331.1,4),('3001579334',21138.9,4),('3002393598',14908.7,3),('3003332818',29244.5,8),('3005453477',6702.41,9),('3009094017',5004.46,4),('3012492005',12588.6,4),('3014359832',23981.6,8),('3016091476',24326.6,4),('3017872765',1478.96,2),('3019749003',10235.9,10),('3023154335',25678.7,2),('3025752432',18530.5,2),('3026284666',5930.58,8),('3036196039',1613.53,3),('3036571370',9116.23,9),('3036991558',13287.7,7),('3044349465',23343.2,9),('3048327826',13460.1,4),('3051066014',26207.3,4),('3053182402',10827,9),('3056381228',19863.3,3),('3056777928',22132.6,10),('3057160507',12465.1,6),('3058792325',6047.81,4),('3064873112',8891.57,10),('3069281486',26851.6,7),('3072147929',25910.5,6),('3072148515',2609.55,8),('3075352024',15100.2,4),('3077616843',11491.5,7),('3078396866',20641.1,9),('3082199262',12504.8,10),('3082463094',8101.39,4),('3089915047',7669.56,3),('3090754934',23007.2,7),('3091778989',2667.43,4),('3093080715',1347,3),('3107414589',2533.17,6),('3107425624',22942.4,6),('3109245068',11097.5,7),('3113498019',14453.1,9),('3113915504',13941.1,2),('3115895897',29990.1,1),('3118369023',2426.19,1),('3118793059',4260.44,10),('3120067805',9800.81,4),('3122805763',23584.6,8),('3122839507',5896.46,2),('3123015069',11137.5,9),('3123697891',8957.94,7),('3123854395',1085.48,8),('3127870106',6668.57,2),('3129374615',25380.8,1),('3130137749',2591.83,9),('3131573697',11068.7,9),('3131628988',2197.18,5),('3133876544',18649.1,1),('3138408817',29692.6,4),('3141974858',1540.7,3),('3142193510',15083,2),('3143002011',6851.86,10),('3143071442',7943.86,4),('3144017318',25822.2,4);
/*!40000 ALTER TABLE `顾客` ENABLE KEYS */;
UNLOCK TABLES;

--
-- Temporary view structure for view `顾客旅游信息视图`
--

DROP TABLE IF EXISTS `顾客旅游信息视图`;
/*!50001 DROP VIEW IF EXISTS `顾客旅游信息视图`*/;
SET @saved_cs_client     = @@character_set_client;
/*!50503 SET character_set_client = utf8mb4 */;
/*!50001 CREATE VIEW `顾客旅游信息视图` AS SELECT 
 1 AS `身份证号`,
 1 AS `姓名`,
 1 AS `工作单位`,
 1 AS `职业`,
 1 AS `旅游时间`,
 1 AS `旅游费用`,
 1 AS `保险`,
 1 AS `服务等级`,
 1 AS `旅游合同`*/;
SET character_set_client = @saved_cs_client;

--
-- Final view structure for view `分公司业绩视图`
--

/*!50001 DROP VIEW IF EXISTS `分公司业绩视图`*/;
/*!50001 SET @saved_cs_client          = @@character_set_client */;
/*!50001 SET @saved_cs_results         = @@character_set_results */;
/*!50001 SET @saved_col_connection     = @@collation_connection */;
/*!50001 SET character_set_client      = utf8mb4 */;
/*!50001 SET character_set_results     = utf8mb4 */;
/*!50001 SET collation_connection      = utf8mb4_0900_ai_ci */;
/*!50001 CREATE ALGORITHM=UNDEFINED */
/*!50013 DEFINER=`root`@`%` SQL SECURITY DEFINER */
/*!50001 VIEW `分公司业绩视图` AS select `旅游分公司`.`id` AS `分公司ID`,`旅游分公司`.`分公司名` AS `分公司名`,sum(`导游员工`.`业绩金额`) AS `分公司销售额` from (`旅游分公司` join `导游员工` on((`旅游分公司`.`id` = `导游员工`.`分公司_id`))) group by `旅游分公司`.`id`,`旅游分公司`.`分公司名` */;
/*!50001 SET character_set_client      = @saved_cs_client */;
/*!50001 SET character_set_results     = @saved_cs_results */;
/*!50001 SET collation_connection      = @saved_col_connection */;

--
-- Final view structure for view `导游业绩视图`
--

/*!50001 DROP VIEW IF EXISTS `导游业绩视图`*/;
/*!50001 SET @saved_cs_client          = @@character_set_client */;
/*!50001 SET @saved_cs_results         = @@character_set_results */;
/*!50001 SET @saved_col_connection     = @@collation_connection */;
/*!50001 SET character_set_client      = utf8mb4 */;
/*!50001 SET character_set_results     = utf8mb4 */;
/*!50001 SET collation_connection      = utf8mb4_0900_ai_ci */;
/*!50001 CREATE ALGORITHM=UNDEFINED */
/*!50013 DEFINER=`root`@`%` SQL SECURITY DEFINER */
/*!50001 VIEW `导游业绩视图` AS select `导游员工`.`导游号` AS `导游号`,`身份信息`.`姓名` AS `姓名`,`导游员工`.`导游资格等级` AS `导游资格等级`,`导游员工`.`业绩金额` AS `业绩金额`,`导游员工`.`旅游团_id` AS `旅游团_id` from (`导游员工` join `身份信息` on((`导游员工`.`身份证号` = `身份信息`.`身份证号`))) */;
/*!50001 SET character_set_client      = @saved_cs_client */;
/*!50001 SET character_set_results     = @saved_cs_results */;
/*!50001 SET collation_connection      = @saved_col_connection */;

--
-- Final view structure for view `旅游线路详情视图`
--

/*!50001 DROP VIEW IF EXISTS `旅游线路详情视图`*/;
/*!50001 SET @saved_cs_client          = @@character_set_client */;
/*!50001 SET @saved_cs_results         = @@character_set_results */;
/*!50001 SET @saved_col_connection     = @@collation_connection */;
/*!50001 SET character_set_client      = utf8mb4 */;
/*!50001 SET character_set_results     = utf8mb4 */;
/*!50001 SET collation_connection      = utf8mb4_0900_ai_ci */;
/*!50001 CREATE ALGORITHM=UNDEFINED */
/*!50013 DEFINER=`root`@`%` SQL SECURITY DEFINER */
/*!50001 VIEW `旅游线路详情视图` AS select `旅游线路`.`id` AS `线路ID`,`地点`.`地点` AS `地点`,`景点`.`景点` AS `景点`,`旅游时间段`.`旅游时间段` AS `旅游时间段`,`旅游时间段`.`价格` AS `价格`,`旅游时间段`.`交通方式` AS `交通方式`,`旅游时间段`.`服务等级` AS `服务等级`,`旅游时间段`.`收入信息` AS `收入信息` from (((`旅游线路` join `地点` on((`旅游线路`.`id` = `地点`.`旅游线路_id`))) join `景点` on((`旅游线路`.`id` = `景点`.`旅游线路_id`))) join `旅游时间段` on((`旅游线路`.`id` = `旅游时间段`.`旅游线路_id`))) */;
/*!50001 SET character_set_client      = @saved_cs_client */;
/*!50001 SET character_set_results     = @saved_cs_results */;
/*!50001 SET collation_connection      = @saved_col_connection */;

--
-- Final view structure for view `顾客旅游信息视图`
--

/*!50001 DROP VIEW IF EXISTS `顾客旅游信息视图`*/;
/*!50001 SET @saved_cs_client          = @@character_set_client */;
/*!50001 SET @saved_cs_results         = @@character_set_results */;
/*!50001 SET @saved_col_connection     = @@collation_connection */;
/*!50001 SET character_set_client      = utf8mb4 */;
/*!50001 SET character_set_results     = utf8mb4 */;
/*!50001 SET collation_connection      = utf8mb4_0900_ai_ci */;
/*!50001 CREATE ALGORITHM=UNDEFINED */
/*!50013 DEFINER=`root`@`%` SQL SECURITY DEFINER */
/*!50001 VIEW `顾客旅游信息视图` AS select `顾客`.`身份证号` AS `身份证号`,`身份信息`.`姓名` AS `姓名`,`身份信息`.`工作单位` AS `工作单位`,`身份信息`.`职业` AS `职业`,`旅游信息`.`旅游时间` AS `旅游时间`,`旅游信息`.`旅游费用` AS `旅游费用`,`旅游信息`.`保险` AS `保险`,`旅游信息`.`服务等级` AS `服务等级`,`旅游信息`.`旅游合同` AS `旅游合同` from ((`顾客` join `身份信息` on((`顾客`.`身份证号` = `身份信息`.`身份证号`))) join `旅游信息` on((`顾客`.`身份证号` = `旅游信息`.`顾客_身份证号`))) */;
/*!50001 SET character_set_client      = @saved_cs_client */;
/*!50001 SET character_set_results     = @saved_cs_results */;
/*!50001 SET collation_connection      = @saved_col_connection */;
/*!40103 SET TIME_ZONE=@OLD_TIME_ZONE */;

/*!40101 SET SQL_MODE=@OLD_SQL_MODE */;
/*!40014 SET FOREIGN_KEY_CHECKS=@OLD_FOREIGN_KEY_CHECKS */;
/*!40014 SET UNIQUE_CHECKS=@OLD_UNIQUE_CHECKS */;
/*!40101 SET CHARACTER_SET_CLIENT=@OLD_CHARACTER_SET_CLIENT */;
/*!40101 SET CHARACTER_SET_RESULTS=@OLD_CHARACTER_SET_RESULTS */;
/*!40101 SET COLLATION_CONNECTION=@OLD_COLLATION_CONNECTION */;
/*!40111 SET SQL_NOTES=@OLD_SQL_NOTES */;

-- Dump completed on 2023-12-17  9:25:47
