USE tour;

INSERT INTO 总公司 (总公司名) VALUES ('ABC Travel Company');

INSERT INTO 旅游分公司 (分公司名, 总公司_id) VALUES ('分公司A', 1);

INSERT INTO 旅游分公司 (分公司名, 总公司_id) VALUES ('分公司B', 1);

INSERT INTO 旅游分公司 (分公司名, 总公司_id) VALUES ('分公司C', 1);

INSERT INTO 旅游分公司 (分公司名, 总公司_id) VALUES ('分公司D', 1);

INSERT INTO 旅游分公司 (分公司名, 总公司_id) VALUES ('分公司E', 1);

INSERT INTO 旅游分公司 (分公司名, 总公司_id) VALUES ('分公司F', 1);

INSERT INTO 旅游分公司 (分公司名, 总公司_id) VALUES ('分公司G', 1);

INSERT INTO 旅游分公司 (分公司名, 总公司_id) VALUES ('分公司H', 1);

INSERT INTO 旅游分公司 (分公司名, 总公司_id) VALUES ('分公司I', 1);

INSERT INTO 旅游分公司 (分公司名, 总公司_id) VALUES ('分公司J', 1);

INSERT INTO 身份信息 (身份证号, 姓名, 工作单位, 职业) VALUES ('1003773759', 'Noah', 'Travel Agency A', 'travel manager');

INSERT INTO 身份信息 (身份证号, 姓名, 工作单位, 职业) VALUES ('1005750065', 'Emma', 'Travel Agency B', 'travel manager');

INSERT INTO 身份信息 (身份证号, 姓名, 工作单位, 职业) VALUES ('1005772359', 'Olivia', 'Travel Agency C', 'travel manager');

INSERT INTO 身份信息 (身份证号, 姓名, 工作单位, 职业) VALUES ('1007356365', 'Liam', 'Travel Agency D', 'travel manager');

INSERT INTO 身份信息 (身份证号, 姓名, 工作单位, 职业) VALUES ('1011873347', 'Olivia', 'Travel Agency E', 'travel manager');

INSERT INTO 身份信息 (身份证号, 姓名, 工作单位, 职业) VALUES ('1012477284', 'Joh', 'Travel Agency F', 'travel manager');

INSERT INTO 身份信息 (身份证号, 姓名, 工作单位, 职业) VALUES ('1021372339', 'Mary', 'Travel Agency G', 'travel manager');

INSERT INTO 身份信息 (身份证号, 姓名, 工作单位, 职业) VALUES ('1031358786', 'Joh', 'Travel Agency H', 'travel manager');

INSERT INTO 身份信息 (身份证号, 姓名, 工作单位, 职业) VALUES ('1032208022', 'Joh', 'Travel Agency I', 'travel manager');

INSERT INTO 身份信息 (身份证号, 姓名, 工作单位, 职业) VALUES ('1032407086', 'Mary', 'Travel Agency J', 'travel manager');

INSERT INTO 身份信息 (身份证号, 姓名, 工作单位, 职业) VALUES ('1035555550', 'Olivia', 'Travel Agency A', 'travel officer');

INSERT INTO 身份信息 (身份证号, 姓名, 工作单位, 职业) VALUES ('1036217391', 'Noah', 'Travel Agency A', 'travel officer');

INSERT INTO 身份信息 (身份证号, 姓名, 工作单位, 职业) VALUES ('1038853989', 'Liam', 'Travel Agency B', 'travel officer');

INSERT INTO 身份信息 (身份证号, 姓名, 工作单位, 职业) VALUES ('1039800029', 'Sophia', 'Travel Agency B', 'travel officer');

INSERT INTO 身份信息 (身份证号, 姓名, 工作单位, 职业) VALUES ('1040254104', 'Noah', 'Travel Agency C', 'travel officer');

INSERT INTO 身份信息 (身份证号, 姓名, 工作单位, 职业) VALUES ('1041450877', 'Olivia', 'Travel Agency C', 'travel officer');

INSERT INTO 身份信息 (身份证号, 姓名, 工作单位, 职业) VALUES ('1041736492', 'Liam', 'Travel Agency D', 'travel officer');

INSERT INTO 身份信息 (身份证号, 姓名, 工作单位, 职业) VALUES ('1043694265', 'Joh', 'Travel Agency D', 'travel officer');

INSERT INTO 身份信息 (身份证号, 姓名, 工作单位, 职业) VALUES ('1045084079', 'Olivia', 'Travel Agency E', 'travel officer');

INSERT INTO 身份信息 (身份证号, 姓名, 工作单位, 职业) VALUES ('1046303673', 'Olivia', 'Travel Agency E', 'travel officer');

INSERT INTO 身份信息 (身份证号, 姓名, 工作单位, 职业) VALUES ('1046925037', 'Mary', 'Travel Agency F', 'travel officer');

INSERT INTO 身份信息 (身份证号, 姓名, 工作单位, 职业) VALUES ('1048125202', 'Liam', 'Travel Agency F', 'travel officer');

INSERT INTO 身份信息 (身份证号, 姓名, 工作单位, 职业) VALUES ('1049225981', 'Olivia', 'Travel Agency G', 'travel officer');

INSERT INTO 身份信息 (身份证号, 姓名, 工作单位, 职业) VALUES ('1051317239', 'William', 'Travel Agency G', 'travel officer');

INSERT INTO 身份信息 (身份证号, 姓名, 工作单位, 职业) VALUES ('1054413360', 'Sophia', 'Travel Agency H', 'travel officer');

INSERT INTO 身份信息 (身份证号, 姓名, 工作单位, 职业) VALUES ('1058707520', 'Joh', 'Travel Agency H', 'travel officer');

INSERT INTO 身份信息 (身份证号, 姓名, 工作单位, 职业) VALUES ('1062174013', 'Olivia', 'Travel Agency I', 'travel officer');

INSERT INTO 身份信息 (身份证号, 姓名, 工作单位, 职业) VALUES ('1063782783', 'Olivia', 'Travel Agency I', 'travel officer');

INSERT INTO 身份信息 (身份证号, 姓名, 工作单位, 职业) VALUES ('1066392595', 'Isabella', 'Travel Agency J', 'travel officer');

INSERT INTO 身份信息 (身份证号, 姓名, 工作单位, 职业) VALUES ('1069281062', 'William', 'Travel Agency J', 'travel officer');

INSERT INTO 身份信息 (身份证号, 姓名, 工作单位, 职业) VALUES ('1070061626', 'William', 'Info Systems', 'Manager');

INSERT INTO 身份信息 (身份证号, 姓名, 工作单位, 职业) VALUES ('1073140077', 'Mary', 'Byte Solutions', 'Writer');

INSERT INTO 身份信息 (身份证号, 姓名, 工作单位, 职业) VALUES ('1073256974', 'Sophia', 'Data Works', 'Writer');

INSERT INTO 身份信息 (身份证号, 姓名, 工作单位, 职业) VALUES ('1074933336', 'James', 'Info Systems', 'Accountant');

INSERT INTO 身份信息 (身份证号, 姓名, 工作单位, 职业) VALUES ('1076606551', 'Isabella', 'Byte Solutions', 'Teacher');

INSERT INTO 身份信息 (身份证号, 姓名, 工作单位, 职业) VALUES ('1077172768', 'Emma', 'Data Works', 'Chef');

INSERT INTO 身份信息 (身份证号, 姓名, 工作单位, 职业) VALUES ('1083529400', 'Mary', 'Byte Solutions', 'Chef');

INSERT INTO 身份信息 (身份证号, 姓名, 工作单位, 职业) VALUES ('1083940560', 'Liam', 'Info Systems', 'Manager');

INSERT INTO 身份信息 (身份证号, 姓名, 工作单位, 职业) VALUES ('1084398475', 'Isabella', 'Info Systems', 'Teacher');

INSERT INTO 身份信息 (身份证号, 姓名, 工作单位, 职业) VALUES ('1085665393', 'Sophia', 'Global Net', 'Writer');

INSERT INTO 身份信息 (身份证号, 姓名, 工作单位, 职业) VALUES ('1086352413', 'Joh', 'Info Systems', 'Accountant');

INSERT INTO 身份信息 (身份证号, 姓名, 工作单位, 职业) VALUES ('1093925867', 'James', 'Tech Corp', 'Developer');

INSERT INTO 身份信息 (身份证号, 姓名, 工作单位, 职业) VALUES ('1103975555', 'Liam', 'Byte Solutions', 'Chef');

INSERT INTO 身份信息 (身份证号, 姓名, 工作单位, 职业) VALUES ('1112366885', 'Sophia', 'Info Systems', 'Engineer');

INSERT INTO 身份信息 (身份证号, 姓名, 工作单位, 职业) VALUES ('1113605195', 'Emma', 'Global Net', 'Engineer');

INSERT INTO 身份信息 (身份证号, 姓名, 工作单位, 职业) VALUES ('1126974710', 'Emma', 'Innovate Co', 'Designer');

INSERT INTO 身份信息 (身份证号, 姓名, 工作单位, 职业) VALUES ('1138237033', 'Liam', 'Tech Corp', 'Developer');

INSERT INTO 身份信息 (身份证号, 姓名, 工作单位, 职业) VALUES ('1138532389', 'Noah', 'Byte Solutions', 'Teacher');

INSERT INTO 身份信息 (身份证号, 姓名, 工作单位, 职业) VALUES ('1138908407', 'Mary', 'Global Net', 'Developer');

INSERT INTO 身份信息 (身份证号, 姓名, 工作单位, 职业) VALUES ('1142308920', 'Olivia', 'Global Net', 'Doctor');

INSERT INTO 身份信息 (身份证号, 姓名, 工作单位, 职业) VALUES ('1142485150', 'Olivia', 'Sky Soft', 'Artist');

INSERT INTO 身份信息 (身份证号, 姓名, 工作单位, 职业) VALUES ('1143663690', 'Noah', 'Data Works', 'Developer');

INSERT INTO 身份信息 (身份证号, 姓名, 工作单位, 职业) VALUES ('1150281835', 'William', 'Data Works', 'Chef');

INSERT INTO 身份信息 (身份证号, 姓名, 工作单位, 职业) VALUES ('1155951124', 'James', 'Info Systems', 'Writer');

INSERT INTO 身份信息 (身份证号, 姓名, 工作单位, 职业) VALUES ('1159515602', 'Joh', 'Info Systems', 'Designer');

INSERT INTO 身份信息 (身份证号, 姓名, 工作单位, 职业) VALUES ('1163255087', 'Sophia', 'Sky Soft', 'Accountant');

INSERT INTO 身份信息 (身份证号, 姓名, 工作单位, 职业) VALUES ('1164264876', 'Emma', 'Data Works', 'Designer');

INSERT INTO 身份信息 (身份证号, 姓名, 工作单位, 职业) VALUES ('1170617504', 'Liam', 'Info Systems', 'Artist');

INSERT INTO 身份信息 (身份证号, 姓名, 工作单位, 职业) VALUES ('1171837322', 'Mary', 'Innovate Co', 'Engineer');

INSERT INTO 身份信息 (身份证号, 姓名, 工作单位, 职业) VALUES ('1175529921', 'Noah', 'Global Net', 'Doctor');

INSERT INTO 身份信息 (身份证号, 姓名, 工作单位, 职业) VALUES ('1179019698', 'Liam', 'Byte Solutions', 'Artist');

INSERT INTO 身份信息 (身份证号, 姓名, 工作单位, 职业) VALUES ('1188638120', 'William', 'Byte Solutions', 'Chef');

INSERT INTO 身份信息 (身份证号, 姓名, 工作单位, 职业) VALUES ('1189765576', 'Joh', 'Global Net', 'Manager');

INSERT INTO 身份信息 (身份证号, 姓名, 工作单位, 职业) VALUES ('1190307431', 'William', 'Global Net', 'Designer');

INSERT INTO 身份信息 (身份证号, 姓名, 工作单位, 职业) VALUES ('1192704074', 'Emma', 'Info Systems', 'Teacher');

INSERT INTO 身份信息 (身份证号, 姓名, 工作单位, 职业) VALUES ('1193001222', 'Isabella', 'Tech Corp', 'Doctor');

INSERT INTO 身份信息 (身份证号, 姓名, 工作单位, 职业) VALUES ('1193204715', 'Joh', 'Global Net', 'Engineer');

INSERT INTO 身份信息 (身份证号, 姓名, 工作单位, 职业) VALUES ('1195157245', 'Emma', 'Innovate Co', 'Designer');

INSERT INTO 身份信息 (身份证号, 姓名, 工作单位, 职业) VALUES ('1203548735', 'Olivia', 'Byte Solutions', 'Teacher');

INSERT INTO 身份信息 (身份证号, 姓名, 工作单位, 职业) VALUES ('1204319158', 'Liam', 'Global Net', 'Engineer');

INSERT INTO 身份信息 (身份证号, 姓名, 工作单位, 职业) VALUES ('1207893154', 'Joh', 'Tech Corp', 'Artist');

INSERT INTO 身份信息 (身份证号, 姓名, 工作单位, 职业) VALUES ('1208483182', 'Sophia', 'Tech Corp', 'Accountant');

INSERT INTO 身份信息 (身份证号, 姓名, 工作单位, 职业) VALUES ('1211641454', 'Emma', 'Tech Corp', 'Chef');

INSERT INTO 身份信息 (身份证号, 姓名, 工作单位, 职业) VALUES ('1214503008', 'Noah', 'Sky Soft', 'Engineer');

INSERT INTO 身份信息 (身份证号, 姓名, 工作单位, 职业) VALUES ('1218764373', 'Joh', 'Sky Soft', 'Designer');

INSERT INTO 身份信息 (身份证号, 姓名, 工作单位, 职业) VALUES ('1219959288', 'Isabella', 'Info Systems', 'Artist');

INSERT INTO 身份信息 (身份证号, 姓名, 工作单位, 职业) VALUES ('1221336556', 'Isabella', 'Sky Soft', 'Engineer');

INSERT INTO 身份信息 (身份证号, 姓名, 工作单位, 职业) VALUES ('1221833669', 'Isabella', 'Data Works', 'Designer');

INSERT INTO 身份信息 (身份证号, 姓名, 工作单位, 职业) VALUES ('1235486039', 'James', 'Global Net', 'Artist');

INSERT INTO 身份信息 (身份证号, 姓名, 工作单位, 职业) VALUES ('1243116584', 'Liam', 'Info Systems', 'Chef');

INSERT INTO 身份信息 (身份证号, 姓名, 工作单位, 职业) VALUES ('1244596923', 'William', 'Byte Solutions', 'Designer');

INSERT INTO 身份信息 (身份证号, 姓名, 工作单位, 职业) VALUES ('1253183280', 'Joh', 'Global Net', 'Teacher');

INSERT INTO 身份信息 (身份证号, 姓名, 工作单位, 职业) VALUES ('1254990179', 'William', 'Global Net', 'Doctor');

INSERT INTO 身份信息 (身份证号, 姓名, 工作单位, 职业) VALUES ('1256916668', 'William', 'Sky Soft', 'Designer');

INSERT INTO 身份信息 (身份证号, 姓名, 工作单位, 职业) VALUES ('1257881839', 'William', 'Info Systems', 'Accountant');

INSERT INTO 身份信息 (身份证号, 姓名, 工作单位, 职业) VALUES ('1259040497', 'Liam', 'Innovate Co', 'Teacher');

INSERT INTO 身份信息 (身份证号, 姓名, 工作单位, 职业) VALUES ('1259616469', 'Sophia', 'Byte Solutions', 'Accountant');

INSERT INTO 身份信息 (身份证号, 姓名, 工作单位, 职业) VALUES ('1260573608', 'Olivia', 'Data Works', 'Doctor');

INSERT INTO 身份信息 (身份证号, 姓名, 工作单位, 职业) VALUES ('1263225371', 'William', 'Data Works', 'Engineer');

INSERT INTO 身份信息 (身份证号, 姓名, 工作单位, 职业) VALUES ('1264859969', 'Joh', 'Sky Soft', 'Manager');

INSERT INTO 身份信息 (身份证号, 姓名, 工作单位, 职业) VALUES ('1266252378', 'James', 'Tech Corp', 'Designer');

INSERT INTO 身份信息 (身份证号, 姓名, 工作单位, 职业) VALUES ('1269434019', 'Isabella', 'Global Net', 'Artist');

INSERT INTO 身份信息 (身份证号, 姓名, 工作单位, 职业) VALUES ('1270891160', 'James', 'Data Works', 'Doctor');

INSERT INTO 身份信息 (身份证号, 姓名, 工作单位, 职业) VALUES ('1271836641', 'Isabella', 'Tech Corp', 'Accountant');

INSERT INTO 身份信息 (身份证号, 姓名, 工作单位, 职业) VALUES ('1272551926', 'Joh', 'Sky Soft', 'Chef');

INSERT INTO 身份信息 (身份证号, 姓名, 工作单位, 职业) VALUES ('1274433192', 'Joh', 'Info Systems', 'Writer');

INSERT INTO 身份信息 (身份证号, 姓名, 工作单位, 职业) VALUES ('1276966262', 'James', 'Sky Soft', 'Engineer');

INSERT INTO 身份信息 (身份证号, 姓名, 工作单位, 职业) VALUES ('1277039596', 'Joh', 'Global Net', 'Doctor');

INSERT INTO 身份信息 (身份证号, 姓名, 工作单位, 职业) VALUES ('1278620553', 'Emma', 'Sky Soft', 'Artist');

INSERT INTO 身份信息 (身份证号, 姓名, 工作单位, 职业) VALUES ('1281915447', 'Noah', 'Innovate Co', 'Manager');

INSERT INTO 身份信息 (身份证号, 姓名, 工作单位, 职业) VALUES ('1284026640', 'James', 'Global Net', 'Designer');

INSERT INTO 身份信息 (身份证号, 姓名, 工作单位, 职业) VALUES ('1290513124', 'Emma', 'Tech Corp', 'Doctor');

INSERT INTO 身份信息 (身份证号, 姓名, 工作单位, 职业) VALUES ('1291069963', 'William', 'Byte Solutions', 'Writer');

INSERT INTO 身份信息 (身份证号, 姓名, 工作单位, 职业) VALUES ('1295265693', 'Olivia', 'Sky Soft', 'Developer');

INSERT INTO 身份信息 (身份证号, 姓名, 工作单位, 职业) VALUES ('1296519340', 'Isabella', 'Data Works', 'Chef');

INSERT INTO 身份信息 (身份证号, 姓名, 工作单位, 职业) VALUES ('1297163136', 'Noah', 'Sky Soft', 'Chef');

INSERT INTO 身份信息 (身份证号, 姓名, 工作单位, 职业) VALUES ('1297303491', 'Olivia', 'Byte Solutions', 'Teacher');

INSERT INTO 身份信息 (身份证号, 姓名, 工作单位, 职业) VALUES ('1299183877', 'Emma', 'Byte Solutions', 'Chef');

INSERT INTO 身份信息 (身份证号, 姓名, 工作单位, 职业) VALUES ('1299383328', 'Joh', 'Byte Solutions', 'Teacher');

INSERT INTO 身份信息 (身份证号, 姓名, 工作单位, 职业) VALUES ('1302146226', 'James', 'Info Systems', 'Teacher');

INSERT INTO 身份信息 (身份证号, 姓名, 工作单位, 职业) VALUES ('1303095925', 'Joh', 'Data Works', 'Teacher');

INSERT INTO 身份信息 (身份证号, 姓名, 工作单位, 职业) VALUES ('1304268707', 'Liam', 'Info Systems', 'Accountant');

INSERT INTO 身份信息 (身份证号, 姓名, 工作单位, 职业) VALUES ('1305236720', 'Mary', 'Global Net', 'Chef');

INSERT INTO 身份信息 (身份证号, 姓名, 工作单位, 职业) VALUES ('1308602472', 'Mary', 'Sky Soft', 'Developer');

INSERT INTO 身份信息 (身份证号, 姓名, 工作单位, 职业) VALUES ('1311461652', 'Isabella', 'Global Net', 'Chef');

INSERT INTO 身份信息 (身份证号, 姓名, 工作单位, 职业) VALUES ('1313861729', 'James', 'Tech Corp', 'Writer');

INSERT INTO 身份信息 (身份证号, 姓名, 工作单位, 职业) VALUES ('1315870491', 'Joh', 'Byte Solutions', 'Engineer');

INSERT INTO 身份信息 (身份证号, 姓名, 工作单位, 职业) VALUES ('1316545156', 'Mary', 'Sky Soft', 'Teacher');

INSERT INTO 身份信息 (身份证号, 姓名, 工作单位, 职业) VALUES ('1321512501', 'Sophia', 'Tech Corp', 'Teacher');

INSERT INTO 身份信息 (身份证号, 姓名, 工作单位, 职业) VALUES ('1329914421', 'Joh', 'Sky Soft', 'Manager');

INSERT INTO 身份信息 (身份证号, 姓名, 工作单位, 职业) VALUES ('1332562569', 'Olivia', 'Data Works', 'Manager');

INSERT INTO 身份信息 (身份证号, 姓名, 工作单位, 职业) VALUES ('1334985072', 'James', 'Info Systems', 'Chef');

INSERT INTO 身份信息 (身份证号, 姓名, 工作单位, 职业) VALUES ('1340029856', 'Joh', 'Data Works', 'Accountant');

INSERT INTO 身份信息 (身份证号, 姓名, 工作单位, 职业) VALUES ('1341643821', 'Olivia', 'Tech Corp', 'Accountant');

INSERT INTO 身份信息 (身份证号, 姓名, 工作单位, 职业) VALUES ('1348565977', 'Sophia', 'Sky Soft', 'Manager');

INSERT INTO 身份信息 (身份证号, 姓名, 工作单位, 职业) VALUES ('1349832535', 'William', 'Global Net', 'Teacher');

INSERT INTO 身份信息 (身份证号, 姓名, 工作单位, 职业) VALUES ('1351737085', 'Mary', 'Data Works', 'Manager');

INSERT INTO 身份信息 (身份证号, 姓名, 工作单位, 职业) VALUES ('1359933679', 'Olivia', 'Global Net', 'Manager');

INSERT INTO 身份信息 (身份证号, 姓名, 工作单位, 职业) VALUES ('1361017863', 'Noah', 'Tech Corp', 'Chef');

INSERT INTO 身份信息 (身份证号, 姓名, 工作单位, 职业) VALUES ('1365106995', 'Noah', 'Info Systems', 'Doctor');

INSERT INTO 身份信息 (身份证号, 姓名, 工作单位, 职业) VALUES ('1366035026', 'Isabella', 'Innovate Co', 'Artist');

INSERT INTO 身份信息 (身份证号, 姓名, 工作单位, 职业) VALUES ('1369319251', 'Liam', 'Sky Soft', 'Chef');

INSERT INTO 身份信息 (身份证号, 姓名, 工作单位, 职业) VALUES ('1373239634', 'Liam', 'Innovate Co', 'Accountant');

INSERT INTO 身份信息 (身份证号, 姓名, 工作单位, 职业) VALUES ('1374109645', 'James', 'Innovate Co', 'Developer');

INSERT INTO 身份信息 (身份证号, 姓名, 工作单位, 职业) VALUES ('1374979675', 'Emma', 'Tech Corp', 'Writer');

INSERT INTO 身份信息 (身份证号, 姓名, 工作单位, 职业) VALUES ('1376937463', 'Mary', 'Innovate Co', 'Artist');

INSERT INTO 身份信息 (身份证号, 姓名, 工作单位, 职业) VALUES ('1379160409', 'Noah', 'Tech Corp', 'Engineer');

INSERT INTO 身份信息 (身份证号, 姓名, 工作单位, 职业) VALUES ('1382796355', 'William', 'Data Works', 'Designer');

INSERT INTO 身份信息 (身份证号, 姓名, 工作单位, 职业) VALUES ('1383361188', 'Mary', 'Global Net', 'Doctor');

INSERT INTO 身份信息 (身份证号, 姓名, 工作单位, 职业) VALUES ('1384070207', 'Olivia', 'Info Systems', 'Engineer');

INSERT INTO 身份信息 (身份证号, 姓名, 工作单位, 职业) VALUES ('1384763284', 'Joh', 'Sky Soft', 'Teacher');

INSERT INTO 身份信息 (身份证号, 姓名, 工作单位, 职业) VALUES ('1385298149', 'James', 'Innovate Co', 'Manager');

INSERT INTO 身份信息 (身份证号, 姓名, 工作单位, 职业) VALUES ('1388412082', 'Olivia', 'Tech Corp', 'Teacher');

INSERT INTO 身份信息 (身份证号, 姓名, 工作单位, 职业) VALUES ('1388579143', 'Liam', 'Data Works', 'Writer');

INSERT INTO 身份信息 (身份证号, 姓名, 工作单位, 职业) VALUES ('1390142215', 'Olivia', 'Global Net', 'Chef');

INSERT INTO 身份信息 (身份证号, 姓名, 工作单位, 职业) VALUES ('1398841587', 'Olivia', 'Data Works', 'Artist');

INSERT INTO 身份信息 (身份证号, 姓名, 工作单位, 职业) VALUES ('1401740026', 'James', 'Global Net', 'Artist');

INSERT INTO 身份信息 (身份证号, 姓名, 工作单位, 职业) VALUES ('1402297067', 'Joh', 'Global Net', 'Designer');

INSERT INTO 身份信息 (身份证号, 姓名, 工作单位, 职业) VALUES ('1403753548', 'Isabella', 'Innovate Co', 'Engineer');

INSERT INTO 身份信息 (身份证号, 姓名, 工作单位, 职业) VALUES ('1405974098', 'Joh', 'Info Systems', 'Teacher');

INSERT INTO 身份信息 (身份证号, 姓名, 工作单位, 职业) VALUES ('1406104264', 'Joh', 'Info Systems', 'Accountant');

INSERT INTO 身份信息 (身份证号, 姓名, 工作单位, 职业) VALUES ('1406619081', 'Noah', 'Global Net', 'Writer');

INSERT INTO 身份信息 (身份证号, 姓名, 工作单位, 职业) VALUES ('1409106930', 'Sophia', 'Info Systems', 'Writer');

INSERT INTO 身份信息 (身份证号, 姓名, 工作单位, 职业) VALUES ('1412913755', 'Noah', 'Sky Soft', 'Engineer');

INSERT INTO 身份信息 (身份证号, 姓名, 工作单位, 职业) VALUES ('1413201659', 'Sophia', 'Global Net', 'Manager');

INSERT INTO 身份信息 (身份证号, 姓名, 工作单位, 职业) VALUES ('1414392160', 'Emma', 'Info Systems', 'Chef');

INSERT INTO 身份信息 (身份证号, 姓名, 工作单位, 职业) VALUES ('1414914922', 'Noah', 'Byte Solutions', 'Manager');

INSERT INTO 身份信息 (身份证号, 姓名, 工作单位, 职业) VALUES ('1414965774', 'Noah', 'Sky Soft', 'Developer');

INSERT INTO 身份信息 (身份证号, 姓名, 工作单位, 职业) VALUES ('1421644656', 'Liam', 'Byte Solutions', 'Writer');

INSERT INTO 身份信息 (身份证号, 姓名, 工作单位, 职业) VALUES ('1423284658', 'Isabella', 'Info Systems', 'Writer');

INSERT INTO 身份信息 (身份证号, 姓名, 工作单位, 职业) VALUES ('1430095344', 'Liam', 'Innovate Co', 'Manager');

INSERT INTO 身份信息 (身份证号, 姓名, 工作单位, 职业) VALUES ('1434123226', 'William', 'Info Systems', 'Writer');

INSERT INTO 身份信息 (身份证号, 姓名, 工作单位, 职业) VALUES ('1439514663', 'Sophia', 'Global Net', 'Doctor');

INSERT INTO 身份信息 (身份证号, 姓名, 工作单位, 职业) VALUES ('1444198228', 'Isabella', 'Info Systems', 'Designer');

INSERT INTO 身份信息 (身份证号, 姓名, 工作单位, 职业) VALUES ('1445397933', 'Mary', 'Global Net', 'Teacher');

INSERT INTO 身份信息 (身份证号, 姓名, 工作单位, 职业) VALUES ('1446653457', 'Joh', 'Byte Solutions', 'Doctor');

INSERT INTO 身份信息 (身份证号, 姓名, 工作单位, 职业) VALUES ('1449742965', 'Isabella', 'Info Systems', 'Doctor');

INSERT INTO 身份信息 (身份证号, 姓名, 工作单位, 职业) VALUES ('1449815617', 'Liam', 'Info Systems', 'Artist');

INSERT INTO 身份信息 (身份证号, 姓名, 工作单位, 职业) VALUES ('1451381148', 'Sophia', 'Sky Soft', 'Engineer');

INSERT INTO 身份信息 (身份证号, 姓名, 工作单位, 职业) VALUES ('1451811398', 'James', 'Info Systems', 'Doctor');

INSERT INTO 身份信息 (身份证号, 姓名, 工作单位, 职业) VALUES ('1453082921', 'Joh', 'Info Systems', 'Manager');

INSERT INTO 身份信息 (身份证号, 姓名, 工作单位, 职业) VALUES ('1458713248', 'Joh', 'Tech Corp', 'Accountant');

INSERT INTO 身份信息 (身份证号, 姓名, 工作单位, 职业) VALUES ('1464009640', 'Isabella', 'Tech Corp', 'Engineer');

INSERT INTO 身份信息 (身份证号, 姓名, 工作单位, 职业) VALUES ('1465845741', 'Sophia', 'Innovate Co', 'Teacher');

INSERT INTO 身份信息 (身份证号, 姓名, 工作单位, 职业) VALUES ('1468697130', 'Emma', 'Innovate Co', 'Developer');

INSERT INTO 身份信息 (身份证号, 姓名, 工作单位, 职业) VALUES ('1470870199', 'Isabella', 'Global Net', 'Accountant');

INSERT INTO 身份信息 (身份证号, 姓名, 工作单位, 职业) VALUES ('1475552819', 'Joh', 'Tech Corp', 'Writer');

INSERT INTO 身份信息 (身份证号, 姓名, 工作单位, 职业) VALUES ('1475962726', 'William', 'Innovate Co', 'Teacher');

INSERT INTO 身份信息 (身份证号, 姓名, 工作单位, 职业) VALUES ('1479722733', 'William', 'Byte Solutions', 'Manager');

INSERT INTO 身份信息 (身份证号, 姓名, 工作单位, 职业) VALUES ('1480156570', 'Noah', 'Tech Corp', 'Developer');

INSERT INTO 身份信息 (身份证号, 姓名, 工作单位, 职业) VALUES ('1480388585', 'Sophia', 'Global Net', 'Developer');

INSERT INTO 身份信息 (身份证号, 姓名, 工作单位, 职业) VALUES ('1482774905', 'Mary', 'Global Net', 'Teacher');

INSERT INTO 身份信息 (身份证号, 姓名, 工作单位, 职业) VALUES ('1484381934', 'William', 'Innovate Co', 'Manager');

INSERT INTO 身份信息 (身份证号, 姓名, 工作单位, 职业) VALUES ('1487450605', 'Emma', 'Sky Soft', 'Designer');

INSERT INTO 身份信息 (身份证号, 姓名, 工作单位, 职业) VALUES ('1488957507', 'Sophia', 'Innovate Co', 'Doctor');

INSERT INTO 身份信息 (身份证号, 姓名, 工作单位, 职业) VALUES ('1490185179', 'Joh', 'Byte Solutions', 'Writer');

INSERT INTO 身份信息 (身份证号, 姓名, 工作单位, 职业) VALUES ('1491262870', 'Joh', 'Sky Soft', 'Engineer');

INSERT INTO 身份信息 (身份证号, 姓名, 工作单位, 职业) VALUES ('1495643735', 'Mary', 'Byte Solutions', 'Teacher');

INSERT INTO 身份信息 (身份证号, 姓名, 工作单位, 职业) VALUES ('1497553030', 'James', 'Global Net', 'Manager');

INSERT INTO 身份信息 (身份证号, 姓名, 工作单位, 职业) VALUES ('1503247625', 'Sophia', 'Innovate Co', 'Accountant');

INSERT INTO 身份信息 (身份证号, 姓名, 工作单位, 职业) VALUES ('1505235646', 'Liam', 'Tech Corp', 'Writer');

INSERT INTO 身份信息 (身份证号, 姓名, 工作单位, 职业) VALUES ('1505656088', 'Mary', 'Byte Solutions', 'Developer');

INSERT INTO 身份信息 (身份证号, 姓名, 工作单位, 职业) VALUES ('1507222866', 'Emma', 'Sky Soft', 'Accountant');

INSERT INTO 身份信息 (身份证号, 姓名, 工作单位, 职业) VALUES ('1508707533', 'Noah', 'Global Net', 'Artist');

INSERT INTO 身份信息 (身份证号, 姓名, 工作单位, 职业) VALUES ('1510692686', 'William', 'Byte Solutions', 'Accountant');

INSERT INTO 身份信息 (身份证号, 姓名, 工作单位, 职业) VALUES ('1514564197', 'Isabella', 'Sky Soft', 'Accountant');

INSERT INTO 身份信息 (身份证号, 姓名, 工作单位, 职业) VALUES ('1514582016', 'Sophia', 'Info Systems', 'Artist');

INSERT INTO 身份信息 (身份证号, 姓名, 工作单位, 职业) VALUES ('1514772262', 'James', 'Global Net', 'Chef');

INSERT INTO 身份信息 (身份证号, 姓名, 工作单位, 职业) VALUES ('1520674817', 'William', 'Tech Corp', 'Developer');

INSERT INTO 身份信息 (身份证号, 姓名, 工作单位, 职业) VALUES ('1528629764', 'Emma', 'Data Works', 'Chef');

INSERT INTO 身份信息 (身份证号, 姓名, 工作单位, 职业) VALUES ('1528661803', 'Mary', 'Tech Corp', 'Developer');

INSERT INTO 身份信息 (身份证号, 姓名, 工作单位, 职业) VALUES ('1530342258', 'Mary', 'Byte Solutions', 'Doctor');

INSERT INTO 身份信息 (身份证号, 姓名, 工作单位, 职业) VALUES ('1531064608', 'William', 'Global Net', 'Accountant');

INSERT INTO 身份信息 (身份证号, 姓名, 工作单位, 职业) VALUES ('1533191715', 'Noah', 'Data Works', 'Manager');

INSERT INTO 身份信息 (身份证号, 姓名, 工作单位, 职业) VALUES ('1538034350', 'Mary', 'Global Net', 'Writer');

INSERT INTO 身份信息 (身份证号, 姓名, 工作单位, 职业) VALUES ('1538235101', 'Noah', 'Info Systems', 'Designer');

INSERT INTO 身份信息 (身份证号, 姓名, 工作单位, 职业) VALUES ('1538429700', 'William', 'Byte Solutions', 'Accountant');

INSERT INTO 身份信息 (身份证号, 姓名, 工作单位, 职业) VALUES ('1540215633', 'Noah', 'Tech Corp', 'Developer');

INSERT INTO 身份信息 (身份证号, 姓名, 工作单位, 职业) VALUES ('1541988354', 'Isabella', 'Data Works', 'Manager');

INSERT INTO 身份信息 (身份证号, 姓名, 工作单位, 职业) VALUES ('1542379799', 'Isabella', 'Sky Soft', 'Developer');

INSERT INTO 身份信息 (身份证号, 姓名, 工作单位, 职业) VALUES ('1550519839', 'Joh', 'Sky Soft', 'Doctor');

INSERT INTO 身份信息 (身份证号, 姓名, 工作单位, 职业) VALUES ('1553114650', 'Joh', 'Info Systems', 'Artist');

INSERT INTO 身份信息 (身份证号, 姓名, 工作单位, 职业) VALUES ('1553989244', 'James', 'Global Net', 'Teacher');

INSERT INTO 身份信息 (身份证号, 姓名, 工作单位, 职业) VALUES ('1555043312', 'Olivia', 'Innovate Co', 'Teacher');

INSERT INTO 身份信息 (身份证号, 姓名, 工作单位, 职业) VALUES ('1556042379', 'Olivia', 'Info Systems', 'Developer');

INSERT INTO 身份信息 (身份证号, 姓名, 工作单位, 职业) VALUES ('1557023003', 'Isabella', 'Data Works', 'Writer');

INSERT INTO 身份信息 (身份证号, 姓名, 工作单位, 职业) VALUES ('1557704652', 'Mary', 'Tech Corp', 'Teacher');

INSERT INTO 身份信息 (身份证号, 姓名, 工作单位, 职业) VALUES ('1561441207', 'Emma', 'Global Net', 'Artist');

INSERT INTO 身份信息 (身份证号, 姓名, 工作单位, 职业) VALUES ('1561988215', 'Joh', 'Data Works', 'Engineer');

INSERT INTO 身份信息 (身份证号, 姓名, 工作单位, 职业) VALUES ('1564510483', 'Noah', 'Info Systems', 'Accountant');

INSERT INTO 身份信息 (身份证号, 姓名, 工作单位, 职业) VALUES ('1564898725', 'Emma', 'Byte Solutions', 'Artist');

INSERT INTO 身份信息 (身份证号, 姓名, 工作单位, 职业) VALUES ('1569249620', 'Isabella', 'Innovate Co', 'Accountant');

INSERT INTO 身份信息 (身份证号, 姓名, 工作单位, 职业) VALUES ('1572415630', 'Olivia', 'Innovate Co', 'Manager');

INSERT INTO 身份信息 (身份证号, 姓名, 工作单位, 职业) VALUES ('1572632406', 'Liam', 'Innovate Co', 'Artist');

INSERT INTO 身份信息 (身份证号, 姓名, 工作单位, 职业) VALUES ('1573743480', 'William', 'Info Systems', 'Engineer');

INSERT INTO 身份信息 (身份证号, 姓名, 工作单位, 职业) VALUES ('1575788107', 'Joh', 'Tech Corp', 'Doctor');

INSERT INTO 身份信息 (身份证号, 姓名, 工作单位, 职业) VALUES ('1576351044', 'Olivia', 'Info Systems', 'Teacher');

INSERT INTO 身份信息 (身份证号, 姓名, 工作单位, 职业) VALUES ('1577416464', 'Emma', 'Info Systems', 'Accountant');

INSERT INTO 身份信息 (身份证号, 姓名, 工作单位, 职业) VALUES ('1580916868', 'Emma', 'Innovate Co', 'Designer');

INSERT INTO 身份信息 (身份证号, 姓名, 工作单位, 职业) VALUES ('1580955927', 'James', 'Info Systems', 'Chef');

INSERT INTO 身份信息 (身份证号, 姓名, 工作单位, 职业) VALUES ('1583412294', 'Olivia', 'Data Works', 'Chef');

INSERT INTO 身份信息 (身份证号, 姓名, 工作单位, 职业) VALUES ('1588369355', 'James', 'Tech Corp', 'Writer');

INSERT INTO 身份信息 (身份证号, 姓名, 工作单位, 职业) VALUES ('1588843998', 'Sophia', 'Info Systems', 'Developer');

INSERT INTO 身份信息 (身份证号, 姓名, 工作单位, 职业) VALUES ('1589685313', 'Olivia', 'Global Net', 'Engineer');

INSERT INTO 身份信息 (身份证号, 姓名, 工作单位, 职业) VALUES ('1590485167', 'Noah', 'Tech Corp', 'Doctor');

INSERT INTO 身份信息 (身份证号, 姓名, 工作单位, 职业) VALUES ('1597127676', 'Noah', 'Byte Solutions', 'Manager');

INSERT INTO 身份信息 (身份证号, 姓名, 工作单位, 职业) VALUES ('1602151684', 'Isabella', 'Tech Corp', 'Developer');

INSERT INTO 身份信息 (身份证号, 姓名, 工作单位, 职业) VALUES ('1606517966', 'James', 'Byte Solutions', 'Accountant');

INSERT INTO 身份信息 (身份证号, 姓名, 工作单位, 职业) VALUES ('1607296817', 'Noah', 'Global Net', 'Manager');

INSERT INTO 身份信息 (身份证号, 姓名, 工作单位, 职业) VALUES ('1612624483', 'Olivia', 'Tech Corp', 'Designer');

INSERT INTO 身份信息 (身份证号, 姓名, 工作单位, 职业) VALUES ('1613345272', 'Mary', 'Data Works', 'Teacher');

INSERT INTO 身份信息 (身份证号, 姓名, 工作单位, 职业) VALUES ('1613553178', 'Noah', 'Tech Corp', 'Manager');

INSERT INTO 身份信息 (身份证号, 姓名, 工作单位, 职业) VALUES ('1616953744', 'Sophia', 'Byte Solutions', 'Artist');

INSERT INTO 身份信息 (身份证号, 姓名, 工作单位, 职业) VALUES ('1619591103', 'James', 'Info Systems', 'Teacher');

INSERT INTO 身份信息 (身份证号, 姓名, 工作单位, 职业) VALUES ('1620316331', 'Emma', 'Innovate Co', 'Accountant');

INSERT INTO 身份信息 (身份证号, 姓名, 工作单位, 职业) VALUES ('1626564697', 'Joh', 'Data Works', 'Manager');

INSERT INTO 身份信息 (身份证号, 姓名, 工作单位, 职业) VALUES ('1626764206', 'Liam', 'Byte Solutions', 'Accountant');

INSERT INTO 身份信息 (身份证号, 姓名, 工作单位, 职业) VALUES ('1629550230', 'Sophia', 'Global Net', 'Chef');

INSERT INTO 身份信息 (身份证号, 姓名, 工作单位, 职业) VALUES ('1631124318', 'James', 'Data Works', 'Developer');

INSERT INTO 身份信息 (身份证号, 姓名, 工作单位, 职业) VALUES ('1632849886', 'James', 'Byte Solutions', 'Doctor');

INSERT INTO 身份信息 (身份证号, 姓名, 工作单位, 职业) VALUES ('1638520819', 'James', 'Tech Corp', 'Artist');

INSERT INTO 身份信息 (身份证号, 姓名, 工作单位, 职业) VALUES ('1643850362', 'Emma', 'Tech Corp', 'Chef');

INSERT INTO 身份信息 (身份证号, 姓名, 工作单位, 职业) VALUES ('1646189177', 'Liam', 'Global Net', 'Developer');

INSERT INTO 身份信息 (身份证号, 姓名, 工作单位, 职业) VALUES ('1649593152', 'William', 'Global Net', 'Doctor');

INSERT INTO 身份信息 (身份证号, 姓名, 工作单位, 职业) VALUES ('1650427775', 'Emma', 'Global Net', 'Doctor');

INSERT INTO 身份信息 (身份证号, 姓名, 工作单位, 职业) VALUES ('1653292359', 'Liam', 'Global Net', 'Engineer');

INSERT INTO 身份信息 (身份证号, 姓名, 工作单位, 职业) VALUES ('1656235478', 'Sophia', 'Innovate Co', 'Writer');

INSERT INTO 身份信息 (身份证号, 姓名, 工作单位, 职业) VALUES ('1656496854', 'James', 'Info Systems', 'Developer');

INSERT INTO 身份信息 (身份证号, 姓名, 工作单位, 职业) VALUES ('1657422775', 'William', 'Byte Solutions', 'Chef');

INSERT INTO 身份信息 (身份证号, 姓名, 工作单位, 职业) VALUES ('1661748892', 'Joh', 'Data Works', 'Chef');

INSERT INTO 身份信息 (身份证号, 姓名, 工作单位, 职业) VALUES ('1663866841', 'Noah', 'Sky Soft', 'Artist');

INSERT INTO 身份信息 (身份证号, 姓名, 工作单位, 职业) VALUES ('1667945744', 'Emma', 'Global Net', 'Manager');

INSERT INTO 身份信息 (身份证号, 姓名, 工作单位, 职业) VALUES ('1668188044', 'Mary', 'Tech Corp', 'Artist');

INSERT INTO 身份信息 (身份证号, 姓名, 工作单位, 职业) VALUES ('1668811412', 'Liam', 'Sky Soft', 'Developer');

INSERT INTO 身份信息 (身份证号, 姓名, 工作单位, 职业) VALUES ('1669722854', 'Joh', 'Sky Soft', 'Writer');

INSERT INTO 身份信息 (身份证号, 姓名, 工作单位, 职业) VALUES ('1670856934', 'Isabella', 'Sky Soft', 'Chef');

INSERT INTO 身份信息 (身份证号, 姓名, 工作单位, 职业) VALUES ('1672152481', 'Emma', 'Byte Solutions', 'Teacher');

INSERT INTO 身份信息 (身份证号, 姓名, 工作单位, 职业) VALUES ('1672683903', 'Liam', 'Global Net', 'Teacher');

INSERT INTO 身份信息 (身份证号, 姓名, 工作单位, 职业) VALUES ('1674429015', 'William', 'Sky Soft', 'Writer');

INSERT INTO 身份信息 (身份证号, 姓名, 工作单位, 职业) VALUES ('1676834025', 'James', 'Global Net', 'Artist');

INSERT INTO 身份信息 (身份证号, 姓名, 工作单位, 职业) VALUES ('1679014945', 'Emma', 'Byte Solutions', 'Chef');

INSERT INTO 身份信息 (身份证号, 姓名, 工作单位, 职业) VALUES ('1683477299', 'Sophia', 'Global Net', 'Designer');

INSERT INTO 身份信息 (身份证号, 姓名, 工作单位, 职业) VALUES ('1685146550', 'Mary', 'Data Works', 'Manager');

INSERT INTO 身份信息 (身份证号, 姓名, 工作单位, 职业) VALUES ('1686775310', 'Sophia', 'Innovate Co', 'Writer');

INSERT INTO 身份信息 (身份证号, 姓名, 工作单位, 职业) VALUES ('1694259031', 'Olivia', 'Info Systems', 'Teacher');

INSERT INTO 身份信息 (身份证号, 姓名, 工作单位, 职业) VALUES ('1694945299', 'Olivia', 'Sky Soft', 'Teacher');

INSERT INTO 身份信息 (身份证号, 姓名, 工作单位, 职业) VALUES ('1695595395', 'Emma', 'Byte Solutions', 'Engineer');

INSERT INTO 身份信息 (身份证号, 姓名, 工作单位, 职业) VALUES ('1695935705', 'Liam', 'Info Systems', 'Manager');

INSERT INTO 身份信息 (身份证号, 姓名, 工作单位, 职业) VALUES ('1696813074', 'Mary', 'Byte Solutions', 'Developer');

INSERT INTO 身份信息 (身份证号, 姓名, 工作单位, 职业) VALUES ('1696842947', 'Liam', 'Innovate Co', 'Engineer');

INSERT INTO 身份信息 (身份证号, 姓名, 工作单位, 职业) VALUES ('1697588022', 'Noah', 'Global Net', 'Artist');

INSERT INTO 身份信息 (身份证号, 姓名, 工作单位, 职业) VALUES ('1701443157', 'William', 'Sky Soft', 'Teacher');

INSERT INTO 身份信息 (身份证号, 姓名, 工作单位, 职业) VALUES ('1702257732', 'Sophia', 'Info Systems', 'Chef');

INSERT INTO 身份信息 (身份证号, 姓名, 工作单位, 职业) VALUES ('1703819610', 'Sophia', 'Info Systems', 'Chef');

INSERT INTO 身份信息 (身份证号, 姓名, 工作单位, 职业) VALUES ('1706470632', 'James', 'Data Works', 'Developer');

INSERT INTO 身份信息 (身份证号, 姓名, 工作单位, 职业) VALUES ('1709154465', 'Noah', 'Byte Solutions', 'Artist');

INSERT INTO 身份信息 (身份证号, 姓名, 工作单位, 职业) VALUES ('1709422804', 'James', 'Global Net', 'Engineer');

INSERT INTO 身份信息 (身份证号, 姓名, 工作单位, 职业) VALUES ('1710918293', 'Mary', 'Info Systems', 'Chef');

INSERT INTO 身份信息 (身份证号, 姓名, 工作单位, 职业) VALUES ('1711690280', 'James', 'Data Works', 'Artist');

INSERT INTO 身份信息 (身份证号, 姓名, 工作单位, 职业) VALUES ('1713496232', 'Emma', 'Global Net', 'Artist');

INSERT INTO 身份信息 (身份证号, 姓名, 工作单位, 职业) VALUES ('1714047586', 'Emma', 'Innovate Co', 'Artist');

INSERT INTO 身份信息 (身份证号, 姓名, 工作单位, 职业) VALUES ('1714912159', 'Olivia', 'Byte Solutions', 'Engineer');

INSERT INTO 身份信息 (身份证号, 姓名, 工作单位, 职业) VALUES ('1718294789', 'Noah', 'Byte Solutions', 'Accountant');

INSERT INTO 身份信息 (身份证号, 姓名, 工作单位, 职业) VALUES ('1718504956', 'William', 'Info Systems', 'Teacher');

INSERT INTO 身份信息 (身份证号, 姓名, 工作单位, 职业) VALUES ('1718765004', 'Olivia', 'Innovate Co', 'Engineer');

INSERT INTO 身份信息 (身份证号, 姓名, 工作单位, 职业) VALUES ('1719826543', 'Joh', 'Info Systems', 'Doctor');

INSERT INTO 身份信息 (身份证号, 姓名, 工作单位, 职业) VALUES ('1719846108', 'Isabella', 'Innovate Co', 'Accountant');

INSERT INTO 身份信息 (身份证号, 姓名, 工作单位, 职业) VALUES ('1720376932', 'Noah', 'Innovate Co', 'Developer');

INSERT INTO 身份信息 (身份证号, 姓名, 工作单位, 职业) VALUES ('1728180299', 'Liam', 'Tech Corp', 'Manager');

INSERT INTO 身份信息 (身份证号, 姓名, 工作单位, 职业) VALUES ('1735028908', 'James', 'Sky Soft', 'Designer');

INSERT INTO 身份信息 (身份证号, 姓名, 工作单位, 职业) VALUES ('1738133161', 'Isabella', 'Data Works', 'Artist');

INSERT INTO 身份信息 (身份证号, 姓名, 工作单位, 职业) VALUES ('1738649434', 'Sophia', 'Info Systems', 'Writer');

INSERT INTO 身份信息 (身份证号, 姓名, 工作单位, 职业) VALUES ('1739288221', 'William', 'Sky Soft', 'Engineer');

INSERT INTO 身份信息 (身份证号, 姓名, 工作单位, 职业) VALUES ('1742185274', 'Liam', 'Global Net', 'Manager');

INSERT INTO 身份信息 (身份证号, 姓名, 工作单位, 职业) VALUES ('1746166032', 'Isabella', 'Info Systems', 'Chef');

INSERT INTO 身份信息 (身份证号, 姓名, 工作单位, 职业) VALUES ('1747431050', 'Mary', 'Byte Solutions', 'Designer');

INSERT INTO 身份信息 (身份证号, 姓名, 工作单位, 职业) VALUES ('1748333109', 'Mary', 'Innovate Co', 'Developer');

INSERT INTO 身份信息 (身份证号, 姓名, 工作单位, 职业) VALUES ('1748716646', 'Liam', 'Info Systems', 'Doctor');

INSERT INTO 身份信息 (身份证号, 姓名, 工作单位, 职业) VALUES ('1749362187', 'Mary', 'Innovate Co', 'Doctor');

INSERT INTO 身份信息 (身份证号, 姓名, 工作单位, 职业) VALUES ('1750323285', 'Liam', 'Sky Soft', 'Chef');

INSERT INTO 身份信息 (身份证号, 姓名, 工作单位, 职业) VALUES ('1753628178', 'James', 'Tech Corp', 'Manager');

INSERT INTO 身份信息 (身份证号, 姓名, 工作单位, 职业) VALUES ('1755508488', 'Sophia', 'Data Works', 'Teacher');

INSERT INTO 身份信息 (身份证号, 姓名, 工作单位, 职业) VALUES ('1757029347', 'William', 'Tech Corp', 'Engineer');

INSERT INTO 身份信息 (身份证号, 姓名, 工作单位, 职业) VALUES ('1757374750', 'Olivia', 'Sky Soft', 'Chef');

INSERT INTO 身份信息 (身份证号, 姓名, 工作单位, 职业) VALUES ('1762606963', 'Mary', 'Innovate Co', 'Manager');

INSERT INTO 身份信息 (身份证号, 姓名, 工作单位, 职业) VALUES ('1766078120', 'William', 'Data Works', 'Accountant');

INSERT INTO 身份信息 (身份证号, 姓名, 工作单位, 职业) VALUES ('1766133742', 'William', 'Info Systems', 'Manager');

INSERT INTO 身份信息 (身份证号, 姓名, 工作单位, 职业) VALUES ('1767046011', 'James', 'Data Works', 'Accountant');

INSERT INTO 身份信息 (身份证号, 姓名, 工作单位, 职业) VALUES ('1769850144', 'James', 'Sky Soft', 'Engineer');

INSERT INTO 身份信息 (身份证号, 姓名, 工作单位, 职业) VALUES ('1772718967', 'Liam', 'Byte Solutions', 'Teacher');

INSERT INTO 身份信息 (身份证号, 姓名, 工作单位, 职业) VALUES ('1773801777', 'James', 'Innovate Co', 'Engineer');

INSERT INTO 身份信息 (身份证号, 姓名, 工作单位, 职业) VALUES ('1775684725', 'Sophia', 'Global Net', 'Artist');

INSERT INTO 身份信息 (身份证号, 姓名, 工作单位, 职业) VALUES ('1777863626', 'Emma', 'Tech Corp', 'Doctor');

INSERT INTO 身份信息 (身份证号, 姓名, 工作单位, 职业) VALUES ('1782156444', 'Mary', 'Byte Solutions', 'Chef');

INSERT INTO 身份信息 (身份证号, 姓名, 工作单位, 职业) VALUES ('1783787283', 'Noah', 'Innovate Co', 'Writer');

INSERT INTO 身份信息 (身份证号, 姓名, 工作单位, 职业) VALUES ('1784771540', 'Liam', 'Innovate Co', 'Writer');

INSERT INTO 身份信息 (身份证号, 姓名, 工作单位, 职业) VALUES ('1784913992', 'Liam', 'Data Works', 'Artist');

INSERT INTO 身份信息 (身份证号, 姓名, 工作单位, 职业) VALUES ('1785651981', 'Sophia', 'Sky Soft', 'Chef');

INSERT INTO 身份信息 (身份证号, 姓名, 工作单位, 职业) VALUES ('1787657440', 'Isabella', 'Innovate Co', 'Doctor');

INSERT INTO 身份信息 (身份证号, 姓名, 工作单位, 职业) VALUES ('1787905106', 'William', 'Innovate Co', 'Chef');

INSERT INTO 身份信息 (身份证号, 姓名, 工作单位, 职业) VALUES ('1790070732', 'Emma', 'Data Works', 'Doctor');

INSERT INTO 身份信息 (身份证号, 姓名, 工作单位, 职业) VALUES ('1791235258', 'Olivia', 'Tech Corp', 'Writer');

INSERT INTO 身份信息 (身份证号, 姓名, 工作单位, 职业) VALUES ('1792008352', 'Sophia', 'Data Works', 'Designer');

INSERT INTO 身份信息 (身份证号, 姓名, 工作单位, 职业) VALUES ('1792193564', 'Isabella', 'Global Net', 'Artist');

INSERT INTO 身份信息 (身份证号, 姓名, 工作单位, 职业) VALUES ('1795416040', 'Mary', 'Tech Corp', 'Chef');

INSERT INTO 身份信息 (身份证号, 姓名, 工作单位, 职业) VALUES ('1795444052', 'Sophia', 'Info Systems', 'Teacher');

INSERT INTO 身份信息 (身份证号, 姓名, 工作单位, 职业) VALUES ('1797717032', 'William', 'Sky Soft', 'Artist');

INSERT INTO 身份信息 (身份证号, 姓名, 工作单位, 职业) VALUES ('1799324914', 'William', 'Byte Solutions', 'Developer');

INSERT INTO 身份信息 (身份证号, 姓名, 工作单位, 职业) VALUES ('1805220441', 'Emma', 'Tech Corp', 'Teacher');

INSERT INTO 身份信息 (身份证号, 姓名, 工作单位, 职业) VALUES ('1806272161', 'William', 'Tech Corp', 'Developer');

INSERT INTO 身份信息 (身份证号, 姓名, 工作单位, 职业) VALUES ('1808200141', 'Sophia', 'Data Works', 'Developer');

INSERT INTO 身份信息 (身份证号, 姓名, 工作单位, 职业) VALUES ('1808239748', 'Emma', 'Byte Solutions', 'Doctor');

INSERT INTO 身份信息 (身份证号, 姓名, 工作单位, 职业) VALUES ('1808461265', 'William', 'Tech Corp', 'Writer');

INSERT INTO 身份信息 (身份证号, 姓名, 工作单位, 职业) VALUES ('1810525614', 'Sophia', 'Innovate Co', 'Writer');

INSERT INTO 身份信息 (身份证号, 姓名, 工作单位, 职业) VALUES ('1810981996', 'William', 'Innovate Co', 'Doctor');

INSERT INTO 身份信息 (身份证号, 姓名, 工作单位, 职业) VALUES ('1812143443', 'Mary', 'Info Systems', 'Designer');

INSERT INTO 身份信息 (身份证号, 姓名, 工作单位, 职业) VALUES ('1812963357', 'Emma', 'Tech Corp', 'Teacher');

INSERT INTO 身份信息 (身份证号, 姓名, 工作单位, 职业) VALUES ('1813245202', 'Liam', 'Byte Solutions', 'Doctor');

INSERT INTO 身份信息 (身份证号, 姓名, 工作单位, 职业) VALUES ('1813767187', 'Mary', 'Global Net', 'Teacher');

INSERT INTO 身份信息 (身份证号, 姓名, 工作单位, 职业) VALUES ('1813902522', 'James', 'Global Net', 'Teacher');

INSERT INTO 身份信息 (身份证号, 姓名, 工作单位, 职业) VALUES ('1814232820', 'Mary', 'Data Works', 'Chef');

INSERT INTO 身份信息 (身份证号, 姓名, 工作单位, 职业) VALUES ('1819345226', 'Liam', 'Data Works', 'Writer');

INSERT INTO 身份信息 (身份证号, 姓名, 工作单位, 职业) VALUES ('1819570763', 'William', 'Global Net', 'Manager');

INSERT INTO 身份信息 (身份证号, 姓名, 工作单位, 职业) VALUES ('1825337046', 'Sophia', 'Global Net', 'Engineer');

INSERT INTO 身份信息 (身份证号, 姓名, 工作单位, 职业) VALUES ('1828420942', 'Olivia', 'Data Works', 'Accountant');

INSERT INTO 身份信息 (身份证号, 姓名, 工作单位, 职业) VALUES ('1833304899', 'Noah', 'Sky Soft', 'Developer');

INSERT INTO 身份信息 (身份证号, 姓名, 工作单位, 职业) VALUES ('1836009686', 'Noah', 'Tech Corp', 'Chef');

INSERT INTO 身份信息 (身份证号, 姓名, 工作单位, 职业) VALUES ('1837120727', 'Joh', 'Sky Soft', 'Doctor');

INSERT INTO 身份信息 (身份证号, 姓名, 工作单位, 职业) VALUES ('1837204475', 'Mary', 'Tech Corp', 'Manager');

INSERT INTO 身份信息 (身份证号, 姓名, 工作单位, 职业) VALUES ('1842032700', 'James', 'Tech Corp', 'Designer');

INSERT INTO 身份信息 (身份证号, 姓名, 工作单位, 职业) VALUES ('1845461740', 'Emma', 'Data Works', 'Writer');

INSERT INTO 身份信息 (身份证号, 姓名, 工作单位, 职业) VALUES ('1846416074', 'Joh', 'Tech Corp', 'Developer');

INSERT INTO 身份信息 (身份证号, 姓名, 工作单位, 职业) VALUES ('1846565115', 'Joh', 'Sky Soft', 'Developer');

INSERT INTO 身份信息 (身份证号, 姓名, 工作单位, 职业) VALUES ('1849198864', 'Sophia', 'Tech Corp', 'Chef');

INSERT INTO 身份信息 (身份证号, 姓名, 工作单位, 职业) VALUES ('1849560885', 'Isabella', 'Sky Soft', 'Designer');

INSERT INTO 身份信息 (身份证号, 姓名, 工作单位, 职业) VALUES ('1850620593', 'Mary', 'Byte Solutions', 'Accountant');

INSERT INTO 身份信息 (身份证号, 姓名, 工作单位, 职业) VALUES ('1857410820', 'Joh', 'Data Works', 'Developer');

INSERT INTO 身份信息 (身份证号, 姓名, 工作单位, 职业) VALUES ('1860249553', 'Liam', 'Tech Corp', 'Accountant');

INSERT INTO 身份信息 (身份证号, 姓名, 工作单位, 职业) VALUES ('1861872901', 'Emma', 'Info Systems', 'Writer');

INSERT INTO 身份信息 (身份证号, 姓名, 工作单位, 职业) VALUES ('1863683888', 'Olivia', 'Sky Soft', 'Accountant');

INSERT INTO 身份信息 (身份证号, 姓名, 工作单位, 职业) VALUES ('1863840842', 'Olivia', 'Global Net', 'Engineer');

INSERT INTO 身份信息 (身份证号, 姓名, 工作单位, 职业) VALUES ('1864072449', 'Sophia', 'Data Works', 'Engineer');

INSERT INTO 身份信息 (身份证号, 姓名, 工作单位, 职业) VALUES ('1867724189', 'Emma', 'Data Works', 'Doctor');

INSERT INTO 身份信息 (身份证号, 姓名, 工作单位, 职业) VALUES ('1869425884', 'Liam', 'Global Net', 'Teacher');

INSERT INTO 身份信息 (身份证号, 姓名, 工作单位, 职业) VALUES ('1875190414', 'Sophia', 'Info Systems', 'Artist');

INSERT INTO 身份信息 (身份证号, 姓名, 工作单位, 职业) VALUES ('1879415632', 'Olivia', 'Sky Soft', 'Artist');

INSERT INTO 身份信息 (身份证号, 姓名, 工作单位, 职业) VALUES ('1883722865', 'Emma', 'Innovate Co', 'Accountant');

INSERT INTO 身份信息 (身份证号, 姓名, 工作单位, 职业) VALUES ('1884405325', 'Isabella', 'Byte Solutions', 'Writer');

INSERT INTO 身份信息 (身份证号, 姓名, 工作单位, 职业) VALUES ('1891046536', 'Olivia', 'Byte Solutions', 'Manager');

INSERT INTO 身份信息 (身份证号, 姓名, 工作单位, 职业) VALUES ('1891889574', 'William', 'Innovate Co', 'Developer');

INSERT INTO 身份信息 (身份证号, 姓名, 工作单位, 职业) VALUES ('1896006992', 'James', 'Sky Soft', 'Writer');

INSERT INTO 身份信息 (身份证号, 姓名, 工作单位, 职业) VALUES ('1896256687', 'Emma', 'Tech Corp', 'Chef');

INSERT INTO 身份信息 (身份证号, 姓名, 工作单位, 职业) VALUES ('1897776644', 'Liam', 'Sky Soft', 'Doctor');

INSERT INTO 身份信息 (身份证号, 姓名, 工作单位, 职业) VALUES ('1898793745', 'Noah', 'Byte Solutions', 'Writer');

INSERT INTO 身份信息 (身份证号, 姓名, 工作单位, 职业) VALUES ('1899583856', 'Olivia', 'Data Works', 'Accountant');

INSERT INTO 身份信息 (身份证号, 姓名, 工作单位, 职业) VALUES ('1900200311', 'Joh', 'Info Systems', 'Developer');

INSERT INTO 身份信息 (身份证号, 姓名, 工作单位, 职业) VALUES ('1900324294', 'Noah', 'Sky Soft', 'Chef');

INSERT INTO 身份信息 (身份证号, 姓名, 工作单位, 职业) VALUES ('1902924423', 'Liam', 'Tech Corp', 'Artist');

INSERT INTO 身份信息 (身份证号, 姓名, 工作单位, 职业) VALUES ('1905139210', 'William', 'Info Systems', 'Designer');

INSERT INTO 身份信息 (身份证号, 姓名, 工作单位, 职业) VALUES ('1905947317', 'William', 'Innovate Co', 'Writer');

INSERT INTO 身份信息 (身份证号, 姓名, 工作单位, 职业) VALUES ('1907545968', 'Noah', 'Tech Corp', 'Teacher');

INSERT INTO 身份信息 (身份证号, 姓名, 工作单位, 职业) VALUES ('1911275421', 'Sophia', 'Global Net', 'Designer');

INSERT INTO 身份信息 (身份证号, 姓名, 工作单位, 职业) VALUES ('1913904605', 'James', 'Sky Soft', 'Writer');

INSERT INTO 身份信息 (身份证号, 姓名, 工作单位, 职业) VALUES ('1914182413', 'Sophia', 'Tech Corp', 'Artist');

INSERT INTO 身份信息 (身份证号, 姓名, 工作单位, 职业) VALUES ('1915794627', 'Emma', 'Byte Solutions', 'Teacher');

INSERT INTO 身份信息 (身份证号, 姓名, 工作单位, 职业) VALUES ('1917916310', 'William', 'Innovate Co', 'Artist');

INSERT INTO 身份信息 (身份证号, 姓名, 工作单位, 职业) VALUES ('1921853399', 'Isabella', 'Byte Solutions', 'Teacher');

INSERT INTO 身份信息 (身份证号, 姓名, 工作单位, 职业) VALUES ('1923482380', 'Noah', 'Info Systems', 'Chef');

INSERT INTO 身份信息 (身份证号, 姓名, 工作单位, 职业) VALUES ('1927981791', 'Mary', 'Innovate Co', 'Chef');

INSERT INTO 身份信息 (身份证号, 姓名, 工作单位, 职业) VALUES ('1928611833', 'Olivia', 'Innovate Co', 'Engineer');

INSERT INTO 身份信息 (身份证号, 姓名, 工作单位, 职业) VALUES ('1936798703', 'James', 'Tech Corp', 'Accountant');

INSERT INTO 身份信息 (身份证号, 姓名, 工作单位, 职业) VALUES ('1945825956', 'Joh', 'Global Net', 'Teacher');

INSERT INTO 身份信息 (身份证号, 姓名, 工作单位, 职业) VALUES ('1950761357', 'Emma', 'Info Systems', 'Engineer');

INSERT INTO 身份信息 (身份证号, 姓名, 工作单位, 职业) VALUES ('1953984884', 'Olivia', 'Data Works', 'Manager');

INSERT INTO 身份信息 (身份证号, 姓名, 工作单位, 职业) VALUES ('1955679779', 'Mary', 'Info Systems', 'Chef');

INSERT INTO 身份信息 (身份证号, 姓名, 工作单位, 职业) VALUES ('1959522660', 'Olivia', 'Info Systems', 'Accountant');

INSERT INTO 身份信息 (身份证号, 姓名, 工作单位, 职业) VALUES ('1966998089', 'Olivia', 'Info Systems', 'Developer');

INSERT INTO 身份信息 (身份证号, 姓名, 工作单位, 职业) VALUES ('1968995671', 'Mary', 'Info Systems', 'Writer');

INSERT INTO 身份信息 (身份证号, 姓名, 工作单位, 职业) VALUES ('1972420767', 'Liam', 'Info Systems', 'Chef');

INSERT INTO 身份信息 (身份证号, 姓名, 工作单位, 职业) VALUES ('1975434532', 'Sophia', 'Sky Soft', 'Designer');

INSERT INTO 身份信息 (身份证号, 姓名, 工作单位, 职业) VALUES ('1976685776', 'Noah', 'Sky Soft', 'Artist');

INSERT INTO 身份信息 (身份证号, 姓名, 工作单位, 职业) VALUES ('1976820313', 'Isabella', 'Sky Soft', 'Artist');

INSERT INTO 身份信息 (身份证号, 姓名, 工作单位, 职业) VALUES ('1976998625', 'Emma', 'Innovate Co', 'Designer');

INSERT INTO 身份信息 (身份证号, 姓名, 工作单位, 职业) VALUES ('1977479956', 'William', 'Byte Solutions', 'Accountant');

INSERT INTO 身份信息 (身份证号, 姓名, 工作单位, 职业) VALUES ('1978065718', 'Isabella', 'Sky Soft', 'Doctor');

INSERT INTO 身份信息 (身份证号, 姓名, 工作单位, 职业) VALUES ('1978154873', 'Mary', 'Info Systems', 'Writer');

INSERT INTO 身份信息 (身份证号, 姓名, 工作单位, 职业) VALUES ('1980166080', 'Noah', 'Tech Corp', 'Designer');

INSERT INTO 身份信息 (身份证号, 姓名, 工作单位, 职业) VALUES ('1983003496', 'Mary', 'Data Works', 'Chef');

INSERT INTO 身份信息 (身份证号, 姓名, 工作单位, 职业) VALUES ('1984960943', 'James', 'Byte Solutions', 'Chef');

INSERT INTO 身份信息 (身份证号, 姓名, 工作单位, 职业) VALUES ('1987473551', 'Olivia', 'Innovate Co', 'Developer');

INSERT INTO 身份信息 (身份证号, 姓名, 工作单位, 职业) VALUES ('1988138262', 'Isabella', 'Global Net', 'Doctor');

INSERT INTO 身份信息 (身份证号, 姓名, 工作单位, 职业) VALUES ('1988557754', 'Olivia', 'Innovate Co', 'Manager');

INSERT INTO 身份信息 (身份证号, 姓名, 工作单位, 职业) VALUES ('1991076697', 'William', 'Sky Soft', 'Doctor');

INSERT INTO 身份信息 (身份证号, 姓名, 工作单位, 职业) VALUES ('1992260324', 'Isabella', 'Tech Corp', 'Teacher');

INSERT INTO 身份信息 (身份证号, 姓名, 工作单位, 职业) VALUES ('1992775904', 'Isabella', 'Innovate Co', 'Artist');

INSERT INTO 身份信息 (身份证号, 姓名, 工作单位, 职业) VALUES ('1997403407', 'Noah', 'Global Net', 'Developer');

INSERT INTO 身份信息 (身份证号, 姓名, 工作单位, 职业) VALUES ('1997917030', 'William', 'Info Systems', 'Designer');

INSERT INTO 身份信息 (身份证号, 姓名, 工作单位, 职业) VALUES ('1998360287', 'Isabella', 'Tech Corp', 'Writer');

INSERT INTO 身份信息 (身份证号, 姓名, 工作单位, 职业) VALUES ('1998991029', 'Sophia', 'Sky Soft', 'Developer');

INSERT INTO 身份信息 (身份证号, 姓名, 工作单位, 职业) VALUES ('1999910927', 'Sophia', 'Global Net', 'Doctor');

INSERT INTO 身份信息 (身份证号, 姓名, 工作单位, 职业) VALUES ('2003122667', 'Liam', 'Data Works', 'Developer');

INSERT INTO 身份信息 (身份证号, 姓名, 工作单位, 职业) VALUES ('2003372061', 'Emma', 'Data Works', 'Accountant');

INSERT INTO 身份信息 (身份证号, 姓名, 工作单位, 职业) VALUES ('2005853435', 'Noah', 'Info Systems', 'Artist');

INSERT INTO 身份信息 (身份证号, 姓名, 工作单位, 职业) VALUES ('2007379024', 'Mary', 'Tech Corp', 'Manager');

INSERT INTO 身份信息 (身份证号, 姓名, 工作单位, 职业) VALUES ('2008736797', 'Olivia', 'Global Net', 'Writer');

INSERT INTO 身份信息 (身份证号, 姓名, 工作单位, 职业) VALUES ('2012242527', 'James', 'Info Systems', 'Manager');

INSERT INTO 身份信息 (身份证号, 姓名, 工作单位, 职业) VALUES ('2015526339', 'William', 'Byte Solutions', 'Engineer');

INSERT INTO 身份信息 (身份证号, 姓名, 工作单位, 职业) VALUES ('2019061357', 'Sophia', 'Sky Soft', 'Teacher');

INSERT INTO 身份信息 (身份证号, 姓名, 工作单位, 职业) VALUES ('2019503777', 'Joh', 'Innovate Co', 'Manager');

INSERT INTO 身份信息 (身份证号, 姓名, 工作单位, 职业) VALUES ('2021688427', 'Sophia', 'Global Net', 'Accountant');

INSERT INTO 身份信息 (身份证号, 姓名, 工作单位, 职业) VALUES ('2028367204', 'Sophia', 'Innovate Co', 'Teacher');

INSERT INTO 身份信息 (身份证号, 姓名, 工作单位, 职业) VALUES ('2029168209', 'Olivia', 'Sky Soft', 'Chef');

INSERT INTO 身份信息 (身份证号, 姓名, 工作单位, 职业) VALUES ('2033403989', 'Olivia', 'Data Works', 'Manager');

INSERT INTO 身份信息 (身份证号, 姓名, 工作单位, 职业) VALUES ('2035299424', 'Emma', 'Innovate Co', 'Teacher');

INSERT INTO 身份信息 (身份证号, 姓名, 工作单位, 职业) VALUES ('2036909096', 'Noah', 'Innovate Co', 'Teacher');

INSERT INTO 身份信息 (身份证号, 姓名, 工作单位, 职业) VALUES ('2037027663', 'Mary', 'Info Systems', 'Manager');

INSERT INTO 身份信息 (身份证号, 姓名, 工作单位, 职业) VALUES ('2037718090', 'Liam', 'Sky Soft', 'Writer');

INSERT INTO 身份信息 (身份证号, 姓名, 工作单位, 职业) VALUES ('2038049914', 'Noah', 'Global Net', 'Developer');

INSERT INTO 身份信息 (身份证号, 姓名, 工作单位, 职业) VALUES ('2041116339', 'Emma', 'Innovate Co', 'Manager');

INSERT INTO 身份信息 (身份证号, 姓名, 工作单位, 职业) VALUES ('2041322958', 'Liam', 'Global Net', 'Artist');

INSERT INTO 身份信息 (身份证号, 姓名, 工作单位, 职业) VALUES ('2044152457', 'William', 'Innovate Co', 'Designer');

INSERT INTO 身份信息 (身份证号, 姓名, 工作单位, 职业) VALUES ('2044269317', 'Emma', 'Byte Solutions', 'Manager');

INSERT INTO 身份信息 (身份证号, 姓名, 工作单位, 职业) VALUES ('2047470042', 'Olivia', 'Byte Solutions', 'Doctor');

INSERT INTO 身份信息 (身份证号, 姓名, 工作单位, 职业) VALUES ('2047827335', 'Isabella', 'Sky Soft', 'Designer');

INSERT INTO 身份信息 (身份证号, 姓名, 工作单位, 职业) VALUES ('2052418777', 'Olivia', 'Global Net', 'Doctor');

INSERT INTO 身份信息 (身份证号, 姓名, 工作单位, 职业) VALUES ('2052617671', 'Isabella', 'Global Net', 'Manager');

INSERT INTO 身份信息 (身份证号, 姓名, 工作单位, 职业) VALUES ('2054429262', 'Olivia', 'Info Systems', 'Doctor');

INSERT INTO 身份信息 (身份证号, 姓名, 工作单位, 职业) VALUES ('2056215686', 'Isabella', 'Innovate Co', 'Designer');

INSERT INTO 身份信息 (身份证号, 姓名, 工作单位, 职业) VALUES ('2062464820', 'Mary', 'Innovate Co', 'Chef');

INSERT INTO 身份信息 (身份证号, 姓名, 工作单位, 职业) VALUES ('2063030453', 'Sophia', 'Byte Solutions', 'Doctor');

INSERT INTO 身份信息 (身份证号, 姓名, 工作单位, 职业) VALUES ('2066298573', 'Mary', 'Tech Corp', 'Accountant');

INSERT INTO 身份信息 (身份证号, 姓名, 工作单位, 职业) VALUES ('2068575247', 'Joh', 'Global Net', 'Artist');

INSERT INTO 身份信息 (身份证号, 姓名, 工作单位, 职业) VALUES ('2069868187', 'William', 'Tech Corp', 'Teacher');

INSERT INTO 身份信息 (身份证号, 姓名, 工作单位, 职业) VALUES ('2070283788', 'Isabella', 'Innovate Co', 'Designer');

INSERT INTO 身份信息 (身份证号, 姓名, 工作单位, 职业) VALUES ('2071113449', 'Emma', 'Tech Corp', 'Engineer');

INSERT INTO 身份信息 (身份证号, 姓名, 工作单位, 职业) VALUES ('2071634781', 'Sophia', 'Sky Soft', 'Developer');

INSERT INTO 身份信息 (身份证号, 姓名, 工作单位, 职业) VALUES ('2077814195', 'Noah', 'Global Net', 'Engineer');

INSERT INTO 身份信息 (身份证号, 姓名, 工作单位, 职业) VALUES ('2078552463', 'William', 'Global Net', 'Designer');

INSERT INTO 身份信息 (身份证号, 姓名, 工作单位, 职业) VALUES ('2078970944', 'Isabella', 'Data Works', 'Chef');

INSERT INTO 身份信息 (身份证号, 姓名, 工作单位, 职业) VALUES ('2079045374', 'Joh', 'Data Works', 'Manager');

INSERT INTO 身份信息 (身份证号, 姓名, 工作单位, 职业) VALUES ('2081125420', 'Sophia', 'Global Net', 'Writer');

INSERT INTO 身份信息 (身份证号, 姓名, 工作单位, 职业) VALUES ('2082551390', 'William', 'Innovate Co', 'Writer');

INSERT INTO 身份信息 (身份证号, 姓名, 工作单位, 职业) VALUES ('2083118004', 'James', 'Data Works', 'Doctor');

INSERT INTO 身份信息 (身份证号, 姓名, 工作单位, 职业) VALUES ('2086214333', 'James', 'Tech Corp', 'Artist');

INSERT INTO 身份信息 (身份证号, 姓名, 工作单位, 职业) VALUES ('2086582909', 'James', 'Data Works', 'Accountant');

INSERT INTO 身份信息 (身份证号, 姓名, 工作单位, 职业) VALUES ('2087808542', 'Joh', 'Global Net', 'Engineer');

INSERT INTO 身份信息 (身份证号, 姓名, 工作单位, 职业) VALUES ('2089293565', 'Noah', 'Tech Corp', 'Doctor');

INSERT INTO 身份信息 (身份证号, 姓名, 工作单位, 职业) VALUES ('2089658218', 'Noah', 'Info Systems', 'Doctor');

INSERT INTO 身份信息 (身份证号, 姓名, 工作单位, 职业) VALUES ('2089724226', 'Joh', 'Innovate Co', 'Designer');

INSERT INTO 身份信息 (身份证号, 姓名, 工作单位, 职业) VALUES ('2094385377', 'William', 'Global Net', 'Doctor');

INSERT INTO 身份信息 (身份证号, 姓名, 工作单位, 职业) VALUES ('2094927988', 'Joh', 'Data Works', 'Engineer');

INSERT INTO 身份信息 (身份证号, 姓名, 工作单位, 职业) VALUES ('2095575373', 'James', 'Innovate Co', 'Accountant');

INSERT INTO 身份信息 (身份证号, 姓名, 工作单位, 职业) VALUES ('2095663189', 'William', 'Tech Corp', 'Chef');

INSERT INTO 身份信息 (身份证号, 姓名, 工作单位, 职业) VALUES ('2096235930', 'James', 'Info Systems', 'Manager');

INSERT INTO 身份信息 (身份证号, 姓名, 工作单位, 职业) VALUES ('2096665934', 'Emma', 'Info Systems', 'Chef');

INSERT INTO 身份信息 (身份证号, 姓名, 工作单位, 职业) VALUES ('2099250641', 'Mary', 'Info Systems', 'Writer');

INSERT INTO 身份信息 (身份证号, 姓名, 工作单位, 职业) VALUES ('2100512349', 'Joh', 'Byte Solutions', 'Accountant');

INSERT INTO 身份信息 (身份证号, 姓名, 工作单位, 职业) VALUES ('2108877206', 'Mary', 'Global Net', 'Engineer');

INSERT INTO 身份信息 (身份证号, 姓名, 工作单位, 职业) VALUES ('2109674912', 'William', 'Data Works', 'Accountant');

INSERT INTO 身份信息 (身份证号, 姓名, 工作单位, 职业) VALUES ('2111004059', 'Joh', 'Byte Solutions', 'Artist');

INSERT INTO 身份信息 (身份证号, 姓名, 工作单位, 职业) VALUES ('2114889328', 'Olivia', 'Sky Soft', 'Developer');

INSERT INTO 身份信息 (身份证号, 姓名, 工作单位, 职业) VALUES ('2115202568', 'James', 'Sky Soft', 'Accountant');

INSERT INTO 身份信息 (身份证号, 姓名, 工作单位, 职业) VALUES ('2116462371', 'Olivia', 'Sky Soft', 'Developer');

INSERT INTO 身份信息 (身份证号, 姓名, 工作单位, 职业) VALUES ('2119406002', 'Liam', 'Innovate Co', 'Writer');

INSERT INTO 身份信息 (身份证号, 姓名, 工作单位, 职业) VALUES ('2119871510', 'James', 'Byte Solutions', 'Designer');

INSERT INTO 身份信息 (身份证号, 姓名, 工作单位, 职业) VALUES ('2121718348', 'Joh', 'Tech Corp', 'Designer');

INSERT INTO 身份信息 (身份证号, 姓名, 工作单位, 职业) VALUES ('2123318420', 'Joh', 'Global Net', 'Manager');

INSERT INTO 身份信息 (身份证号, 姓名, 工作单位, 职业) VALUES ('2124840584', 'Liam', 'Tech Corp', 'Manager');

INSERT INTO 身份信息 (身份证号, 姓名, 工作单位, 职业) VALUES ('2128088242', 'Emma', 'Byte Solutions', 'Artist');

INSERT INTO 身份信息 (身份证号, 姓名, 工作单位, 职业) VALUES ('2128101402', 'William', 'Innovate Co', 'Artist');

INSERT INTO 身份信息 (身份证号, 姓名, 工作单位, 职业) VALUES ('2130269549', 'Mary', 'Data Works', 'Chef');

INSERT INTO 身份信息 (身份证号, 姓名, 工作单位, 职业) VALUES ('2131461895', 'Noah', 'Tech Corp', 'Manager');

INSERT INTO 身份信息 (身份证号, 姓名, 工作单位, 职业) VALUES ('2132288368', 'Mary', 'Byte Solutions', 'Chef');

INSERT INTO 身份信息 (身份证号, 姓名, 工作单位, 职业) VALUES ('2135601809', 'James', 'Info Systems', 'Manager');

INSERT INTO 身份信息 (身份证号, 姓名, 工作单位, 职业) VALUES ('2137468353', 'Mary', 'Sky Soft', 'Developer');

INSERT INTO 身份信息 (身份证号, 姓名, 工作单位, 职业) VALUES ('2140995845', 'Olivia', 'Tech Corp', 'Doctor');

INSERT INTO 身份信息 (身份证号, 姓名, 工作单位, 职业) VALUES ('2142047032', 'Noah', 'Byte Solutions', 'Manager');

INSERT INTO 身份信息 (身份证号, 姓名, 工作单位, 职业) VALUES ('2142840952', 'William', 'Info Systems', 'Designer');

INSERT INTO 身份信息 (身份证号, 姓名, 工作单位, 职业) VALUES ('2143968080', 'Liam', 'Tech Corp', 'Developer');

INSERT INTO 身份信息 (身份证号, 姓名, 工作单位, 职业) VALUES ('2144854333', 'Olivia', 'Tech Corp', 'Manager');

INSERT INTO 身份信息 (身份证号, 姓名, 工作单位, 职业) VALUES ('2145041959', 'Liam', 'Sky Soft', 'Artist');

INSERT INTO 身份信息 (身份证号, 姓名, 工作单位, 职业) VALUES ('2146535345', 'Mary', 'Byte Solutions', 'Engineer');

INSERT INTO 身份信息 (身份证号, 姓名, 工作单位, 职业) VALUES ('2148141603', 'Joh', 'Info Systems', 'Engineer');

INSERT INTO 身份信息 (身份证号, 姓名, 工作单位, 职业) VALUES ('2149701888', 'Isabella', 'Tech Corp', 'Teacher');

INSERT INTO 身份信息 (身份证号, 姓名, 工作单位, 职业) VALUES ('2153800394', 'William', 'Info Systems', 'Manager');

INSERT INTO 身份信息 (身份证号, 姓名, 工作单位, 职业) VALUES ('2154431801', 'William', 'Tech Corp', 'Doctor');

INSERT INTO 身份信息 (身份证号, 姓名, 工作单位, 职业) VALUES ('2154729466', 'Joh', 'Global Net', 'Chef');

INSERT INTO 身份信息 (身份证号, 姓名, 工作单位, 职业) VALUES ('2158488222', 'James', 'Info Systems', 'Accountant');

INSERT INTO 身份信息 (身份证号, 姓名, 工作单位, 职业) VALUES ('2161221803', 'Mary', 'Byte Solutions', 'Teacher');

INSERT INTO 身份信息 (身份证号, 姓名, 工作单位, 职业) VALUES ('2166828358', 'William', 'Global Net', 'Writer');

INSERT INTO 身份信息 (身份证号, 姓名, 工作单位, 职业) VALUES ('2167620420', 'Noah', 'Sky Soft', 'Chef');

INSERT INTO 身份信息 (身份证号, 姓名, 工作单位, 职业) VALUES ('2168959027', 'Sophia', 'Tech Corp', 'Chef');

INSERT INTO 身份信息 (身份证号, 姓名, 工作单位, 职业) VALUES ('2170663267', 'William', 'Info Systems', 'Artist');

INSERT INTO 身份信息 (身份证号, 姓名, 工作单位, 职业) VALUES ('2170717132', 'Emma', 'Global Net', 'Artist');

INSERT INTO 身份信息 (身份证号, 姓名, 工作单位, 职业) VALUES ('2173355452', 'Emma', 'Tech Corp', 'Writer');

INSERT INTO 身份信息 (身份证号, 姓名, 工作单位, 职业) VALUES ('2175445208', 'James', 'Innovate Co', 'Artist');

INSERT INTO 身份信息 (身份证号, 姓名, 工作单位, 职业) VALUES ('2177101478', 'Olivia', 'Global Net', 'Manager');

INSERT INTO 身份信息 (身份证号, 姓名, 工作单位, 职业) VALUES ('2178651332', 'Joh', 'Byte Solutions', 'Teacher');

INSERT INTO 身份信息 (身份证号, 姓名, 工作单位, 职业) VALUES ('2183691141', 'Liam', 'Innovate Co', 'Manager');

INSERT INTO 身份信息 (身份证号, 姓名, 工作单位, 职业) VALUES ('2184994901', 'Liam', 'Tech Corp', 'Developer');

INSERT INTO 身份信息 (身份证号, 姓名, 工作单位, 职业) VALUES ('2185880310', 'William', 'Innovate Co', 'Designer');

INSERT INTO 身份信息 (身份证号, 姓名, 工作单位, 职业) VALUES ('2186139973', 'Sophia', 'Byte Solutions', 'Writer');

INSERT INTO 身份信息 (身份证号, 姓名, 工作单位, 职业) VALUES ('2189803051', 'Olivia', 'Global Net', 'Teacher');

INSERT INTO 身份信息 (身份证号, 姓名, 工作单位, 职业) VALUES ('2191383476', 'Mary', 'Info Systems', 'Manager');

INSERT INTO 身份信息 (身份证号, 姓名, 工作单位, 职业) VALUES ('2193242583', 'Emma', 'Data Works', 'Writer');

INSERT INTO 身份信息 (身份证号, 姓名, 工作单位, 职业) VALUES ('2193645430', 'Isabella', 'Byte Solutions', 'Artist');

INSERT INTO 身份信息 (身份证号, 姓名, 工作单位, 职业) VALUES ('2196832771', 'Joh', 'Innovate Co', 'Teacher');

INSERT INTO 身份信息 (身份证号, 姓名, 工作单位, 职业) VALUES ('2198068646', 'William', 'Data Works', 'Artist');

INSERT INTO 身份信息 (身份证号, 姓名, 工作单位, 职业) VALUES ('2198690052', 'Liam', 'Innovate Co', 'Manager');

INSERT INTO 身份信息 (身份证号, 姓名, 工作单位, 职业) VALUES ('2198907505', 'William', 'Global Net', 'Doctor');

INSERT INTO 身份信息 (身份证号, 姓名, 工作单位, 职业) VALUES ('2203782226', 'William', 'Sky Soft', 'Teacher');

INSERT INTO 身份信息 (身份证号, 姓名, 工作单位, 职业) VALUES ('2204663433', 'Emma', 'Data Works', 'Chef');

INSERT INTO 身份信息 (身份证号, 姓名, 工作单位, 职业) VALUES ('2205317019', 'Sophia', 'Byte Solutions', 'Accountant');

INSERT INTO 身份信息 (身份证号, 姓名, 工作单位, 职业) VALUES ('2205355460', 'Noah', 'Sky Soft', 'Accountant');

INSERT INTO 身份信息 (身份证号, 姓名, 工作单位, 职业) VALUES ('2206651333', 'Mary', 'Tech Corp', 'Writer');

INSERT INTO 身份信息 (身份证号, 姓名, 工作单位, 职业) VALUES ('2207032553', 'Emma', 'Data Works', 'Manager');

INSERT INTO 身份信息 (身份证号, 姓名, 工作单位, 职业) VALUES ('2208507975', 'Noah', 'Data Works', 'Doctor');

INSERT INTO 身份信息 (身份证号, 姓名, 工作单位, 职业) VALUES ('2211524785', 'Noah', 'Sky Soft', 'Manager');

INSERT INTO 身份信息 (身份证号, 姓名, 工作单位, 职业) VALUES ('2211949624', 'Isabella', 'Tech Corp', 'Accountant');

INSERT INTO 身份信息 (身份证号, 姓名, 工作单位, 职业) VALUES ('2212317069', 'Liam', 'Sky Soft', 'Artist');

INSERT INTO 身份信息 (身份证号, 姓名, 工作单位, 职业) VALUES ('2213358752', 'Emma', 'Innovate Co', 'Teacher');

INSERT INTO 身份信息 (身份证号, 姓名, 工作单位, 职业) VALUES ('2215434370', 'Liam', 'Info Systems', 'Accountant');

INSERT INTO 身份信息 (身份证号, 姓名, 工作单位, 职业) VALUES ('2216490444', 'Isabella', 'Data Works', 'Artist');

INSERT INTO 身份信息 (身份证号, 姓名, 工作单位, 职业) VALUES ('2216784403', 'William', 'Innovate Co', 'Designer');

INSERT INTO 身份信息 (身份证号, 姓名, 工作单位, 职业) VALUES ('2218457767', 'Emma', 'Data Works', 'Accountant');

INSERT INTO 身份信息 (身份证号, 姓名, 工作单位, 职业) VALUES ('2219262961', 'Mary', 'Sky Soft', 'Manager');

INSERT INTO 身份信息 (身份证号, 姓名, 工作单位, 职业) VALUES ('2220175749', 'William', 'Sky Soft', 'Engineer');

INSERT INTO 身份信息 (身份证号, 姓名, 工作单位, 职业) VALUES ('2222536545', 'Liam', 'Sky Soft', 'Accountant');

INSERT INTO 身份信息 (身份证号, 姓名, 工作单位, 职业) VALUES ('2226038602', 'Mary', 'Innovate Co', 'Artist');

INSERT INTO 身份信息 (身份证号, 姓名, 工作单位, 职业) VALUES ('2228303112', 'Joh', 'Tech Corp', 'Doctor');

INSERT INTO 身份信息 (身份证号, 姓名, 工作单位, 职业) VALUES ('2233138124', 'Mary', 'Sky Soft', 'Teacher');

INSERT INTO 身份信息 (身份证号, 姓名, 工作单位, 职业) VALUES ('2233430777', 'Noah', 'Info Systems', 'Engineer');

INSERT INTO 身份信息 (身份证号, 姓名, 工作单位, 职业) VALUES ('2234724305', 'Noah', 'Tech Corp', 'Doctor');

INSERT INTO 身份信息 (身份证号, 姓名, 工作单位, 职业) VALUES ('2235904159', 'Emma', 'Innovate Co', 'Teacher');

INSERT INTO 身份信息 (身份证号, 姓名, 工作单位, 职业) VALUES ('2237574702', 'William', 'Sky Soft', 'Accountant');

INSERT INTO 身份信息 (身份证号, 姓名, 工作单位, 职业) VALUES ('2240911586', 'William', 'Info Systems', 'Manager');

INSERT INTO 身份信息 (身份证号, 姓名, 工作单位, 职业) VALUES ('2242916253', 'Sophia', 'Info Systems', 'Designer');

INSERT INTO 身份信息 (身份证号, 姓名, 工作单位, 职业) VALUES ('2243929882', 'Isabella', 'Global Net', 'Engineer');

INSERT INTO 身份信息 (身份证号, 姓名, 工作单位, 职业) VALUES ('2247641109', 'Mary', 'Innovate Co', 'Chef');

INSERT INTO 身份信息 (身份证号, 姓名, 工作单位, 职业) VALUES ('2247759424', 'James', 'Global Net', 'Chef');

INSERT INTO 身份信息 (身份证号, 姓名, 工作单位, 职业) VALUES ('2249371411', 'Joh', 'Tech Corp', 'Engineer');

INSERT INTO 身份信息 (身份证号, 姓名, 工作单位, 职业) VALUES ('2250359577', 'Sophia', 'Global Net', 'Writer');

INSERT INTO 身份信息 (身份证号, 姓名, 工作单位, 职业) VALUES ('2253361078', 'Mary', 'Data Works', 'Chef');

INSERT INTO 身份信息 (身份证号, 姓名, 工作单位, 职业) VALUES ('2257263680', 'Olivia', 'Byte Solutions', 'Artist');

INSERT INTO 身份信息 (身份证号, 姓名, 工作单位, 职业) VALUES ('2261933882', 'Mary', 'Data Works', 'Chef');

INSERT INTO 身份信息 (身份证号, 姓名, 工作单位, 职业) VALUES ('2264163058', 'Olivia', 'Sky Soft', 'Manager');

INSERT INTO 身份信息 (身份证号, 姓名, 工作单位, 职业) VALUES ('2264893003', 'James', 'Tech Corp', 'Designer');

INSERT INTO 身份信息 (身份证号, 姓名, 工作单位, 职业) VALUES ('2265814169', 'Isabella', 'Info Systems', 'Designer');

INSERT INTO 身份信息 (身份证号, 姓名, 工作单位, 职业) VALUES ('2271134889', 'Mary', 'Data Works', 'Teacher');

INSERT INTO 身份信息 (身份证号, 姓名, 工作单位, 职业) VALUES ('2274496611', 'Olivia', 'Info Systems', 'Accountant');

INSERT INTO 身份信息 (身份证号, 姓名, 工作单位, 职业) VALUES ('2277704036', 'Olivia', 'Sky Soft', 'Doctor');

INSERT INTO 身份信息 (身份证号, 姓名, 工作单位, 职业) VALUES ('2279551667', 'Joh', 'Info Systems', 'Teacher');

INSERT INTO 身份信息 (身份证号, 姓名, 工作单位, 职业) VALUES ('2281610801', 'Isabella', 'Tech Corp', 'Chef');

INSERT INTO 身份信息 (身份证号, 姓名, 工作单位, 职业) VALUES ('2288052727', 'Isabella', 'Byte Solutions', 'Artist');

INSERT INTO 身份信息 (身份证号, 姓名, 工作单位, 职业) VALUES ('2288705682', 'Liam', 'Byte Solutions', 'Developer');

INSERT INTO 身份信息 (身份证号, 姓名, 工作单位, 职业) VALUES ('2290047132', 'Isabella', 'Data Works', 'Designer');

INSERT INTO 身份信息 (身份证号, 姓名, 工作单位, 职业) VALUES ('2290363675', 'Sophia', 'Sky Soft', 'Engineer');

INSERT INTO 身份信息 (身份证号, 姓名, 工作单位, 职业) VALUES ('2292207618', 'James', 'Global Net', 'Chef');

INSERT INTO 身份信息 (身份证号, 姓名, 工作单位, 职业) VALUES ('2292515784', 'Olivia', 'Data Works', 'Chef');

INSERT INTO 身份信息 (身份证号, 姓名, 工作单位, 职业) VALUES ('2295140293', 'Liam', 'Info Systems', 'Teacher');

INSERT INTO 身份信息 (身份证号, 姓名, 工作单位, 职业) VALUES ('2295790202', 'Liam', 'Global Net', 'Doctor');

INSERT INTO 身份信息 (身份证号, 姓名, 工作单位, 职业) VALUES ('2296114760', 'Sophia', 'Sky Soft', 'Teacher');

INSERT INTO 身份信息 (身份证号, 姓名, 工作单位, 职业) VALUES ('2296360531', 'Sophia', 'Sky Soft', 'Chef');

INSERT INTO 身份信息 (身份证号, 姓名, 工作单位, 职业) VALUES ('2297281858', 'Mary', 'Sky Soft', 'Engineer');

INSERT INTO 身份信息 (身份证号, 姓名, 工作单位, 职业) VALUES ('2298122553', 'Noah', 'Innovate Co', 'Developer');

INSERT INTO 身份信息 (身份证号, 姓名, 工作单位, 职业) VALUES ('2300497811', 'Liam', 'Innovate Co', 'Manager');

INSERT INTO 身份信息 (身份证号, 姓名, 工作单位, 职业) VALUES ('2301685233', 'Mary', 'Sky Soft', 'Engineer');

INSERT INTO 身份信息 (身份证号, 姓名, 工作单位, 职业) VALUES ('2304898615', 'Liam', 'Global Net', 'Artist');

INSERT INTO 身份信息 (身份证号, 姓名, 工作单位, 职业) VALUES ('2308688862', 'Noah', 'Data Works', 'Engineer');

INSERT INTO 身份信息 (身份证号, 姓名, 工作单位, 职业) VALUES ('2310035910', 'Olivia', 'Sky Soft', 'Artist');

INSERT INTO 身份信息 (身份证号, 姓名, 工作单位, 职业) VALUES ('2314622201', 'Olivia', 'Data Works', 'Writer');

INSERT INTO 身份信息 (身份证号, 姓名, 工作单位, 职业) VALUES ('2314867525', 'Noah', 'Tech Corp', 'Doctor');

INSERT INTO 身份信息 (身份证号, 姓名, 工作单位, 职业) VALUES ('2314983244', 'James', 'Global Net', 'Writer');

INSERT INTO 身份信息 (身份证号, 姓名, 工作单位, 职业) VALUES ('2316886121', 'Sophia', 'Global Net', 'Engineer');

INSERT INTO 身份信息 (身份证号, 姓名, 工作单位, 职业) VALUES ('2317028417', 'Mary', 'Info Systems', 'Teacher');

INSERT INTO 身份信息 (身份证号, 姓名, 工作单位, 职业) VALUES ('2318389240', 'Mary', 'Byte Solutions', 'Manager');

INSERT INTO 身份信息 (身份证号, 姓名, 工作单位, 职业) VALUES ('2319227649', 'James', 'Tech Corp', 'Teacher');

INSERT INTO 身份信息 (身份证号, 姓名, 工作单位, 职业) VALUES ('2319647647', 'Mary', 'Data Works', 'Accountant');

INSERT INTO 身份信息 (身份证号, 姓名, 工作单位, 职业) VALUES ('2319957004', 'William', 'Byte Solutions', 'Manager');

INSERT INTO 身份信息 (身份证号, 姓名, 工作单位, 职业) VALUES ('2323542864', 'Isabella', 'Byte Solutions', 'Artist');

INSERT INTO 身份信息 (身份证号, 姓名, 工作单位, 职业) VALUES ('2327607446', 'Mary', 'Global Net', 'Doctor');

INSERT INTO 身份信息 (身份证号, 姓名, 工作单位, 职业) VALUES ('2331577935', 'Noah', 'Global Net', 'Chef');

INSERT INTO 身份信息 (身份证号, 姓名, 工作单位, 职业) VALUES ('2332480303', 'Mary', 'Innovate Co', 'Designer');

INSERT INTO 身份信息 (身份证号, 姓名, 工作单位, 职业) VALUES ('2337225032', 'Noah', 'Data Works', 'Writer');

INSERT INTO 身份信息 (身份证号, 姓名, 工作单位, 职业) VALUES ('2341830675', 'Noah', 'Sky Soft', 'Writer');

INSERT INTO 身份信息 (身份证号, 姓名, 工作单位, 职业) VALUES ('2344595336', 'Emma', 'Data Works', 'Engineer');

INSERT INTO 身份信息 (身份证号, 姓名, 工作单位, 职业) VALUES ('2348348914', 'Sophia', 'Tech Corp', 'Writer');

INSERT INTO 身份信息 (身份证号, 姓名, 工作单位, 职业) VALUES ('2348805582', 'Olivia', 'Global Net', 'Writer');

INSERT INTO 身份信息 (身份证号, 姓名, 工作单位, 职业) VALUES ('2349070873', 'Joh', 'Global Net', 'Engineer');

INSERT INTO 身份信息 (身份证号, 姓名, 工作单位, 职业) VALUES ('2355513401', 'Sophia', 'Global Net', 'Artist');

INSERT INTO 身份信息 (身份证号, 姓名, 工作单位, 职业) VALUES ('2359776499', 'Mary', 'Info Systems', 'Doctor');

INSERT INTO 身份信息 (身份证号, 姓名, 工作单位, 职业) VALUES ('2364201335', 'William', 'Global Net', 'Artist');

INSERT INTO 身份信息 (身份证号, 姓名, 工作单位, 职业) VALUES ('2365837862', 'Liam', 'Info Systems', 'Doctor');

INSERT INTO 身份信息 (身份证号, 姓名, 工作单位, 职业) VALUES ('2366288929', 'Olivia', 'Info Systems', 'Engineer');

INSERT INTO 身份信息 (身份证号, 姓名, 工作单位, 职业) VALUES ('2368289045', 'Liam', 'Global Net', 'Accountant');

INSERT INTO 身份信息 (身份证号, 姓名, 工作单位, 职业) VALUES ('2368628072', 'Noah', 'Global Net', 'Developer');

INSERT INTO 身份信息 (身份证号, 姓名, 工作单位, 职业) VALUES ('2371831030', 'Noah', 'Tech Corp', 'Developer');

INSERT INTO 身份信息 (身份证号, 姓名, 工作单位, 职业) VALUES ('2373219776', 'Noah', 'Innovate Co', 'Accountant');

INSERT INTO 身份信息 (身份证号, 姓名, 工作单位, 职业) VALUES ('2376750888', 'William', 'Global Net', 'Engineer');

INSERT INTO 身份信息 (身份证号, 姓名, 工作单位, 职业) VALUES ('2378989398', 'Joh', 'Byte Solutions', 'Artist');

INSERT INTO 身份信息 (身份证号, 姓名, 工作单位, 职业) VALUES ('2380230681', 'Mary', 'Tech Corp', 'Manager');

INSERT INTO 身份信息 (身份证号, 姓名, 工作单位, 职业) VALUES ('2380385482', 'Liam', 'Info Systems', 'Doctor');

INSERT INTO 身份信息 (身份证号, 姓名, 工作单位, 职业) VALUES ('2381573051', 'Liam', 'Info Systems', 'Designer');

INSERT INTO 身份信息 (身份证号, 姓名, 工作单位, 职业) VALUES ('2386743179', 'William', 'Tech Corp', 'Designer');

INSERT INTO 身份信息 (身份证号, 姓名, 工作单位, 职业) VALUES ('2391508122', 'Noah', 'Innovate Co', 'Developer');

INSERT INTO 身份信息 (身份证号, 姓名, 工作单位, 职业) VALUES ('2394310543', 'Joh', 'Byte Solutions', 'Developer');

INSERT INTO 身份信息 (身份证号, 姓名, 工作单位, 职业) VALUES ('2395307619', 'Joh', 'Global Net', 'Writer');

INSERT INTO 身份信息 (身份证号, 姓名, 工作单位, 职业) VALUES ('2396210169', 'Emma', 'Info Systems', 'Artist');

INSERT INTO 身份信息 (身份证号, 姓名, 工作单位, 职业) VALUES ('2397182750', 'Sophia', 'Innovate Co', 'Manager');

INSERT INTO 身份信息 (身份证号, 姓名, 工作单位, 职业) VALUES ('2399184017', 'Mary', 'Innovate Co', 'Doctor');

INSERT INTO 身份信息 (身份证号, 姓名, 工作单位, 职业) VALUES ('2401499269', 'Mary', 'Byte Solutions', 'Chef');

INSERT INTO 身份信息 (身份证号, 姓名, 工作单位, 职业) VALUES ('2401610689', 'Liam', 'Data Works', 'Manager');

INSERT INTO 身份信息 (身份证号, 姓名, 工作单位, 职业) VALUES ('2402428731', 'Mary', 'Data Works', 'Teacher');

INSERT INTO 身份信息 (身份证号, 姓名, 工作单位, 职业) VALUES ('2403115803', 'William', 'Byte Solutions', 'Artist');

INSERT INTO 身份信息 (身份证号, 姓名, 工作单位, 职业) VALUES ('2404424046', 'Liam', 'Innovate Co', 'Manager');

INSERT INTO 身份信息 (身份证号, 姓名, 工作单位, 职业) VALUES ('2405072673', 'Olivia', 'Data Works', 'Artist');

INSERT INTO 身份信息 (身份证号, 姓名, 工作单位, 职业) VALUES ('2405600529', 'Sophia', 'Data Works', 'Doctor');

INSERT INTO 身份信息 (身份证号, 姓名, 工作单位, 职业) VALUES ('2408588735', 'Olivia', 'Info Systems', 'Doctor');

INSERT INTO 身份信息 (身份证号, 姓名, 工作单位, 职业) VALUES ('2413266802', 'Sophia', 'Data Works', 'Engineer');

INSERT INTO 身份信息 (身份证号, 姓名, 工作单位, 职业) VALUES ('2417706048', 'Olivia', 'Innovate Co', 'Accountant');

INSERT INTO 身份信息 (身份证号, 姓名, 工作单位, 职业) VALUES ('2418954909', 'Joh', 'Info Systems', 'Accountant');

INSERT INTO 身份信息 (身份证号, 姓名, 工作单位, 职业) VALUES ('2428178896', 'Noah', 'Innovate Co', 'Teacher');

INSERT INTO 身份信息 (身份证号, 姓名, 工作单位, 职业) VALUES ('2429048092', 'Olivia', 'Data Works', 'Accountant');

INSERT INTO 身份信息 (身份证号, 姓名, 工作单位, 职业) VALUES ('2435960942', 'Sophia', 'Sky Soft', 'Developer');

INSERT INTO 身份信息 (身份证号, 姓名, 工作单位, 职业) VALUES ('2438000368', 'Isabella', 'Sky Soft', 'Manager');

INSERT INTO 身份信息 (身份证号, 姓名, 工作单位, 职业) VALUES ('2439285648', 'Mary', 'Innovate Co', 'Manager');

INSERT INTO 身份信息 (身份证号, 姓名, 工作单位, 职业) VALUES ('2439885932', 'Joh', 'Info Systems', 'Manager');

INSERT INTO 身份信息 (身份证号, 姓名, 工作单位, 职业) VALUES ('2442283144', 'Joh', 'Global Net', 'Developer');

INSERT INTO 身份信息 (身份证号, 姓名, 工作单位, 职业) VALUES ('2445652845', 'Noah', 'Byte Solutions', 'Developer');

INSERT INTO 身份信息 (身份证号, 姓名, 工作单位, 职业) VALUES ('2446993660', 'William', 'Data Works', 'Writer');

INSERT INTO 身份信息 (身份证号, 姓名, 工作单位, 职业) VALUES ('2447109410', 'William', 'Byte Solutions', 'Teacher');

INSERT INTO 身份信息 (身份证号, 姓名, 工作单位, 职业) VALUES ('2450986863', 'Liam', 'Tech Corp', 'Doctor');

INSERT INTO 身份信息 (身份证号, 姓名, 工作单位, 职业) VALUES ('2451678252', 'Mary', 'Innovate Co', 'Developer');

INSERT INTO 身份信息 (身份证号, 姓名, 工作单位, 职业) VALUES ('2456696629', 'Mary', 'Sky Soft', 'Engineer');

INSERT INTO 身份信息 (身份证号, 姓名, 工作单位, 职业) VALUES ('2461119798', 'James', 'Info Systems', 'Developer');

INSERT INTO 身份信息 (身份证号, 姓名, 工作单位, 职业) VALUES ('2462312772', 'Joh', 'Innovate Co', 'Doctor');

INSERT INTO 身份信息 (身份证号, 姓名, 工作单位, 职业) VALUES ('2462529988', 'Mary', 'Byte Solutions', 'Accountant');

INSERT INTO 身份信息 (身份证号, 姓名, 工作单位, 职业) VALUES ('2470879117', 'Liam', 'Sky Soft', 'Writer');

INSERT INTO 身份信息 (身份证号, 姓名, 工作单位, 职业) VALUES ('2483250944', 'Olivia', 'Info Systems', 'Artist');

INSERT INTO 身份信息 (身份证号, 姓名, 工作单位, 职业) VALUES ('2484258156', 'William', 'Info Systems', 'Teacher');

INSERT INTO 身份信息 (身份证号, 姓名, 工作单位, 职业) VALUES ('2485139331', 'James', 'Tech Corp', 'Doctor');

INSERT INTO 身份信息 (身份证号, 姓名, 工作单位, 职业) VALUES ('2486857900', 'Joh', 'Byte Solutions', 'Doctor');

INSERT INTO 身份信息 (身份证号, 姓名, 工作单位, 职业) VALUES ('2487476308', 'Olivia', 'Tech Corp', 'Designer');

INSERT INTO 身份信息 (身份证号, 姓名, 工作单位, 职业) VALUES ('2487576090', 'Mary', 'Info Systems', 'Teacher');

INSERT INTO 身份信息 (身份证号, 姓名, 工作单位, 职业) VALUES ('2487664931', 'Olivia', 'Data Works', 'Chef');

INSERT INTO 身份信息 (身份证号, 姓名, 工作单位, 职业) VALUES ('2488796213', 'Emma', 'Sky Soft', 'Teacher');

INSERT INTO 身份信息 (身份证号, 姓名, 工作单位, 职业) VALUES ('2488893973', 'Mary', 'Innovate Co', 'Writer');

INSERT INTO 身份信息 (身份证号, 姓名, 工作单位, 职业) VALUES ('2492646876', 'William', 'Info Systems', 'Engineer');

INSERT INTO 身份信息 (身份证号, 姓名, 工作单位, 职业) VALUES ('2493722562', 'Olivia', 'Data Works', 'Writer');

INSERT INTO 身份信息 (身份证号, 姓名, 工作单位, 职业) VALUES ('2497088725', 'Isabella', 'Info Systems', 'Developer');

INSERT INTO 身份信息 (身份证号, 姓名, 工作单位, 职业) VALUES ('2498739965', 'Liam', 'Innovate Co', 'Writer');

INSERT INTO 身份信息 (身份证号, 姓名, 工作单位, 职业) VALUES ('2501416165', 'Noah', 'Byte Solutions', 'Designer');

INSERT INTO 身份信息 (身份证号, 姓名, 工作单位, 职业) VALUES ('2502096648', 'James', 'Info Systems', 'Artist');

INSERT INTO 身份信息 (身份证号, 姓名, 工作单位, 职业) VALUES ('2505640878', 'James', 'Byte Solutions', 'Manager');

INSERT INTO 身份信息 (身份证号, 姓名, 工作单位, 职业) VALUES ('2509569673', 'Olivia', 'Global Net', 'Developer');

INSERT INTO 身份信息 (身份证号, 姓名, 工作单位, 职业) VALUES ('2510899517', 'Noah', 'Data Works', 'Artist');

INSERT INTO 身份信息 (身份证号, 姓名, 工作单位, 职业) VALUES ('2511063761', 'Isabella', 'Data Works', 'Accountant');

INSERT INTO 身份信息 (身份证号, 姓名, 工作单位, 职业) VALUES ('2513216783', 'Noah', 'Byte Solutions', 'Engineer');

INSERT INTO 身份信息 (身份证号, 姓名, 工作单位, 职业) VALUES ('2521862517', 'Mary', 'Byte Solutions', 'Chef');

INSERT INTO 身份信息 (身份证号, 姓名, 工作单位, 职业) VALUES ('2522268494', 'Olivia', 'Tech Corp', 'Developer');

INSERT INTO 身份信息 (身份证号, 姓名, 工作单位, 职业) VALUES ('2522552951', 'Isabella', 'Byte Solutions', 'Designer');

INSERT INTO 身份信息 (身份证号, 姓名, 工作单位, 职业) VALUES ('2523712405', 'Joh', 'Byte Solutions', 'Artist');

INSERT INTO 身份信息 (身份证号, 姓名, 工作单位, 职业) VALUES ('2524937098', 'Olivia', 'Innovate Co', 'Artist');

INSERT INTO 身份信息 (身份证号, 姓名, 工作单位, 职业) VALUES ('2529761927', 'Mary', 'Innovate Co', 'Designer');

INSERT INTO 身份信息 (身份证号, 姓名, 工作单位, 职业) VALUES ('2532632910', 'Isabella', 'Byte Solutions', 'Writer');

INSERT INTO 身份信息 (身份证号, 姓名, 工作单位, 职业) VALUES ('2534571838', 'James', 'Info Systems', 'Teacher');

INSERT INTO 身份信息 (身份证号, 姓名, 工作单位, 职业) VALUES ('2535160397', 'Liam', 'Info Systems', 'Accountant');

INSERT INTO 身份信息 (身份证号, 姓名, 工作单位, 职业) VALUES ('2537574820', 'Joh', 'Sky Soft', 'Designer');

INSERT INTO 身份信息 (身份证号, 姓名, 工作单位, 职业) VALUES ('2538727121', 'Mary', 'Data Works', 'Writer');

INSERT INTO 身份信息 (身份证号, 姓名, 工作单位, 职业) VALUES ('2541266726', 'Emma', 'Sky Soft', 'Accountant');

INSERT INTO 身份信息 (身份证号, 姓名, 工作单位, 职业) VALUES ('2542799250', 'Liam', 'Sky Soft', 'Accountant');

INSERT INTO 身份信息 (身份证号, 姓名, 工作单位, 职业) VALUES ('2545728959', 'Olivia', 'Sky Soft', 'Designer');

INSERT INTO 身份信息 (身份证号, 姓名, 工作单位, 职业) VALUES ('2549850897', 'Mary', 'Innovate Co', 'Artist');

INSERT INTO 身份信息 (身份证号, 姓名, 工作单位, 职业) VALUES ('2553549832', 'Noah', 'Sky Soft', 'Developer');

INSERT INTO 身份信息 (身份证号, 姓名, 工作单位, 职业) VALUES ('2555925315', 'James', 'Innovate Co', 'Artist');

INSERT INTO 身份信息 (身份证号, 姓名, 工作单位, 职业) VALUES ('2560776014', 'Olivia', 'Info Systems', 'Engineer');

INSERT INTO 身份信息 (身份证号, 姓名, 工作单位, 职业) VALUES ('2563836399', 'Liam', 'Data Works', 'Artist');

INSERT INTO 身份信息 (身份证号, 姓名, 工作单位, 职业) VALUES ('2564002970', 'William', 'Byte Solutions', 'Designer');

INSERT INTO 身份信息 (身份证号, 姓名, 工作单位, 职业) VALUES ('2564161487', 'Joh', 'Tech Corp', 'Manager');

INSERT INTO 身份信息 (身份证号, 姓名, 工作单位, 职业) VALUES ('2567283361', 'Isabella', 'Global Net', 'Accountant');

INSERT INTO 身份信息 (身份证号, 姓名, 工作单位, 职业) VALUES ('2568767704', 'Noah', 'Tech Corp', 'Developer');

INSERT INTO 身份信息 (身份证号, 姓名, 工作单位, 职业) VALUES ('2569210424', 'Isabella', 'Global Net', 'Writer');

INSERT INTO 身份信息 (身份证号, 姓名, 工作单位, 职业) VALUES ('2569600841', 'Joh', 'Tech Corp', 'Writer');

INSERT INTO 身份信息 (身份证号, 姓名, 工作单位, 职业) VALUES ('2573145170', 'Emma', 'Global Net', 'Designer');

INSERT INTO 身份信息 (身份证号, 姓名, 工作单位, 职业) VALUES ('2574121210', 'Emma', 'Tech Corp', 'Developer');

INSERT INTO 身份信息 (身份证号, 姓名, 工作单位, 职业) VALUES ('2576403754', 'Emma', 'Tech Corp', 'Developer');

INSERT INTO 身份信息 (身份证号, 姓名, 工作单位, 职业) VALUES ('2577075338', 'Liam', 'Global Net', 'Writer');

INSERT INTO 身份信息 (身份证号, 姓名, 工作单位, 职业) VALUES ('2577516948', 'Joh', 'Info Systems', 'Teacher');

INSERT INTO 身份信息 (身份证号, 姓名, 工作单位, 职业) VALUES ('2581329577', 'Noah', 'Tech Corp', 'Writer');

INSERT INTO 身份信息 (身份证号, 姓名, 工作单位, 职业) VALUES ('2584105065', 'William', 'Info Systems', 'Chef');

INSERT INTO 身份信息 (身份证号, 姓名, 工作单位, 职业) VALUES ('2588170538', 'Sophia', 'Innovate Co', 'Manager');

INSERT INTO 身份信息 (身份证号, 姓名, 工作单位, 职业) VALUES ('2588633093', 'Liam', 'Info Systems', 'Artist');

INSERT INTO 身份信息 (身份证号, 姓名, 工作单位, 职业) VALUES ('2589403971', 'Joh', 'Global Net', 'Engineer');

INSERT INTO 身份信息 (身份证号, 姓名, 工作单位, 职业) VALUES ('2591362364', 'William', 'Sky Soft', 'Developer');

INSERT INTO 身份信息 (身份证号, 姓名, 工作单位, 职业) VALUES ('2596561977', 'William', 'Info Systems', 'Chef');

INSERT INTO 身份信息 (身份证号, 姓名, 工作单位, 职业) VALUES ('2599865227', 'Noah', 'Innovate Co', 'Teacher');

INSERT INTO 身份信息 (身份证号, 姓名, 工作单位, 职业) VALUES ('2602129398', 'Emma', 'Sky Soft', 'Chef');

INSERT INTO 身份信息 (身份证号, 姓名, 工作单位, 职业) VALUES ('2602743212', 'Isabella', 'Tech Corp', 'Accountant');

INSERT INTO 身份信息 (身份证号, 姓名, 工作单位, 职业) VALUES ('2603036363', 'Isabella', 'Tech Corp', 'Writer');

INSERT INTO 身份信息 (身份证号, 姓名, 工作单位, 职业) VALUES ('2605038465', 'Noah', 'Global Net', 'Accountant');

INSERT INTO 身份信息 (身份证号, 姓名, 工作单位, 职业) VALUES ('2608174216', 'Emma', 'Global Net', 'Designer');

INSERT INTO 身份信息 (身份证号, 姓名, 工作单位, 职业) VALUES ('2608679950', 'Liam', 'Innovate Co', 'Writer');

INSERT INTO 身份信息 (身份证号, 姓名, 工作单位, 职业) VALUES ('2611191370', 'Mary', 'Data Works', 'Teacher');

INSERT INTO 身份信息 (身份证号, 姓名, 工作单位, 职业) VALUES ('2612424768', 'Joh', 'Info Systems', 'Chef');

INSERT INTO 身份信息 (身份证号, 姓名, 工作单位, 职业) VALUES ('2613637286', 'Mary', 'Sky Soft', 'Manager');

INSERT INTO 身份信息 (身份证号, 姓名, 工作单位, 职业) VALUES ('2614963345', 'Emma', 'Innovate Co', 'Artist');

INSERT INTO 身份信息 (身份证号, 姓名, 工作单位, 职业) VALUES ('2615762444', 'Noah', 'Info Systems', 'Writer');

INSERT INTO 身份信息 (身份证号, 姓名, 工作单位, 职业) VALUES ('2617824439', 'Joh', 'Byte Solutions', 'Writer');

INSERT INTO 身份信息 (身份证号, 姓名, 工作单位, 职业) VALUES ('2619434664', 'Noah', 'Data Works', 'Engineer');

INSERT INTO 身份信息 (身份证号, 姓名, 工作单位, 职业) VALUES ('2623413588', 'James', 'Byte Solutions', 'Teacher');

INSERT INTO 身份信息 (身份证号, 姓名, 工作单位, 职业) VALUES ('2624365846', 'Olivia', 'Global Net', 'Chef');

INSERT INTO 身份信息 (身份证号, 姓名, 工作单位, 职业) VALUES ('2629388479', 'Sophia', 'Info Systems', 'Engineer');

INSERT INTO 身份信息 (身份证号, 姓名, 工作单位, 职业) VALUES ('2630493635', 'Emma', 'Innovate Co', 'Writer');

INSERT INTO 身份信息 (身份证号, 姓名, 工作单位, 职业) VALUES ('2631676509', 'James', 'Sky Soft', 'Doctor');

INSERT INTO 身份信息 (身份证号, 姓名, 工作单位, 职业) VALUES ('2634721468', 'Olivia', 'Global Net', 'Artist');

INSERT INTO 身份信息 (身份证号, 姓名, 工作单位, 职业) VALUES ('2637726173', 'Noah', 'Data Works', 'Writer');

INSERT INTO 身份信息 (身份证号, 姓名, 工作单位, 职业) VALUES ('2638222373', 'Noah', 'Tech Corp', 'Manager');

INSERT INTO 身份信息 (身份证号, 姓名, 工作单位, 职业) VALUES ('2639929029', 'Olivia', 'Global Net', 'Artist');

INSERT INTO 身份信息 (身份证号, 姓名, 工作单位, 职业) VALUES ('2640125836', 'Emma', 'Data Works', 'Writer');

INSERT INTO 身份信息 (身份证号, 姓名, 工作单位, 职业) VALUES ('2640477255', 'Sophia', 'Byte Solutions', 'Doctor');

INSERT INTO 身份信息 (身份证号, 姓名, 工作单位, 职业) VALUES ('2641467536', 'Mary', 'Innovate Co', 'Designer');

INSERT INTO 身份信息 (身份证号, 姓名, 工作单位, 职业) VALUES ('2641567138', 'Emma', 'Tech Corp', 'Engineer');

INSERT INTO 身份信息 (身份证号, 姓名, 工作单位, 职业) VALUES ('2642077827', 'Joh', 'Sky Soft', 'Artist');

INSERT INTO 身份信息 (身份证号, 姓名, 工作单位, 职业) VALUES ('2647175269', 'Mary', 'Sky Soft', 'Designer');

INSERT INTO 身份信息 (身份证号, 姓名, 工作单位, 职业) VALUES ('2647721701', 'James', 'Tech Corp', 'Teacher');

INSERT INTO 身份信息 (身份证号, 姓名, 工作单位, 职业) VALUES ('2649277461', 'Sophia', 'Info Systems', 'Doctor');

INSERT INTO 身份信息 (身份证号, 姓名, 工作单位, 职业) VALUES ('2650713895', 'Sophia', 'Innovate Co', 'Manager');

INSERT INTO 身份信息 (身份证号, 姓名, 工作单位, 职业) VALUES ('2650746120', 'Sophia', 'Sky Soft', 'Designer');

INSERT INTO 身份信息 (身份证号, 姓名, 工作单位, 职业) VALUES ('2652873655', 'Olivia', 'Data Works', 'Doctor');

INSERT INTO 身份信息 (身份证号, 姓名, 工作单位, 职业) VALUES ('2653135058', 'Sophia', 'Info Systems', 'Chef');

INSERT INTO 身份信息 (身份证号, 姓名, 工作单位, 职业) VALUES ('2654012924', 'William', 'Innovate Co', 'Engineer');

INSERT INTO 身份信息 (身份证号, 姓名, 工作单位, 职业) VALUES ('2656454699', 'Emma', 'Innovate Co', 'Teacher');

INSERT INTO 身份信息 (身份证号, 姓名, 工作单位, 职业) VALUES ('2656974930', 'Mary', 'Tech Corp', 'Teacher');

INSERT INTO 身份信息 (身份证号, 姓名, 工作单位, 职业) VALUES ('2657614480', 'James', 'Sky Soft', 'Designer');

INSERT INTO 身份信息 (身份证号, 姓名, 工作单位, 职业) VALUES ('2658014152', 'William', 'Tech Corp', 'Accountant');

INSERT INTO 身份信息 (身份证号, 姓名, 工作单位, 职业) VALUES ('2660663583', 'Mary', 'Data Works', 'Accountant');

INSERT INTO 身份信息 (身份证号, 姓名, 工作单位, 职业) VALUES ('2663321579', 'Joh', 'Byte Solutions', 'Accountant');

INSERT INTO 身份信息 (身份证号, 姓名, 工作单位, 职业) VALUES ('2665053289', 'Emma', 'Innovate Co', 'Doctor');

INSERT INTO 身份信息 (身份证号, 姓名, 工作单位, 职业) VALUES ('2665478199', 'Joh', 'Global Net', 'Accountant');

INSERT INTO 身份信息 (身份证号, 姓名, 工作单位, 职业) VALUES ('2669607906', 'William', 'Sky Soft', 'Chef');

INSERT INTO 身份信息 (身份证号, 姓名, 工作单位, 职业) VALUES ('2671731213', 'Sophia', 'Innovate Co', 'Developer');

INSERT INTO 身份信息 (身份证号, 姓名, 工作单位, 职业) VALUES ('2671992641', 'William', 'Byte Solutions', 'Teacher');

INSERT INTO 身份信息 (身份证号, 姓名, 工作单位, 职业) VALUES ('2672359863', 'Mary', 'Sky Soft', 'Teacher');

INSERT INTO 身份信息 (身份证号, 姓名, 工作单位, 职业) VALUES ('2674844501', 'Mary', 'Tech Corp', 'Manager');

INSERT INTO 身份信息 (身份证号, 姓名, 工作单位, 职业) VALUES ('2676717960', 'William', 'Data Works', 'Chef');

INSERT INTO 身份信息 (身份证号, 姓名, 工作单位, 职业) VALUES ('2678712661', 'Noah', 'Sky Soft', 'Artist');

INSERT INTO 身份信息 (身份证号, 姓名, 工作单位, 职业) VALUES ('2679166840', 'Olivia', 'Byte Solutions', 'Teacher');

INSERT INTO 身份信息 (身份证号, 姓名, 工作单位, 职业) VALUES ('2680596938', 'William', 'Sky Soft', 'Writer');

INSERT INTO 身份信息 (身份证号, 姓名, 工作单位, 职业) VALUES ('2684230697', 'Olivia', 'Global Net', 'Designer');

INSERT INTO 身份信息 (身份证号, 姓名, 工作单位, 职业) VALUES ('2686357968', 'Isabella', 'Info Systems', 'Chef');

INSERT INTO 身份信息 (身份证号, 姓名, 工作单位, 职业) VALUES ('2691967593', 'Liam', 'Info Systems', 'Teacher');

INSERT INTO 身份信息 (身份证号, 姓名, 工作单位, 职业) VALUES ('2692858139', 'Noah', 'Byte Solutions', 'Doctor');

INSERT INTO 身份信息 (身份证号, 姓名, 工作单位, 职业) VALUES ('2695443619', 'Sophia', 'Global Net', 'Manager');

INSERT INTO 身份信息 (身份证号, 姓名, 工作单位, 职业) VALUES ('2699914781', 'William', 'Info Systems', 'Chef');

INSERT INTO 身份信息 (身份证号, 姓名, 工作单位, 职业) VALUES ('2701062420', 'Isabella', 'Sky Soft', 'Chef');

INSERT INTO 身份信息 (身份证号, 姓名, 工作单位, 职业) VALUES ('2703680365', 'William', 'Innovate Co', 'Manager');

INSERT INTO 身份信息 (身份证号, 姓名, 工作单位, 职业) VALUES ('2705625330', 'Mary', 'Info Systems', 'Developer');

INSERT INTO 身份信息 (身份证号, 姓名, 工作单位, 职业) VALUES ('2706075341', 'Sophia', 'Tech Corp', 'Artist');

INSERT INTO 身份信息 (身份证号, 姓名, 工作单位, 职业) VALUES ('2707436795', 'Liam', 'Innovate Co', 'Writer');

INSERT INTO 身份信息 (身份证号, 姓名, 工作单位, 职业) VALUES ('2707806003', 'James', 'Byte Solutions', 'Manager');

INSERT INTO 身份信息 (身份证号, 姓名, 工作单位, 职业) VALUES ('2709976668', 'Liam', 'Innovate Co', 'Writer');

INSERT INTO 身份信息 (身份证号, 姓名, 工作单位, 职业) VALUES ('2713446064', 'Noah', 'Sky Soft', 'Accountant');

INSERT INTO 身份信息 (身份证号, 姓名, 工作单位, 职业) VALUES ('2715194759', 'Isabella', 'Sky Soft', 'Doctor');

INSERT INTO 身份信息 (身份证号, 姓名, 工作单位, 职业) VALUES ('2718661179', 'Sophia', 'Info Systems', 'Designer');

INSERT INTO 身份信息 (身份证号, 姓名, 工作单位, 职业) VALUES ('2719495895', 'William', 'Innovate Co', 'Artist');

INSERT INTO 身份信息 (身份证号, 姓名, 工作单位, 职业) VALUES ('2730776200', 'Sophia', 'Sky Soft', 'Chef');

INSERT INTO 身份信息 (身份证号, 姓名, 工作单位, 职业) VALUES ('2731178880', 'Liam', 'Byte Solutions', 'Developer');

INSERT INTO 身份信息 (身份证号, 姓名, 工作单位, 职业) VALUES ('2731256401', 'William', 'Info Systems', 'Writer');

INSERT INTO 身份信息 (身份证号, 姓名, 工作单位, 职业) VALUES ('2733886809', 'William', 'Innovate Co', 'Accountant');

INSERT INTO 身份信息 (身份证号, 姓名, 工作单位, 职业) VALUES ('2735865373', 'Noah', 'Sky Soft', 'Designer');

INSERT INTO 身份信息 (身份证号, 姓名, 工作单位, 职业) VALUES ('2738596629', 'Mary', 'Data Works', 'Accountant');

INSERT INTO 身份信息 (身份证号, 姓名, 工作单位, 职业) VALUES ('2739328882', 'William', 'Tech Corp', 'Writer');

INSERT INTO 身份信息 (身份证号, 姓名, 工作单位, 职业) VALUES ('2740015658', 'Sophia', 'Innovate Co', 'Teacher');

INSERT INTO 身份信息 (身份证号, 姓名, 工作单位, 职业) VALUES ('2740306428', 'James', 'Innovate Co', 'Teacher');

INSERT INTO 身份信息 (身份证号, 姓名, 工作单位, 职业) VALUES ('2741732805', 'Olivia', 'Innovate Co', 'Designer');

INSERT INTO 身份信息 (身份证号, 姓名, 工作单位, 职业) VALUES ('2741977850', 'William', 'Tech Corp', 'Engineer');

INSERT INTO 身份信息 (身份证号, 姓名, 工作单位, 职业) VALUES ('2742610178', 'James', 'Sky Soft', 'Designer');

INSERT INTO 身份信息 (身份证号, 姓名, 工作单位, 职业) VALUES ('2744466873', 'Isabella', 'Innovate Co', 'Artist');

INSERT INTO 身份信息 (身份证号, 姓名, 工作单位, 职业) VALUES ('2744778863', 'Sophia', 'Info Systems', 'Manager');

INSERT INTO 身份信息 (身份证号, 姓名, 工作单位, 职业) VALUES ('2749418689', 'Sophia', 'Byte Solutions', 'Manager');

INSERT INTO 身份信息 (身份证号, 姓名, 工作单位, 职业) VALUES ('2749555846', 'William', 'Byte Solutions', 'Manager');

INSERT INTO 身份信息 (身份证号, 姓名, 工作单位, 职业) VALUES ('2751138468', 'Isabella', 'Tech Corp', 'Writer');

INSERT INTO 身份信息 (身份证号, 姓名, 工作单位, 职业) VALUES ('2753305298', 'Olivia', 'Innovate Co', 'Accountant');

INSERT INTO 身份信息 (身份证号, 姓名, 工作单位, 职业) VALUES ('2753830398', 'Noah', 'Global Net', 'Writer');

INSERT INTO 身份信息 (身份证号, 姓名, 工作单位, 职业) VALUES ('2754199982', 'Noah', 'Byte Solutions', 'Teacher');

INSERT INTO 身份信息 (身份证号, 姓名, 工作单位, 职业) VALUES ('2756300705', 'Emma', 'Data Works', 'Manager');

INSERT INTO 身份信息 (身份证号, 姓名, 工作单位, 职业) VALUES ('2757581879', 'Sophia', 'Byte Solutions', 'Teacher');

INSERT INTO 身份信息 (身份证号, 姓名, 工作单位, 职业) VALUES ('2757731090', 'William', 'Data Works', 'Accountant');

INSERT INTO 身份信息 (身份证号, 姓名, 工作单位, 职业) VALUES ('2759952834', 'Olivia', 'Byte Solutions', 'Developer');

INSERT INTO 身份信息 (身份证号, 姓名, 工作单位, 职业) VALUES ('2760519256', 'James', 'Innovate Co', 'Accountant');

INSERT INTO 身份信息 (身份证号, 姓名, 工作单位, 职业) VALUES ('2762154633', 'Noah', 'Byte Solutions', 'Manager');

INSERT INTO 身份信息 (身份证号, 姓名, 工作单位, 职业) VALUES ('2763858592', 'Emma', 'Global Net', 'Artist');

INSERT INTO 身份信息 (身份证号, 姓名, 工作单位, 职业) VALUES ('2766346456', 'Joh', 'Global Net', 'Artist');

INSERT INTO 身份信息 (身份证号, 姓名, 工作单位, 职业) VALUES ('2769345926', 'Liam', 'Byte Solutions', 'Writer');

INSERT INTO 身份信息 (身份证号, 姓名, 工作单位, 职业) VALUES ('2769531204', 'Liam', 'Data Works', 'Manager');

INSERT INTO 身份信息 (身份证号, 姓名, 工作单位, 职业) VALUES ('2770749175', 'Emma', 'Innovate Co', 'Designer');

INSERT INTO 身份信息 (身份证号, 姓名, 工作单位, 职业) VALUES ('2773005381', 'Olivia', 'Tech Corp', 'Engineer');

INSERT INTO 身份信息 (身份证号, 姓名, 工作单位, 职业) VALUES ('2776102204', 'Olivia', 'Global Net', 'Designer');

INSERT INTO 身份信息 (身份证号, 姓名, 工作单位, 职业) VALUES ('2776640231', 'William', 'Tech Corp', 'Designer');

INSERT INTO 身份信息 (身份证号, 姓名, 工作单位, 职业) VALUES ('2779898237', 'Isabella', 'Byte Solutions', 'Artist');

INSERT INTO 身份信息 (身份证号, 姓名, 工作单位, 职业) VALUES ('2780735158', 'Olivia', 'Innovate Co', 'Writer');

INSERT INTO 身份信息 (身份证号, 姓名, 工作单位, 职业) VALUES ('2788028328', 'Liam', 'Tech Corp', 'Designer');

INSERT INTO 身份信息 (身份证号, 姓名, 工作单位, 职业) VALUES ('2788380412', 'William', 'Data Works', 'Writer');

INSERT INTO 身份信息 (身份证号, 姓名, 工作单位, 职业) VALUES ('2789229870', 'Sophia', 'Byte Solutions', 'Doctor');

INSERT INTO 身份信息 (身份证号, 姓名, 工作单位, 职业) VALUES ('2796310813', 'William', 'Sky Soft', 'Doctor');

INSERT INTO 身份信息 (身份证号, 姓名, 工作单位, 职业) VALUES ('2796767013', 'Noah', 'Innovate Co', 'Artist');

INSERT INTO 身份信息 (身份证号, 姓名, 工作单位, 职业) VALUES ('2796928681', 'Sophia', 'Byte Solutions', 'Teacher');

INSERT INTO 身份信息 (身份证号, 姓名, 工作单位, 职业) VALUES ('2800074299', 'Emma', 'Tech Corp', 'Teacher');

INSERT INTO 身份信息 (身份证号, 姓名, 工作单位, 职业) VALUES ('2801562136', 'Mary', 'Info Systems', 'Manager');

INSERT INTO 身份信息 (身份证号, 姓名, 工作单位, 职业) VALUES ('2808080940', 'William', 'Tech Corp', 'Engineer');

INSERT INTO 身份信息 (身份证号, 姓名, 工作单位, 职业) VALUES ('2808624354', 'Isabella', 'Data Works', 'Accountant');

INSERT INTO 身份信息 (身份证号, 姓名, 工作单位, 职业) VALUES ('2809123215', 'Emma', 'Tech Corp', 'Accountant');

INSERT INTO 身份信息 (身份证号, 姓名, 工作单位, 职业) VALUES ('2813158123', 'Olivia', 'Data Works', 'Accountant');

INSERT INTO 身份信息 (身份证号, 姓名, 工作单位, 职业) VALUES ('2826838621', 'William', 'Info Systems', 'Manager');

INSERT INTO 身份信息 (身份证号, 姓名, 工作单位, 职业) VALUES ('2826938596', 'Isabella', 'Data Works', 'Writer');

INSERT INTO 身份信息 (身份证号, 姓名, 工作单位, 职业) VALUES ('2827762720', 'Noah', 'Byte Solutions', 'Designer');

INSERT INTO 身份信息 (身份证号, 姓名, 工作单位, 职业) VALUES ('2830226210', 'Sophia', 'Global Net', 'Accountant');

INSERT INTO 身份信息 (身份证号, 姓名, 工作单位, 职业) VALUES ('2830759521', 'Liam', 'Innovate Co', 'Accountant');

INSERT INTO 身份信息 (身份证号, 姓名, 工作单位, 职业) VALUES ('2831930688', 'Liam', 'Byte Solutions', 'Manager');

INSERT INTO 身份信息 (身份证号, 姓名, 工作单位, 职业) VALUES ('2832896985', 'Sophia', 'Global Net', 'Accountant');

INSERT INTO 身份信息 (身份证号, 姓名, 工作单位, 职业) VALUES ('2839663443', 'Liam', 'Data Works', 'Doctor');

INSERT INTO 身份信息 (身份证号, 姓名, 工作单位, 职业) VALUES ('2840932317', 'James', 'Info Systems', 'Engineer');

INSERT INTO 身份信息 (身份证号, 姓名, 工作单位, 职业) VALUES ('2843176091', 'Joh', 'Byte Solutions', 'Developer');

INSERT INTO 身份信息 (身份证号, 姓名, 工作单位, 职业) VALUES ('2845675835', 'Noah', 'Sky Soft', 'Manager');

INSERT INTO 身份信息 (身份证号, 姓名, 工作单位, 职业) VALUES ('2860243187', 'Joh', 'Sky Soft', 'Engineer');

INSERT INTO 身份信息 (身份证号, 姓名, 工作单位, 职业) VALUES ('2861148229', 'William', 'Byte Solutions', 'Designer');

INSERT INTO 身份信息 (身份证号, 姓名, 工作单位, 职业) VALUES ('2861440047', 'Sophia', 'Sky Soft', 'Designer');

INSERT INTO 身份信息 (身份证号, 姓名, 工作单位, 职业) VALUES ('2868233368', 'William', 'Byte Solutions', 'Developer');

INSERT INTO 身份信息 (身份证号, 姓名, 工作单位, 职业) VALUES ('2869959643', 'Joh', 'Byte Solutions', 'Engineer');

INSERT INTO 身份信息 (身份证号, 姓名, 工作单位, 职业) VALUES ('2872596719', 'Isabella', 'Sky Soft', 'Artist');

INSERT INTO 身份信息 (身份证号, 姓名, 工作单位, 职业) VALUES ('2874605946', 'Sophia', 'Sky Soft', 'Artist');

INSERT INTO 身份信息 (身份证号, 姓名, 工作单位, 职业) VALUES ('2876222879', 'Mary', 'Data Works', 'Writer');

INSERT INTO 身份信息 (身份证号, 姓名, 工作单位, 职业) VALUES ('2876439419', 'Noah', 'Sky Soft', 'Developer');

INSERT INTO 身份信息 (身份证号, 姓名, 工作单位, 职业) VALUES ('2876666271', 'William', 'Tech Corp', 'Teacher');

INSERT INTO 身份信息 (身份证号, 姓名, 工作单位, 职业) VALUES ('2880018847', 'Isabella', 'Info Systems', 'Artist');

INSERT INTO 身份信息 (身份证号, 姓名, 工作单位, 职业) VALUES ('2883180651', 'Joh', 'Data Works', 'Engineer');

INSERT INTO 身份信息 (身份证号, 姓名, 工作单位, 职业) VALUES ('2887957957', 'Emma', 'Global Net', 'Engineer');

INSERT INTO 身份信息 (身份证号, 姓名, 工作单位, 职业) VALUES ('2888976928', 'Noah', 'Data Works', 'Teacher');

INSERT INTO 身份信息 (身份证号, 姓名, 工作单位, 职业) VALUES ('2889052132', 'Joh', 'Innovate Co', 'Teacher');

INSERT INTO 身份信息 (身份证号, 姓名, 工作单位, 职业) VALUES ('2890983142', 'Joh', 'Data Works', 'Manager');

INSERT INTO 身份信息 (身份证号, 姓名, 工作单位, 职业) VALUES ('2891721391', 'Liam', 'Byte Solutions', 'Engineer');

INSERT INTO 身份信息 (身份证号, 姓名, 工作单位, 职业) VALUES ('2893081288', 'Olivia', 'Innovate Co', 'Writer');

INSERT INTO 身份信息 (身份证号, 姓名, 工作单位, 职业) VALUES ('2902321719', 'Joh', 'Sky Soft', 'Chef');

INSERT INTO 身份信息 (身份证号, 姓名, 工作单位, 职业) VALUES ('2903090526', 'Liam', 'Byte Solutions', 'Doctor');

INSERT INTO 身份信息 (身份证号, 姓名, 工作单位, 职业) VALUES ('2906913031', 'Liam', 'Info Systems', 'Writer');

INSERT INTO 身份信息 (身份证号, 姓名, 工作单位, 职业) VALUES ('2907534186', 'Olivia', 'Data Works', 'Artist');

INSERT INTO 身份信息 (身份证号, 姓名, 工作单位, 职业) VALUES ('2908096867', 'Joh', 'Byte Solutions', 'Artist');

INSERT INTO 身份信息 (身份证号, 姓名, 工作单位, 职业) VALUES ('2910335954', 'William', 'Byte Solutions', 'Artist');

INSERT INTO 身份信息 (身份证号, 姓名, 工作单位, 职业) VALUES ('2912110417', 'Isabella', 'Data Works', 'Artist');

INSERT INTO 身份信息 (身份证号, 姓名, 工作单位, 职业) VALUES ('2913183337', 'Sophia', 'Byte Solutions', 'Developer');

INSERT INTO 身份信息 (身份证号, 姓名, 工作单位, 职业) VALUES ('2914061870', 'Sophia', 'Data Works', 'Designer');

INSERT INTO 身份信息 (身份证号, 姓名, 工作单位, 职业) VALUES ('2916594710', 'Olivia', 'Global Net', 'Artist');

INSERT INTO 身份信息 (身份证号, 姓名, 工作单位, 职业) VALUES ('2917816605', 'Olivia', 'Global Net', 'Chef');

INSERT INTO 身份信息 (身份证号, 姓名, 工作单位, 职业) VALUES ('2923072270', 'James', 'Innovate Co', 'Accountant');

INSERT INTO 身份信息 (身份证号, 姓名, 工作单位, 职业) VALUES ('2926673343', 'Mary', 'Innovate Co', 'Engineer');

INSERT INTO 身份信息 (身份证号, 姓名, 工作单位, 职业) VALUES ('2929270155', 'Isabella', 'Data Works', 'Manager');

INSERT INTO 身份信息 (身份证号, 姓名, 工作单位, 职业) VALUES ('2930088822', 'Joh', 'Sky Soft', 'Teacher');

INSERT INTO 身份信息 (身份证号, 姓名, 工作单位, 职业) VALUES ('2931159763', 'Isabella', 'Byte Solutions', 'Designer');

INSERT INTO 身份信息 (身份证号, 姓名, 工作单位, 职业) VALUES ('2931663150', 'Mary', 'Data Works', 'Artist');

INSERT INTO 身份信息 (身份证号, 姓名, 工作单位, 职业) VALUES ('2933454676', 'Olivia', 'Innovate Co', 'Chef');

INSERT INTO 身份信息 (身份证号, 姓名, 工作单位, 职业) VALUES ('2933720926', 'Noah', 'Sky Soft', 'Teacher');

INSERT INTO 身份信息 (身份证号, 姓名, 工作单位, 职业) VALUES ('2934326258', 'Mary', 'Tech Corp', 'Developer');

INSERT INTO 身份信息 (身份证号, 姓名, 工作单位, 职业) VALUES ('2934403127', 'Noah', 'Tech Corp', 'Teacher');

INSERT INTO 身份信息 (身份证号, 姓名, 工作单位, 职业) VALUES ('2934754731', 'William', 'Byte Solutions', 'Engineer');

INSERT INTO 身份信息 (身份证号, 姓名, 工作单位, 职业) VALUES ('2934819258', 'Liam', 'Sky Soft', 'Artist');

INSERT INTO 身份信息 (身份证号, 姓名, 工作单位, 职业) VALUES ('2937219120', 'Noah', 'Byte Solutions', 'Writer');

INSERT INTO 身份信息 (身份证号, 姓名, 工作单位, 职业) VALUES ('2941330349', 'Emma', 'Tech Corp', 'Doctor');

INSERT INTO 身份信息 (身份证号, 姓名, 工作单位, 职业) VALUES ('2943239368', 'Olivia', 'Global Net', 'Engineer');

INSERT INTO 身份信息 (身份证号, 姓名, 工作单位, 职业) VALUES ('2945476857', 'Emma', 'Data Works', 'Teacher');

INSERT INTO 身份信息 (身份证号, 姓名, 工作单位, 职业) VALUES ('2945599524', 'Olivia', 'Global Net', 'Designer');

INSERT INTO 身份信息 (身份证号, 姓名, 工作单位, 职业) VALUES ('2945705985', 'James', 'Byte Solutions', 'Manager');

INSERT INTO 身份信息 (身份证号, 姓名, 工作单位, 职业) VALUES ('2947509711', 'Emma', 'Global Net', 'Doctor');

INSERT INTO 身份信息 (身份证号, 姓名, 工作单位, 职业) VALUES ('2948103291', 'William', 'Tech Corp', 'Accountant');

INSERT INTO 身份信息 (身份证号, 姓名, 工作单位, 职业) VALUES ('2950490589', 'James', 'Global Net', 'Teacher');

INSERT INTO 身份信息 (身份证号, 姓名, 工作单位, 职业) VALUES ('2950560813', 'William', 'Innovate Co', 'Accountant');

INSERT INTO 身份信息 (身份证号, 姓名, 工作单位, 职业) VALUES ('2951207050', 'Sophia', 'Innovate Co', 'Developer');

INSERT INTO 身份信息 (身份证号, 姓名, 工作单位, 职业) VALUES ('2952654999', 'Sophia', 'Sky Soft', 'Artist');

INSERT INTO 身份信息 (身份证号, 姓名, 工作单位, 职业) VALUES ('2955819436', 'William', 'Byte Solutions', 'Designer');

INSERT INTO 身份信息 (身份证号, 姓名, 工作单位, 职业) VALUES ('2955834599', 'Mary', 'Global Net', 'Designer');

INSERT INTO 身份信息 (身份证号, 姓名, 工作单位, 职业) VALUES ('2957723635', 'Isabella', 'Data Works', 'Writer');

INSERT INTO 身份信息 (身份证号, 姓名, 工作单位, 职业) VALUES ('2957746668', 'Olivia', 'Tech Corp', 'Chef');

INSERT INTO 身份信息 (身份证号, 姓名, 工作单位, 职业) VALUES ('2960580511', 'Emma', 'Tech Corp', 'Manager');

INSERT INTO 身份信息 (身份证号, 姓名, 工作单位, 职业) VALUES ('2963472402', 'Olivia', 'Byte Solutions', 'Manager');

INSERT INTO 身份信息 (身份证号, 姓名, 工作单位, 职业) VALUES ('2966350719', 'Liam', 'Tech Corp', 'Doctor');

INSERT INTO 身份信息 (身份证号, 姓名, 工作单位, 职业) VALUES ('2968077248', 'Noah', 'Innovate Co', 'Accountant');

INSERT INTO 身份信息 (身份证号, 姓名, 工作单位, 职业) VALUES ('2968490206', 'Liam', 'Info Systems', 'Teacher');

INSERT INTO 身份信息 (身份证号, 姓名, 工作单位, 职业) VALUES ('2969898639', 'Noah', 'Info Systems', 'Accountant');

INSERT INTO 身份信息 (身份证号, 姓名, 工作单位, 职业) VALUES ('2970175492', 'Olivia', 'Sky Soft', 'Accountant');

INSERT INTO 身份信息 (身份证号, 姓名, 工作单位, 职业) VALUES ('2972997587', 'Liam', 'Data Works', 'Teacher');

INSERT INTO 身份信息 (身份证号, 姓名, 工作单位, 职业) VALUES ('2974529466', 'Sophia', 'Sky Soft', 'Artist');

INSERT INTO 身份信息 (身份证号, 姓名, 工作单位, 职业) VALUES ('2977890846', 'William', 'Byte Solutions', 'Manager');

INSERT INTO 身份信息 (身份证号, 姓名, 工作单位, 职业) VALUES ('2979851135', 'Olivia', 'Info Systems', 'Doctor');

INSERT INTO 身份信息 (身份证号, 姓名, 工作单位, 职业) VALUES ('2982456149', 'Sophia', 'Byte Solutions', 'Accountant');

INSERT INTO 身份信息 (身份证号, 姓名, 工作单位, 职业) VALUES ('2983337533', 'Isabella', 'Innovate Co', 'Artist');

INSERT INTO 身份信息 (身份证号, 姓名, 工作单位, 职业) VALUES ('2984946486', 'Noah', 'Innovate Co', 'Accountant');

INSERT INTO 身份信息 (身份证号, 姓名, 工作单位, 职业) VALUES ('2988711805', 'Liam', 'Global Net', 'Developer');

INSERT INTO 身份信息 (身份证号, 姓名, 工作单位, 职业) VALUES ('2989199929', 'Emma', 'Info Systems', 'Designer');

INSERT INTO 身份信息 (身份证号, 姓名, 工作单位, 职业) VALUES ('2989471411', 'James', 'Byte Solutions', 'Developer');

INSERT INTO 身份信息 (身份证号, 姓名, 工作单位, 职业) VALUES ('2989942298', 'Liam', 'Byte Solutions', 'Engineer');

INSERT INTO 身份信息 (身份证号, 姓名, 工作单位, 职业) VALUES ('2989945071', 'William', 'Data Works', 'Chef');

INSERT INTO 身份信息 (身份证号, 姓名, 工作单位, 职业) VALUES ('2991639430', 'James', 'Byte Solutions', 'Accountant');

INSERT INTO 身份信息 (身份证号, 姓名, 工作单位, 职业) VALUES ('2991981430', 'Joh', 'Byte Solutions', 'Writer');

INSERT INTO 身份信息 (身份证号, 姓名, 工作单位, 职业) VALUES ('2992193903', 'Joh', 'Global Net', 'Writer');

INSERT INTO 身份信息 (身份证号, 姓名, 工作单位, 职业) VALUES ('2994632540', 'Sophia', 'Innovate Co', 'Writer');

INSERT INTO 身份信息 (身份证号, 姓名, 工作单位, 职业) VALUES ('2995496451', 'Noah', 'Innovate Co', 'Teacher');

INSERT INTO 身份信息 (身份证号, 姓名, 工作单位, 职业) VALUES ('2999195657', 'Olivia', 'Global Net', 'Engineer');

INSERT INTO 身份信息 (身份证号, 姓名, 工作单位, 职业) VALUES ('2999711233', 'Sophia', 'Global Net', 'Manager');

INSERT INTO 身份信息 (身份证号, 姓名, 工作单位, 职业) VALUES ('3001579334', 'Emma', 'Innovate Co', 'Designer');

INSERT INTO 身份信息 (身份证号, 姓名, 工作单位, 职业) VALUES ('3002393598', 'Liam', 'Data Works', 'Accountant');

INSERT INTO 身份信息 (身份证号, 姓名, 工作单位, 职业) VALUES ('3003332818', 'Mary', 'Info Systems', 'Doctor');

INSERT INTO 身份信息 (身份证号, 姓名, 工作单位, 职业) VALUES ('3005453477', 'Joh', 'Tech Corp', 'Accountant');

INSERT INTO 身份信息 (身份证号, 姓名, 工作单位, 职业) VALUES ('3009094017', 'Mary', 'Info Systems', 'Doctor');

INSERT INTO 身份信息 (身份证号, 姓名, 工作单位, 职业) VALUES ('3012492005', 'Emma', 'Byte Solutions', 'Developer');

INSERT INTO 身份信息 (身份证号, 姓名, 工作单位, 职业) VALUES ('3014359832', 'Emma', 'Sky Soft', 'Doctor');

INSERT INTO 身份信息 (身份证号, 姓名, 工作单位, 职业) VALUES ('3016091476', 'James', 'Tech Corp', 'Manager');

INSERT INTO 身份信息 (身份证号, 姓名, 工作单位, 职业) VALUES ('3017872765', 'Isabella', 'Byte Solutions', 'Chef');

INSERT INTO 身份信息 (身份证号, 姓名, 工作单位, 职业) VALUES ('3019749003', 'Joh', 'Byte Solutions', 'Writer');

INSERT INTO 身份信息 (身份证号, 姓名, 工作单位, 职业) VALUES ('3023154335', 'Liam', 'Byte Solutions', 'Chef');

INSERT INTO 身份信息 (身份证号, 姓名, 工作单位, 职业) VALUES ('3025752432', 'William', 'Global Net', 'Manager');

INSERT INTO 身份信息 (身份证号, 姓名, 工作单位, 职业) VALUES ('3026284666', 'Mary', 'Global Net', 'Artist');

INSERT INTO 身份信息 (身份证号, 姓名, 工作单位, 职业) VALUES ('3036196039', 'Liam', 'Tech Corp', 'Designer');

INSERT INTO 身份信息 (身份证号, 姓名, 工作单位, 职业) VALUES ('3036571370', 'Olivia', 'Global Net', 'Teacher');

INSERT INTO 身份信息 (身份证号, 姓名, 工作单位, 职业) VALUES ('3036991558', 'Liam', 'Innovate Co', 'Artist');

INSERT INTO 身份信息 (身份证号, 姓名, 工作单位, 职业) VALUES ('3044349465', 'Mary', 'Data Works', 'Engineer');

INSERT INTO 身份信息 (身份证号, 姓名, 工作单位, 职业) VALUES ('3048327826', 'Sophia', 'Innovate Co', 'Engineer');

INSERT INTO 身份信息 (身份证号, 姓名, 工作单位, 职业) VALUES ('3051066014', 'Noah', 'Byte Solutions', 'Teacher');

INSERT INTO 身份信息 (身份证号, 姓名, 工作单位, 职业) VALUES ('3053182402', 'Noah', 'Data Works', 'Writer');

INSERT INTO 身份信息 (身份证号, 姓名, 工作单位, 职业) VALUES ('3056381228', 'Noah', 'Byte Solutions', 'Manager');

INSERT INTO 身份信息 (身份证号, 姓名, 工作单位, 职业) VALUES ('3056777928', 'James', 'Global Net', 'Manager');

INSERT INTO 身份信息 (身份证号, 姓名, 工作单位, 职业) VALUES ('3057160507', 'Noah', 'Data Works', 'Developer');

INSERT INTO 身份信息 (身份证号, 姓名, 工作单位, 职业) VALUES ('3058792325', 'William', 'Info Systems', 'Doctor');

INSERT INTO 身份信息 (身份证号, 姓名, 工作单位, 职业) VALUES ('3064873112', 'Emma', 'Tech Corp', 'Engineer');

INSERT INTO 身份信息 (身份证号, 姓名, 工作单位, 职业) VALUES ('3069281486', 'Sophia', 'Info Systems', 'Artist');

INSERT INTO 身份信息 (身份证号, 姓名, 工作单位, 职业) VALUES ('3072147929', 'Noah', 'Tech Corp', 'Writer');

INSERT INTO 身份信息 (身份证号, 姓名, 工作单位, 职业) VALUES ('3072148515', 'Isabella', 'Innovate Co', 'Doctor');

INSERT INTO 身份信息 (身份证号, 姓名, 工作单位, 职业) VALUES ('3075352024', 'Sophia', 'Sky Soft', 'Chef');

INSERT INTO 身份信息 (身份证号, 姓名, 工作单位, 职业) VALUES ('3077616843', 'William', 'Byte Solutions', 'Teacher');

INSERT INTO 身份信息 (身份证号, 姓名, 工作单位, 职业) VALUES ('3078396866', 'Emma', 'Byte Solutions', 'Engineer');

INSERT INTO 身份信息 (身份证号, 姓名, 工作单位, 职业) VALUES ('3082199262', 'William', 'Global Net', 'Developer');

INSERT INTO 身份信息 (身份证号, 姓名, 工作单位, 职业) VALUES ('3082463094', 'James', 'Global Net', 'Manager');

INSERT INTO 身份信息 (身份证号, 姓名, 工作单位, 职业) VALUES ('3089915047', 'Liam', 'Info Systems', 'Manager');

INSERT INTO 身份信息 (身份证号, 姓名, 工作单位, 职业) VALUES ('3090754934', 'Emma', 'Global Net', 'Designer');

INSERT INTO 身份信息 (身份证号, 姓名, 工作单位, 职业) VALUES ('3091778989', 'Isabella', 'Sky Soft', 'Developer');

INSERT INTO 身份信息 (身份证号, 姓名, 工作单位, 职业) VALUES ('3093080715', 'Isabella', 'Innovate Co', 'Manager');

INSERT INTO 身份信息 (身份证号, 姓名, 工作单位, 职业) VALUES ('3107414589', 'Joh', 'Tech Corp', 'Designer');

INSERT INTO 身份信息 (身份证号, 姓名, 工作单位, 职业) VALUES ('3107425624', 'William', 'Info Systems', 'Manager');

INSERT INTO 身份信息 (身份证号, 姓名, 工作单位, 职业) VALUES ('3109245068', 'Liam', 'Innovate Co', 'Developer');

INSERT INTO 身份信息 (身份证号, 姓名, 工作单位, 职业) VALUES ('3113498019', 'Joh', 'Data Works', 'Accountant');

INSERT INTO 身份信息 (身份证号, 姓名, 工作单位, 职业) VALUES ('3113915504', 'Olivia', 'Global Net', 'Writer');

INSERT INTO 身份信息 (身份证号, 姓名, 工作单位, 职业) VALUES ('3115895897', 'Liam', 'Data Works', 'Teacher');

INSERT INTO 身份信息 (身份证号, 姓名, 工作单位, 职业) VALUES ('3118369023', 'Joh', 'Data Works', 'Manager');

INSERT INTO 身份信息 (身份证号, 姓名, 工作单位, 职业) VALUES ('3118793059', 'Mary', 'Sky Soft', 'Accountant');

INSERT INTO 身份信息 (身份证号, 姓名, 工作单位, 职业) VALUES ('3120067805', 'Noah', 'Global Net', 'Engineer');

INSERT INTO 身份信息 (身份证号, 姓名, 工作单位, 职业) VALUES ('3122805763', 'Joh', 'Byte Solutions', 'Chef');

INSERT INTO 身份信息 (身份证号, 姓名, 工作单位, 职业) VALUES ('3122839507', 'Liam', 'Global Net', 'Writer');

INSERT INTO 身份信息 (身份证号, 姓名, 工作单位, 职业) VALUES ('3123015069', 'Mary', 'Innovate Co', 'Writer');

INSERT INTO 身份信息 (身份证号, 姓名, 工作单位, 职业) VALUES ('3123697891', 'William', 'Info Systems', 'Developer');

INSERT INTO 身份信息 (身份证号, 姓名, 工作单位, 职业) VALUES ('3123854395', 'Sophia', 'Sky Soft', 'Developer');

INSERT INTO 身份信息 (身份证号, 姓名, 工作单位, 职业) VALUES ('3127870106', 'Joh', 'Info Systems', 'Writer');

INSERT INTO 身份信息 (身份证号, 姓名, 工作单位, 职业) VALUES ('3129374615', 'William', 'Global Net', 'Doctor');

INSERT INTO 身份信息 (身份证号, 姓名, 工作单位, 职业) VALUES ('3130137749', 'Emma', 'Info Systems', 'Engineer');

INSERT INTO 身份信息 (身份证号, 姓名, 工作单位, 职业) VALUES ('3131573697', 'Joh', 'Byte Solutions', 'Designer');

INSERT INTO 身份信息 (身份证号, 姓名, 工作单位, 职业) VALUES ('3131628988', 'Mary', 'Global Net', 'Engineer');

INSERT INTO 身份信息 (身份证号, 姓名, 工作单位, 职业) VALUES ('3133876544', 'Mary', 'Innovate Co', 'Designer');

INSERT INTO 身份信息 (身份证号, 姓名, 工作单位, 职业) VALUES ('3138408817', 'Mary', 'Tech Corp', 'Writer');

INSERT INTO 身份信息 (身份证号, 姓名, 工作单位, 职业) VALUES ('3141974858', 'Emma', 'Sky Soft', 'Chef');

INSERT INTO 身份信息 (身份证号, 姓名, 工作单位, 职业) VALUES ('3142193510', 'Isabella', 'Info Systems', 'Doctor');

INSERT INTO 身份信息 (身份证号, 姓名, 工作单位, 职业) VALUES ('3143002011', 'Isabella', 'Info Systems', 'Accountant');

INSERT INTO 身份信息 (身份证号, 姓名, 工作单位, 职业) VALUES ('3143071442', 'Liam', 'Tech Corp', 'Developer');

INSERT INTO 身份信息 (身份证号, 姓名, 工作单位, 职业) VALUES ('3144017318', 'Sophia', 'Data Works', 'Accountant');

INSERT INTO 经理 (经理号, 身份证号, 分公司_id) VALUES (1002, '1003773759', 1);

INSERT INTO 经理 (经理号, 身份证号, 分公司_id) VALUES (1003, '1005750065', 2);

INSERT INTO 经理 (经理号, 身份证号, 分公司_id) VALUES (1004, '1005772359', 3);

INSERT INTO 经理 (经理号, 身份证号, 分公司_id) VALUES (1005, '1007356365', 4);

INSERT INTO 经理 (经理号, 身份证号, 分公司_id) VALUES (1006, '1011873347', 5);

INSERT INTO 经理 (经理号, 身份证号, 分公司_id) VALUES (1007, '1012477284', 6);

INSERT INTO 经理 (经理号, 身份证号, 分公司_id) VALUES (1008, '1021372339', 7);

INSERT INTO 经理 (经理号, 身份证号, 分公司_id) VALUES (1009, '1031358786', 8);

INSERT INTO 经理 (经理号, 身份证号, 分公司_id) VALUES (1010, '1032208022', 9);

INSERT INTO 旅游团 (id) VALUES (1);

INSERT INTO 旅游团 (id) VALUES (2);

INSERT INTO 旅游团 (id) VALUES (3);

INSERT INTO 旅游团 (id) VALUES (4);

INSERT INTO 旅游团 (id) VALUES (5);

INSERT INTO 旅游团 (id) VALUES (6);

INSERT INTO 旅游团 (id) VALUES (7);

INSERT INTO 旅游团 (id) VALUES (8);

INSERT INTO 旅游团 (id) VALUES (9);

INSERT INTO 旅游团 (id) VALUES (10);

INSERT INTO 顾客 (身份证号, 消费金额, 旅游团_id) VALUES ('1003773759', 16265.06, 6);

INSERT INTO 顾客 (身份证号, 消费金额, 旅游团_id) VALUES ('1005750065', 7153.08, 10);

INSERT INTO 顾客 (身份证号, 消费金额, 旅游团_id) VALUES ('1005772359', 19302.08, 1);

INSERT INTO 顾客 (身份证号, 消费金额, 旅游团_id) VALUES ('1007356365', 4271.69, 8);

INSERT INTO 顾客 (身份证号, 消费金额, 旅游团_id) VALUES ('1011873347', 21666.96, 6);

INSERT INTO 顾客 (身份证号, 消费金额, 旅游团_id) VALUES ('1012477284', 7447.79, 6);

INSERT INTO 顾客 (身份证号, 消费金额, 旅游团_id) VALUES ('1021372339', 7292.01, 8);

INSERT INTO 顾客 (身份证号, 消费金额, 旅游团_id) VALUES ('1031358786', 22216.18, 3);

INSERT INTO 顾客 (身份证号, 消费金额, 旅游团_id) VALUES ('1032208022', 25300.75, 8);

INSERT INTO 顾客 (身份证号, 消费金额, 旅游团_id) VALUES ('1032407086', 28699.42, 3);

INSERT INTO 顾客 (身份证号, 消费金额, 旅游团_id) VALUES ('1035555550', 24940.47, 7);

INSERT INTO 顾客 (身份证号, 消费金额, 旅游团_id) VALUES ('1036217391', 6366.95, 6);

INSERT INTO 顾客 (身份证号, 消费金额, 旅游团_id) VALUES ('1038853989', 1322.84, 7);

INSERT INTO 顾客 (身份证号, 消费金额, 旅游团_id) VALUES ('1039800029', 17867.47, 1);

INSERT INTO 顾客 (身份证号, 消费金额, 旅游团_id) VALUES ('1040254104', 20677.07, 7);

INSERT INTO 顾客 (身份证号, 消费金额, 旅游团_id) VALUES ('1041450877', 11691.51, 7);

INSERT INTO 顾客 (身份证号, 消费金额, 旅游团_id) VALUES ('1041736492', 18519.02, 5);

INSERT INTO 顾客 (身份证号, 消费金额, 旅游团_id) VALUES ('1043694265', 16267.73, 7);

INSERT INTO 顾客 (身份证号, 消费金额, 旅游团_id) VALUES ('1045084079', 26917.53, 3);

INSERT INTO 顾客 (身份证号, 消费金额, 旅游团_id) VALUES ('1046303673', 20047.01, 2);

INSERT INTO 顾客 (身份证号, 消费金额, 旅游团_id) VALUES ('1046925037', 26601.66, 9);

INSERT INTO 顾客 (身份证号, 消费金额, 旅游团_id) VALUES ('1048125202', 27694.96, 2);

INSERT INTO 顾客 (身份证号, 消费金额, 旅游团_id) VALUES ('1049225981', 24633.42, 9);

INSERT INTO 顾客 (身份证号, 消费金额, 旅游团_id) VALUES ('1051317239', 1974.65, 9);

INSERT INTO 顾客 (身份证号, 消费金额, 旅游团_id) VALUES ('1054413360', 13076.45, 2);

INSERT INTO 顾客 (身份证号, 消费金额, 旅游团_id) VALUES ('1058707520', 6749.39, 1);

INSERT INTO 顾客 (身份证号, 消费金额, 旅游团_id) VALUES ('1062174013', 3096.22, 3);

INSERT INTO 顾客 (身份证号, 消费金额, 旅游团_id) VALUES ('1063782783', 12474.62, 1);

INSERT INTO 顾客 (身份证号, 消费金额, 旅游团_id) VALUES ('1066392595', 1559.14, 7);

INSERT INTO 顾客 (身份证号, 消费金额, 旅游团_id) VALUES ('1069281062', 3434.95, 2);

INSERT INTO 顾客 (身份证号, 消费金额, 旅游团_id) VALUES ('1070061626', 10048.1, 1);

INSERT INTO 顾客 (身份证号, 消费金额, 旅游团_id) VALUES ('1073140077', 11990.41, 9);

INSERT INTO 顾客 (身份证号, 消费金额, 旅游团_id) VALUES ('1073256974', 6026.1, 1);

INSERT INTO 顾客 (身份证号, 消费金额, 旅游团_id) VALUES ('1074933336', 16623.8, 5);

INSERT INTO 顾客 (身份证号, 消费金额, 旅游团_id) VALUES ('1076606551', 13228.43, 4);

INSERT INTO 顾客 (身份证号, 消费金额, 旅游团_id) VALUES ('1077172768', 11496.82, 4);

INSERT INTO 顾客 (身份证号, 消费金额, 旅游团_id) VALUES ('1083529400', 11950.56, 1);

INSERT INTO 顾客 (身份证号, 消费金额, 旅游团_id) VALUES ('1083940560', 7093.95, 3);

INSERT INTO 顾客 (身份证号, 消费金额, 旅游团_id) VALUES ('1084398475', 28930.97, 7);

INSERT INTO 顾客 (身份证号, 消费金额, 旅游团_id) VALUES ('1085665393', 19213.79, 9);

INSERT INTO 顾客 (身份证号, 消费金额, 旅游团_id) VALUES ('1086352413', 1210.9, 5);

INSERT INTO 顾客 (身份证号, 消费金额, 旅游团_id) VALUES ('1093925867', 19949.95, 5);

INSERT INTO 顾客 (身份证号, 消费金额, 旅游团_id) VALUES ('1103975555', 27659.35, 9);

INSERT INTO 顾客 (身份证号, 消费金额, 旅游团_id) VALUES ('1112366885', 14561.82, 5);

INSERT INTO 顾客 (身份证号, 消费金额, 旅游团_id) VALUES ('1113605195', 8139.58, 3);

INSERT INTO 顾客 (身份证号, 消费金额, 旅游团_id) VALUES ('1126974710', 1761.47, 8);

INSERT INTO 顾客 (身份证号, 消费金额, 旅游团_id) VALUES ('1138237033', 3119.61, 7);

INSERT INTO 顾客 (身份证号, 消费金额, 旅游团_id) VALUES ('1138532389', 3048.4, 8);

INSERT INTO 顾客 (身份证号, 消费金额, 旅游团_id) VALUES ('1138908407', 29624.25, 9);

INSERT INTO 顾客 (身份证号, 消费金额, 旅游团_id) VALUES ('1142308920', 22898.89, 2);

INSERT INTO 顾客 (身份证号, 消费金额, 旅游团_id) VALUES ('1142485150', 18575.92, 3);

INSERT INTO 顾客 (身份证号, 消费金额, 旅游团_id) VALUES ('1143663690', 5959.57, 3);

INSERT INTO 顾客 (身份证号, 消费金额, 旅游团_id) VALUES ('1150281835', 14179.53, 6);

INSERT INTO 顾客 (身份证号, 消费金额, 旅游团_id) VALUES ('1155951124', 6854.73, 8);

INSERT INTO 顾客 (身份证号, 消费金额, 旅游团_id) VALUES ('1159515602', 19148.52, 5);

INSERT INTO 顾客 (身份证号, 消费金额, 旅游团_id) VALUES ('1163255087', 3795.97, 9);

INSERT INTO 顾客 (身份证号, 消费金额, 旅游团_id) VALUES ('1164264876', 16273.99, 7);

INSERT INTO 顾客 (身份证号, 消费金额, 旅游团_id) VALUES ('1170617504', 28012.74, 7);

INSERT INTO 顾客 (身份证号, 消费金额, 旅游团_id) VALUES ('1171837322', 21457.54, 5);

INSERT INTO 顾客 (身份证号, 消费金额, 旅游团_id) VALUES ('1175529921', 26332.71, 9);

INSERT INTO 顾客 (身份证号, 消费金额, 旅游团_id) VALUES ('1179019698', 12695.57, 8);

INSERT INTO 顾客 (身份证号, 消费金额, 旅游团_id) VALUES ('1188638120', 6575.96, 2);

INSERT INTO 顾客 (身份证号, 消费金额, 旅游团_id) VALUES ('1189765576', 8706.59, 4);

INSERT INTO 顾客 (身份证号, 消费金额, 旅游团_id) VALUES ('1190307431', 9413.33, 8);

INSERT INTO 顾客 (身份证号, 消费金额, 旅游团_id) VALUES ('1192704074', 20168.9, 1);

INSERT INTO 顾客 (身份证号, 消费金额, 旅游团_id) VALUES ('1193001222', 23814.56, 8);

INSERT INTO 顾客 (身份证号, 消费金额, 旅游团_id) VALUES ('1193204715', 5276.62, 2);

INSERT INTO 顾客 (身份证号, 消费金额, 旅游团_id) VALUES ('1195157245', 9180.46, 8);

INSERT INTO 顾客 (身份证号, 消费金额, 旅游团_id) VALUES ('1203548735', 15559.06, 10);

INSERT INTO 顾客 (身份证号, 消费金额, 旅游团_id) VALUES ('1204319158', 28397.02, 2);

INSERT INTO 顾客 (身份证号, 消费金额, 旅游团_id) VALUES ('1207893154', 17250.76, 10);

INSERT INTO 顾客 (身份证号, 消费金额, 旅游团_id) VALUES ('1208483182', 7165.08, 9);

INSERT INTO 顾客 (身份证号, 消费金额, 旅游团_id) VALUES ('1211641454', 24087.76, 6);

INSERT INTO 顾客 (身份证号, 消费金额, 旅游团_id) VALUES ('1214503008', 14929.46, 5);

INSERT INTO 顾客 (身份证号, 消费金额, 旅游团_id) VALUES ('1218764373', 14302.38, 7);

INSERT INTO 顾客 (身份证号, 消费金额, 旅游团_id) VALUES ('1219959288', 12923.17, 3);

INSERT INTO 顾客 (身份证号, 消费金额, 旅游团_id) VALUES ('1221336556', 9778.45, 1);

INSERT INTO 顾客 (身份证号, 消费金额, 旅游团_id) VALUES ('1221833669', 6252.33, 8);

INSERT INTO 顾客 (身份证号, 消费金额, 旅游团_id) VALUES ('1235486039', 24782.18, 4);

INSERT INTO 顾客 (身份证号, 消费金额, 旅游团_id) VALUES ('1243116584', 5688.8, 4);

INSERT INTO 顾客 (身份证号, 消费金额, 旅游团_id) VALUES ('1244596923', 2160.17, 7);

INSERT INTO 顾客 (身份证号, 消费金额, 旅游团_id) VALUES ('1253183280', 19700.96, 4);

INSERT INTO 顾客 (身份证号, 消费金额, 旅游团_id) VALUES ('1254990179', 16025.44, 7);

INSERT INTO 顾客 (身份证号, 消费金额, 旅游团_id) VALUES ('1256916668', 6992.54, 9);

INSERT INTO 顾客 (身份证号, 消费金额, 旅游团_id) VALUES ('1257881839', 25648.83, 10);

INSERT INTO 顾客 (身份证号, 消费金额, 旅游团_id) VALUES ('1259040497', 5048.88, 9);

INSERT INTO 顾客 (身份证号, 消费金额, 旅游团_id) VALUES ('1259616469', 2029.53, 7);

INSERT INTO 顾客 (身份证号, 消费金额, 旅游团_id) VALUES ('1260573608', 17749.47, 4);

INSERT INTO 顾客 (身份证号, 消费金额, 旅游团_id) VALUES ('1263225371', 18156.84, 7);

INSERT INTO 顾客 (身份证号, 消费金额, 旅游团_id) VALUES ('1264859969', 8255.9, 4);

INSERT INTO 顾客 (身份证号, 消费金额, 旅游团_id) VALUES ('1266252378', 6501.25, 1);

INSERT INTO 顾客 (身份证号, 消费金额, 旅游团_id) VALUES ('1269434019', 12440.35, 7);

INSERT INTO 顾客 (身份证号, 消费金额, 旅游团_id) VALUES ('1270891160', 29524.73, 6);

INSERT INTO 顾客 (身份证号, 消费金额, 旅游团_id) VALUES ('1271836641', 27211.97, 3);

INSERT INTO 顾客 (身份证号, 消费金额, 旅游团_id) VALUES ('1272551926', 6826.75, 8);

INSERT INTO 顾客 (身份证号, 消费金额, 旅游团_id) VALUES ('1274433192', 16874.73, 8);

INSERT INTO 顾客 (身份证号, 消费金额, 旅游团_id) VALUES ('1276966262', 25832.8, 8);

INSERT INTO 顾客 (身份证号, 消费金额, 旅游团_id) VALUES ('1277039596', 28026.21, 7);

INSERT INTO 顾客 (身份证号, 消费金额, 旅游团_id) VALUES ('1278620553', 10394.84, 10);

INSERT INTO 顾客 (身份证号, 消费金额, 旅游团_id) VALUES ('1281915447', 16339.65, 7);

INSERT INTO 顾客 (身份证号, 消费金额, 旅游团_id) VALUES ('1284026640', 8614.5, 7);

INSERT INTO 顾客 (身份证号, 消费金额, 旅游团_id) VALUES ('1290513124', 5968.79, 9);

INSERT INTO 顾客 (身份证号, 消费金额, 旅游团_id) VALUES ('1291069963', 25922.21, 1);

INSERT INTO 顾客 (身份证号, 消费金额, 旅游团_id) VALUES ('1295265693', 2113.88, 8);

INSERT INTO 顾客 (身份证号, 消费金额, 旅游团_id) VALUES ('1296519340', 23770.2, 9);

INSERT INTO 顾客 (身份证号, 消费金额, 旅游团_id) VALUES ('1297163136', 23661.77, 1);

INSERT INTO 顾客 (身份证号, 消费金额, 旅游团_id) VALUES ('1297303491', 9192.88, 9);

INSERT INTO 顾客 (身份证号, 消费金额, 旅游团_id) VALUES ('1299183877', 14511.35, 9);

INSERT INTO 顾客 (身份证号, 消费金额, 旅游团_id) VALUES ('1299383328', 22974.66, 9);

INSERT INTO 顾客 (身份证号, 消费金额, 旅游团_id) VALUES ('1302146226', 10024.71, 7);

INSERT INTO 顾客 (身份证号, 消费金额, 旅游团_id) VALUES ('1303095925', 28621.59, 10);

INSERT INTO 顾客 (身份证号, 消费金额, 旅游团_id) VALUES ('1304268707', 15234.62, 3);

INSERT INTO 顾客 (身份证号, 消费金额, 旅游团_id) VALUES ('1305236720', 12554.82, 1);

INSERT INTO 顾客 (身份证号, 消费金额, 旅游团_id) VALUES ('1308602472', 10074.91, 2);

INSERT INTO 顾客 (身份证号, 消费金额, 旅游团_id) VALUES ('1311461652', 19667.79, 7);

INSERT INTO 顾客 (身份证号, 消费金额, 旅游团_id) VALUES ('1313861729', 12364.03, 9);

INSERT INTO 顾客 (身份证号, 消费金额, 旅游团_id) VALUES ('1315870491', 15171.76, 8);

INSERT INTO 顾客 (身份证号, 消费金额, 旅游团_id) VALUES ('1316545156', 11826.16, 6);

INSERT INTO 顾客 (身份证号, 消费金额, 旅游团_id) VALUES ('1321512501', 11587.68, 4);

INSERT INTO 顾客 (身份证号, 消费金额, 旅游团_id) VALUES ('1329914421', 23354.5, 3);

INSERT INTO 顾客 (身份证号, 消费金额, 旅游团_id) VALUES ('1332562569', 29473.34, 4);

INSERT INTO 顾客 (身份证号, 消费金额, 旅游团_id) VALUES ('1334985072', 27582.23, 10);

INSERT INTO 顾客 (身份证号, 消费金额, 旅游团_id) VALUES ('1340029856', 2837.8, 5);

INSERT INTO 顾客 (身份证号, 消费金额, 旅游团_id) VALUES ('1341643821', 8622.53, 10);

INSERT INTO 顾客 (身份证号, 消费金额, 旅游团_id) VALUES ('1348565977', 3859.61, 3);

INSERT INTO 顾客 (身份证号, 消费金额, 旅游团_id) VALUES ('1349832535', 25820.46, 10);

INSERT INTO 顾客 (身份证号, 消费金额, 旅游团_id) VALUES ('1351737085', 20394.74, 5);

INSERT INTO 顾客 (身份证号, 消费金额, 旅游团_id) VALUES ('1359933679', 16458.16, 7);

INSERT INTO 顾客 (身份证号, 消费金额, 旅游团_id) VALUES ('1361017863', 23588.42, 6);

INSERT INTO 顾客 (身份证号, 消费金额, 旅游团_id) VALUES ('1365106995', 4004.34, 1);

INSERT INTO 顾客 (身份证号, 消费金额, 旅游团_id) VALUES ('1366035026', 6421.28, 7);

INSERT INTO 顾客 (身份证号, 消费金额, 旅游团_id) VALUES ('1369319251', 18447.14, 2);

INSERT INTO 顾客 (身份证号, 消费金额, 旅游团_id) VALUES ('1373239634', 6560.12, 7);

INSERT INTO 顾客 (身份证号, 消费金额, 旅游团_id) VALUES ('1374109645', 4497, 2);

INSERT INTO 顾客 (身份证号, 消费金额, 旅游团_id) VALUES ('1374979675', 11176.55, 8);

INSERT INTO 顾客 (身份证号, 消费金额, 旅游团_id) VALUES ('1376937463', 5223.73, 4);

INSERT INTO 顾客 (身份证号, 消费金额, 旅游团_id) VALUES ('1379160409', 24733.1, 9);

INSERT INTO 顾客 (身份证号, 消费金额, 旅游团_id) VALUES ('1382796355', 5368.22, 8);

INSERT INTO 顾客 (身份证号, 消费金额, 旅游团_id) VALUES ('1383361188', 2430.99, 9);

INSERT INTO 顾客 (身份证号, 消费金额, 旅游团_id) VALUES ('1384070207', 1627.09, 4);

INSERT INTO 顾客 (身份证号, 消费金额, 旅游团_id) VALUES ('1384763284', 2433.73, 4);

INSERT INTO 顾客 (身份证号, 消费金额, 旅游团_id) VALUES ('1385298149', 28676.12, 5);

INSERT INTO 顾客 (身份证号, 消费金额, 旅游团_id) VALUES ('1388412082', 28753.75, 2);

INSERT INTO 顾客 (身份证号, 消费金额, 旅游团_id) VALUES ('1388579143', 17255.13, 2);

INSERT INTO 顾客 (身份证号, 消费金额, 旅游团_id) VALUES ('1390142215', 2238.4, 10);

INSERT INTO 顾客 (身份证号, 消费金额, 旅游团_id) VALUES ('1398841587', 21439.54, 7);

INSERT INTO 顾客 (身份证号, 消费金额, 旅游团_id) VALUES ('1401740026', 19411.16, 10);

INSERT INTO 顾客 (身份证号, 消费金额, 旅游团_id) VALUES ('1402297067', 27839.2, 3);

INSERT INTO 顾客 (身份证号, 消费金额, 旅游团_id) VALUES ('1403753548', 11100.89, 9);

INSERT INTO 顾客 (身份证号, 消费金额, 旅游团_id) VALUES ('1405974098', 6781.64, 1);

INSERT INTO 顾客 (身份证号, 消费金额, 旅游团_id) VALUES ('1406104264', 11917.96, 2);

INSERT INTO 顾客 (身份证号, 消费金额, 旅游团_id) VALUES ('1406619081', 1269.87, 8);

INSERT INTO 顾客 (身份证号, 消费金额, 旅游团_id) VALUES ('1409106930', 21977.27, 2);

INSERT INTO 顾客 (身份证号, 消费金额, 旅游团_id) VALUES ('1412913755', 3105.36, 3);

INSERT INTO 顾客 (身份证号, 消费金额, 旅游团_id) VALUES ('1413201659', 20919.4, 7);

INSERT INTO 顾客 (身份证号, 消费金额, 旅游团_id) VALUES ('1414392160', 19619.85, 8);

INSERT INTO 顾客 (身份证号, 消费金额, 旅游团_id) VALUES ('1414914922', 10012.68, 6);

INSERT INTO 顾客 (身份证号, 消费金额, 旅游团_id) VALUES ('1414965774', 5527.12, 4);

INSERT INTO 顾客 (身份证号, 消费金额, 旅游团_id) VALUES ('1421644656', 28674.34, 3);

INSERT INTO 顾客 (身份证号, 消费金额, 旅游团_id) VALUES ('1423284658', 13784.87, 8);

INSERT INTO 顾客 (身份证号, 消费金额, 旅游团_id) VALUES ('1430095344', 19416, 8);

INSERT INTO 顾客 (身份证号, 消费金额, 旅游团_id) VALUES ('1434123226', 9224.36, 8);

INSERT INTO 顾客 (身份证号, 消费金额, 旅游团_id) VALUES ('1439514663', 26023.99, 8);

INSERT INTO 顾客 (身份证号, 消费金额, 旅游团_id) VALUES ('1444198228', 14636.46, 7);

INSERT INTO 顾客 (身份证号, 消费金额, 旅游团_id) VALUES ('1445397933', 9409.45, 6);

INSERT INTO 顾客 (身份证号, 消费金额, 旅游团_id) VALUES ('1446653457', 22318.27, 7);

INSERT INTO 顾客 (身份证号, 消费金额, 旅游团_id) VALUES ('1449742965', 16772.84, 6);

INSERT INTO 顾客 (身份证号, 消费金额, 旅游团_id) VALUES ('1449815617', 24968.12, 5);

INSERT INTO 顾客 (身份证号, 消费金额, 旅游团_id) VALUES ('1451381148', 7778.19, 3);

INSERT INTO 顾客 (身份证号, 消费金额, 旅游团_id) VALUES ('1451811398', 3946, 10);

INSERT INTO 顾客 (身份证号, 消费金额, 旅游团_id) VALUES ('1453082921', 4728.19, 8);

INSERT INTO 顾客 (身份证号, 消费金额, 旅游团_id) VALUES ('1458713248', 26025.57, 10);

INSERT INTO 顾客 (身份证号, 消费金额, 旅游团_id) VALUES ('1464009640', 22163.7, 6);

INSERT INTO 顾客 (身份证号, 消费金额, 旅游团_id) VALUES ('1465845741', 9719.76, 2);

INSERT INTO 顾客 (身份证号, 消费金额, 旅游团_id) VALUES ('1468697130', 15426.33, 8);

INSERT INTO 顾客 (身份证号, 消费金额, 旅游团_id) VALUES ('1470870199', 10115.19, 9);

INSERT INTO 顾客 (身份证号, 消费金额, 旅游团_id) VALUES ('1475552819', 7350.04, 6);

INSERT INTO 顾客 (身份证号, 消费金额, 旅游团_id) VALUES ('1475962726', 29007.56, 10);

INSERT INTO 顾客 (身份证号, 消费金额, 旅游团_id) VALUES ('1479722733', 17677.26, 1);

INSERT INTO 顾客 (身份证号, 消费金额, 旅游团_id) VALUES ('1480156570', 19295.44, 2);

INSERT INTO 顾客 (身份证号, 消费金额, 旅游团_id) VALUES ('1480388585', 20628.1, 6);

INSERT INTO 顾客 (身份证号, 消费金额, 旅游团_id) VALUES ('1482774905', 28151.2, 8);

INSERT INTO 顾客 (身份证号, 消费金额, 旅游团_id) VALUES ('1484381934', 15468.72, 5);

INSERT INTO 顾客 (身份证号, 消费金额, 旅游团_id) VALUES ('1487450605', 15642.13, 2);

INSERT INTO 顾客 (身份证号, 消费金额, 旅游团_id) VALUES ('1488957507', 10317.16, 10);

INSERT INTO 顾客 (身份证号, 消费金额, 旅游团_id) VALUES ('1490185179', 8773.1, 2);

INSERT INTO 顾客 (身份证号, 消费金额, 旅游团_id) VALUES ('1491262870', 24932.01, 9);

INSERT INTO 顾客 (身份证号, 消费金额, 旅游团_id) VALUES ('1495643735', 3649.97, 6);

INSERT INTO 顾客 (身份证号, 消费金额, 旅游团_id) VALUES ('1497553030', 12382, 3);

INSERT INTO 顾客 (身份证号, 消费金额, 旅游团_id) VALUES ('1503247625', 3664.94, 10);

INSERT INTO 顾客 (身份证号, 消费金额, 旅游团_id) VALUES ('1505235646', 29480.81, 2);

INSERT INTO 顾客 (身份证号, 消费金额, 旅游团_id) VALUES ('1505656088', 2608.65, 3);

INSERT INTO 顾客 (身份证号, 消费金额, 旅游团_id) VALUES ('1507222866', 15327.64, 2);

INSERT INTO 顾客 (身份证号, 消费金额, 旅游团_id) VALUES ('1508707533', 23341.93, 6);

INSERT INTO 顾客 (身份证号, 消费金额, 旅游团_id) VALUES ('1510692686', 10073.92, 2);

INSERT INTO 顾客 (身份证号, 消费金额, 旅游团_id) VALUES ('1514564197', 10237.43, 3);

INSERT INTO 顾客 (身份证号, 消费金额, 旅游团_id) VALUES ('1514582016', 6131.02, 6);

INSERT INTO 顾客 (身份证号, 消费金额, 旅游团_id) VALUES ('1514772262', 28223.38, 1);

INSERT INTO 顾客 (身份证号, 消费金额, 旅游团_id) VALUES ('1520674817', 23817.23, 5);

INSERT INTO 顾客 (身份证号, 消费金额, 旅游团_id) VALUES ('1528629764', 27850.22, 1);

INSERT INTO 顾客 (身份证号, 消费金额, 旅游团_id) VALUES ('1528661803', 28256.47, 1);

INSERT INTO 顾客 (身份证号, 消费金额, 旅游团_id) VALUES ('1530342258', 1184.5, 6);

INSERT INTO 顾客 (身份证号, 消费金额, 旅游团_id) VALUES ('1531064608', 13929.92, 5);

INSERT INTO 顾客 (身份证号, 消费金额, 旅游团_id) VALUES ('1533191715', 9091.89, 3);

INSERT INTO 顾客 (身份证号, 消费金额, 旅游团_id) VALUES ('1538034350', 24788.51, 8);

INSERT INTO 顾客 (身份证号, 消费金额, 旅游团_id) VALUES ('1538235101', 11400.22, 9);

INSERT INTO 顾客 (身份证号, 消费金额, 旅游团_id) VALUES ('1538429700', 14154.59, 3);

INSERT INTO 顾客 (身份证号, 消费金额, 旅游团_id) VALUES ('1540215633', 18730.84, 6);

INSERT INTO 顾客 (身份证号, 消费金额, 旅游团_id) VALUES ('1541988354', 10500.04, 6);

INSERT INTO 顾客 (身份证号, 消费金额, 旅游团_id) VALUES ('1542379799', 7120.21, 1);

INSERT INTO 顾客 (身份证号, 消费金额, 旅游团_id) VALUES ('1550519839', 28169.36, 9);

INSERT INTO 顾客 (身份证号, 消费金额, 旅游团_id) VALUES ('1553114650', 21147.69, 4);

INSERT INTO 顾客 (身份证号, 消费金额, 旅游团_id) VALUES ('1553989244', 8300.49, 4);

INSERT INTO 顾客 (身份证号, 消费金额, 旅游团_id) VALUES ('1555043312', 4276.82, 1);

INSERT INTO 顾客 (身份证号, 消费金额, 旅游团_id) VALUES ('1556042379', 24261.96, 10);

INSERT INTO 顾客 (身份证号, 消费金额, 旅游团_id) VALUES ('1557023003', 26479.09, 10);

INSERT INTO 顾客 (身份证号, 消费金额, 旅游团_id) VALUES ('1557704652', 14272.56, 5);

INSERT INTO 顾客 (身份证号, 消费金额, 旅游团_id) VALUES ('1561441207', 19157.82, 7);

INSERT INTO 顾客 (身份证号, 消费金额, 旅游团_id) VALUES ('1561988215', 4606.55, 7);

INSERT INTO 顾客 (身份证号, 消费金额, 旅游团_id) VALUES ('1564510483', 6368.14, 2);

INSERT INTO 顾客 (身份证号, 消费金额, 旅游团_id) VALUES ('1564898725', 3586.93, 5);

INSERT INTO 顾客 (身份证号, 消费金额, 旅游团_id) VALUES ('1569249620', 27298.92, 9);

INSERT INTO 顾客 (身份证号, 消费金额, 旅游团_id) VALUES ('1572415630', 20726.57, 3);

INSERT INTO 顾客 (身份证号, 消费金额, 旅游团_id) VALUES ('1572632406', 21835.73, 9);

INSERT INTO 顾客 (身份证号, 消费金额, 旅游团_id) VALUES ('1573743480', 1850.85, 5);

INSERT INTO 顾客 (身份证号, 消费金额, 旅游团_id) VALUES ('1575788107', 26529.81, 3);

INSERT INTO 顾客 (身份证号, 消费金额, 旅游团_id) VALUES ('1576351044', 5222.2, 7);

INSERT INTO 顾客 (身份证号, 消费金额, 旅游团_id) VALUES ('1577416464', 12659.27, 5);

INSERT INTO 顾客 (身份证号, 消费金额, 旅游团_id) VALUES ('1580916868', 25283.28, 6);

INSERT INTO 顾客 (身份证号, 消费金额, 旅游团_id) VALUES ('1580955927', 5814.82, 6);

INSERT INTO 顾客 (身份证号, 消费金额, 旅游团_id) VALUES ('1583412294', 1801.49, 2);

INSERT INTO 顾客 (身份证号, 消费金额, 旅游团_id) VALUES ('1588369355', 6498.22, 2);

INSERT INTO 顾客 (身份证号, 消费金额, 旅游团_id) VALUES ('1588843998', 5614.61, 3);

INSERT INTO 顾客 (身份证号, 消费金额, 旅游团_id) VALUES ('1589685313', 15621.24, 9);

INSERT INTO 顾客 (身份证号, 消费金额, 旅游团_id) VALUES ('1590485167', 1462.28, 5);

INSERT INTO 顾客 (身份证号, 消费金额, 旅游团_id) VALUES ('1597127676', 11188, 7);

INSERT INTO 顾客 (身份证号, 消费金额, 旅游团_id) VALUES ('1602151684', 26436.7, 2);

INSERT INTO 顾客 (身份证号, 消费金额, 旅游团_id) VALUES ('1606517966', 28071.74, 8);

INSERT INTO 顾客 (身份证号, 消费金额, 旅游团_id) VALUES ('1607296817', 19829.12, 10);

INSERT INTO 顾客 (身份证号, 消费金额, 旅游团_id) VALUES ('1612624483', 15166.87, 10);

INSERT INTO 顾客 (身份证号, 消费金额, 旅游团_id) VALUES ('1613345272', 11044.49, 6);

INSERT INTO 顾客 (身份证号, 消费金额, 旅游团_id) VALUES ('1613553178', 16168.53, 4);

INSERT INTO 顾客 (身份证号, 消费金额, 旅游团_id) VALUES ('1616953744', 22943.7, 7);

INSERT INTO 顾客 (身份证号, 消费金额, 旅游团_id) VALUES ('1619591103', 29556.93, 1);

INSERT INTO 顾客 (身份证号, 消费金额, 旅游团_id) VALUES ('1620316331', 15718.21, 3);

INSERT INTO 顾客 (身份证号, 消费金额, 旅游团_id) VALUES ('1626564697', 14068.72, 1);

INSERT INTO 顾客 (身份证号, 消费金额, 旅游团_id) VALUES ('1626764206', 15274.43, 9);

INSERT INTO 顾客 (身份证号, 消费金额, 旅游团_id) VALUES ('1629550230', 1258.1, 6);

INSERT INTO 顾客 (身份证号, 消费金额, 旅游团_id) VALUES ('1631124318', 28656.12, 9);

INSERT INTO 顾客 (身份证号, 消费金额, 旅游团_id) VALUES ('1632849886', 2137.64, 1);

INSERT INTO 顾客 (身份证号, 消费金额, 旅游团_id) VALUES ('1638520819', 11882.58, 1);

INSERT INTO 顾客 (身份证号, 消费金额, 旅游团_id) VALUES ('1643850362', 10934.26, 4);

INSERT INTO 顾客 (身份证号, 消费金额, 旅游团_id) VALUES ('1646189177', 15986.3, 7);

INSERT INTO 顾客 (身份证号, 消费金额, 旅游团_id) VALUES ('1649593152', 19975.5, 10);

INSERT INTO 顾客 (身份证号, 消费金额, 旅游团_id) VALUES ('1650427775', 28979.51, 4);

INSERT INTO 顾客 (身份证号, 消费金额, 旅游团_id) VALUES ('1653292359', 21454.33, 1);

INSERT INTO 顾客 (身份证号, 消费金额, 旅游团_id) VALUES ('1656235478', 2901.03, 3);

INSERT INTO 顾客 (身份证号, 消费金额, 旅游团_id) VALUES ('1656496854', 25767.41, 8);

INSERT INTO 顾客 (身份证号, 消费金额, 旅游团_id) VALUES ('1657422775', 2583.03, 5);

INSERT INTO 顾客 (身份证号, 消费金额, 旅游团_id) VALUES ('1661748892', 13512.85, 5);

INSERT INTO 顾客 (身份证号, 消费金额, 旅游团_id) VALUES ('1663866841', 4530.82, 3);

INSERT INTO 顾客 (身份证号, 消费金额, 旅游团_id) VALUES ('1667945744', 10527.13, 3);

INSERT INTO 顾客 (身份证号, 消费金额, 旅游团_id) VALUES ('1668188044', 15144.11, 7);

INSERT INTO 顾客 (身份证号, 消费金额, 旅游团_id) VALUES ('1668811412', 14662.43, 6);

INSERT INTO 顾客 (身份证号, 消费金额, 旅游团_id) VALUES ('1669722854', 23004.12, 3);

INSERT INTO 顾客 (身份证号, 消费金额, 旅游团_id) VALUES ('1670856934', 27031, 3);

INSERT INTO 顾客 (身份证号, 消费金额, 旅游团_id) VALUES ('1672152481', 28003.62, 10);

INSERT INTO 顾客 (身份证号, 消费金额, 旅游团_id) VALUES ('1672683903', 2444.75, 8);

INSERT INTO 顾客 (身份证号, 消费金额, 旅游团_id) VALUES ('1674429015', 24200.13, 2);

INSERT INTO 顾客 (身份证号, 消费金额, 旅游团_id) VALUES ('1676834025', 6224.64, 2);

INSERT INTO 顾客 (身份证号, 消费金额, 旅游团_id) VALUES ('1679014945', 14969.77, 9);

INSERT INTO 顾客 (身份证号, 消费金额, 旅游团_id) VALUES ('1683477299', 13565, 1);

INSERT INTO 顾客 (身份证号, 消费金额, 旅游团_id) VALUES ('1685146550', 29123.35, 7);

INSERT INTO 顾客 (身份证号, 消费金额, 旅游团_id) VALUES ('1686775310', 25336.56, 2);

INSERT INTO 顾客 (身份证号, 消费金额, 旅游团_id) VALUES ('1694259031', 27221.56, 2);

INSERT INTO 顾客 (身份证号, 消费金额, 旅游团_id) VALUES ('1694945299', 16631.21, 6);

INSERT INTO 顾客 (身份证号, 消费金额, 旅游团_id) VALUES ('1695595395', 28543.87, 8);

INSERT INTO 顾客 (身份证号, 消费金额, 旅游团_id) VALUES ('1695935705', 12646.36, 5);

INSERT INTO 顾客 (身份证号, 消费金额, 旅游团_id) VALUES ('1696813074', 3483.83, 5);

INSERT INTO 顾客 (身份证号, 消费金额, 旅游团_id) VALUES ('1696842947', 26236.49, 9);

INSERT INTO 顾客 (身份证号, 消费金额, 旅游团_id) VALUES ('1697588022', 16879.48, 7);

INSERT INTO 顾客 (身份证号, 消费金额, 旅游团_id) VALUES ('1701443157', 22076.13, 3);

INSERT INTO 顾客 (身份证号, 消费金额, 旅游团_id) VALUES ('1702257732', 23987.05, 1);

INSERT INTO 顾客 (身份证号, 消费金额, 旅游团_id) VALUES ('1703819610', 7940.55, 2);

INSERT INTO 顾客 (身份证号, 消费金额, 旅游团_id) VALUES ('1706470632', 25875.84, 6);

INSERT INTO 顾客 (身份证号, 消费金额, 旅游团_id) VALUES ('1709154465', 24301.37, 2);

INSERT INTO 顾客 (身份证号, 消费金额, 旅游团_id) VALUES ('1709422804', 25341.74, 4);

INSERT INTO 顾客 (身份证号, 消费金额, 旅游团_id) VALUES ('1710918293', 12087.58, 10);

INSERT INTO 顾客 (身份证号, 消费金额, 旅游团_id) VALUES ('1711690280', 26383.63, 6);

INSERT INTO 顾客 (身份证号, 消费金额, 旅游团_id) VALUES ('1713496232', 14721.79, 6);

INSERT INTO 顾客 (身份证号, 消费金额, 旅游团_id) VALUES ('1714047586', 9249.97, 5);

INSERT INTO 顾客 (身份证号, 消费金额, 旅游团_id) VALUES ('1714912159', 17853.31, 1);

INSERT INTO 顾客 (身份证号, 消费金额, 旅游团_id) VALUES ('1718294789', 16976.26, 3);

INSERT INTO 顾客 (身份证号, 消费金额, 旅游团_id) VALUES ('1718504956', 10452.46, 7);

INSERT INTO 顾客 (身份证号, 消费金额, 旅游团_id) VALUES ('1718765004', 3008.55, 1);

INSERT INTO 顾客 (身份证号, 消费金额, 旅游团_id) VALUES ('1719826543', 12440.93, 6);

INSERT INTO 顾客 (身份证号, 消费金额, 旅游团_id) VALUES ('1719846108', 1180.53, 5);

INSERT INTO 顾客 (身份证号, 消费金额, 旅游团_id) VALUES ('1720376932', 10177.38, 8);

INSERT INTO 顾客 (身份证号, 消费金额, 旅游团_id) VALUES ('1728180299', 20466.48, 5);

INSERT INTO 顾客 (身份证号, 消费金额, 旅游团_id) VALUES ('1735028908', 4470.97, 9);

INSERT INTO 顾客 (身份证号, 消费金额, 旅游团_id) VALUES ('1738133161', 1789.55, 5);

INSERT INTO 顾客 (身份证号, 消费金额, 旅游团_id) VALUES ('1738649434', 3093.16, 5);

INSERT INTO 顾客 (身份证号, 消费金额, 旅游团_id) VALUES ('1739288221', 19460.79, 8);

INSERT INTO 顾客 (身份证号, 消费金额, 旅游团_id) VALUES ('1742185274', 11207.66, 2);

INSERT INTO 顾客 (身份证号, 消费金额, 旅游团_id) VALUES ('1746166032', 17495.37, 7);

INSERT INTO 顾客 (身份证号, 消费金额, 旅游团_id) VALUES ('1747431050', 3861.79, 10);

INSERT INTO 顾客 (身份证号, 消费金额, 旅游团_id) VALUES ('1748333109', 2144.23, 10);

INSERT INTO 顾客 (身份证号, 消费金额, 旅游团_id) VALUES ('1748716646', 5154.02, 9);

INSERT INTO 顾客 (身份证号, 消费金额, 旅游团_id) VALUES ('1749362187', 12590.5, 2);

INSERT INTO 顾客 (身份证号, 消费金额, 旅游团_id) VALUES ('1750323285', 18450.93, 9);

INSERT INTO 顾客 (身份证号, 消费金额, 旅游团_id) VALUES ('1753628178', 9172.34, 5);

INSERT INTO 顾客 (身份证号, 消费金额, 旅游团_id) VALUES ('1755508488', 26225.02, 1);

INSERT INTO 顾客 (身份证号, 消费金额, 旅游团_id) VALUES ('1757029347', 10591.07, 3);

INSERT INTO 顾客 (身份证号, 消费金额, 旅游团_id) VALUES ('1757374750', 16621.85, 1);

INSERT INTO 顾客 (身份证号, 消费金额, 旅游团_id) VALUES ('1762606963', 4302.38, 9);

INSERT INTO 顾客 (身份证号, 消费金额, 旅游团_id) VALUES ('1766078120', 18542.83, 6);

INSERT INTO 顾客 (身份证号, 消费金额, 旅游团_id) VALUES ('1766133742', 3221.04, 10);

INSERT INTO 顾客 (身份证号, 消费金额, 旅游团_id) VALUES ('1767046011', 9974.48, 8);

INSERT INTO 顾客 (身份证号, 消费金额, 旅游团_id) VALUES ('1769850144', 17406.24, 3);

INSERT INTO 顾客 (身份证号, 消费金额, 旅游团_id) VALUES ('1772718967', 20435.87, 3);

INSERT INTO 顾客 (身份证号, 消费金额, 旅游团_id) VALUES ('1773801777', 4750.1, 5);

INSERT INTO 顾客 (身份证号, 消费金额, 旅游团_id) VALUES ('1775684725', 12980.96, 4);

INSERT INTO 顾客 (身份证号, 消费金额, 旅游团_id) VALUES ('1777863626', 19331.12, 7);

INSERT INTO 顾客 (身份证号, 消费金额, 旅游团_id) VALUES ('1782156444', 17326.63, 3);

INSERT INTO 顾客 (身份证号, 消费金额, 旅游团_id) VALUES ('1783787283', 1457.17, 1);

INSERT INTO 顾客 (身份证号, 消费金额, 旅游团_id) VALUES ('1784771540', 18152.73, 8);

INSERT INTO 顾客 (身份证号, 消费金额, 旅游团_id) VALUES ('1784913992', 28201.08, 8);

INSERT INTO 顾客 (身份证号, 消费金额, 旅游团_id) VALUES ('1785651981', 5520.93, 10);

INSERT INTO 顾客 (身份证号, 消费金额, 旅游团_id) VALUES ('1787657440', 22683.16, 4);

INSERT INTO 顾客 (身份证号, 消费金额, 旅游团_id) VALUES ('1787905106', 3997.26, 7);

INSERT INTO 顾客 (身份证号, 消费金额, 旅游团_id) VALUES ('1790070732', 19612.93, 1);

INSERT INTO 顾客 (身份证号, 消费金额, 旅游团_id) VALUES ('1791235258', 20605.56, 8);

INSERT INTO 顾客 (身份证号, 消费金额, 旅游团_id) VALUES ('1792008352', 15671.84, 3);

INSERT INTO 顾客 (身份证号, 消费金额, 旅游团_id) VALUES ('1792193564', 17645.16, 2);

INSERT INTO 顾客 (身份证号, 消费金额, 旅游团_id) VALUES ('1795416040', 1735.77, 7);

INSERT INTO 顾客 (身份证号, 消费金额, 旅游团_id) VALUES ('1795444052', 14400.16, 5);

INSERT INTO 顾客 (身份证号, 消费金额, 旅游团_id) VALUES ('1797717032', 15581.05, 5);

INSERT INTO 顾客 (身份证号, 消费金额, 旅游团_id) VALUES ('1799324914', 28008.28, 7);

INSERT INTO 顾客 (身份证号, 消费金额, 旅游团_id) VALUES ('1805220441', 25516.85, 10);

INSERT INTO 顾客 (身份证号, 消费金额, 旅游团_id) VALUES ('1806272161', 16165.39, 4);

INSERT INTO 顾客 (身份证号, 消费金额, 旅游团_id) VALUES ('1808200141', 5858.42, 7);

INSERT INTO 顾客 (身份证号, 消费金额, 旅游团_id) VALUES ('1808239748', 16118.11, 3);

INSERT INTO 顾客 (身份证号, 消费金额, 旅游团_id) VALUES ('1808461265', 1009.44, 6);

INSERT INTO 顾客 (身份证号, 消费金额, 旅游团_id) VALUES ('1810525614', 3980.52, 9);

INSERT INTO 顾客 (身份证号, 消费金额, 旅游团_id) VALUES ('1810981996', 7638.09, 2);

INSERT INTO 顾客 (身份证号, 消费金额, 旅游团_id) VALUES ('1812143443', 4915.22, 9);

INSERT INTO 顾客 (身份证号, 消费金额, 旅游团_id) VALUES ('1812963357', 7360.41, 6);

INSERT INTO 顾客 (身份证号, 消费金额, 旅游团_id) VALUES ('1813245202', 22206.09, 6);

INSERT INTO 顾客 (身份证号, 消费金额, 旅游团_id) VALUES ('1813767187', 3695.86, 7);

INSERT INTO 顾客 (身份证号, 消费金额, 旅游团_id) VALUES ('1813902522', 29400.12, 7);

INSERT INTO 顾客 (身份证号, 消费金额, 旅游团_id) VALUES ('1814232820', 17827.06, 9);

INSERT INTO 顾客 (身份证号, 消费金额, 旅游团_id) VALUES ('1819345226', 6885.32, 2);

INSERT INTO 顾客 (身份证号, 消费金额, 旅游团_id) VALUES ('1819570763', 27089.9, 5);

INSERT INTO 顾客 (身份证号, 消费金额, 旅游团_id) VALUES ('1825337046', 12942.38, 7);

INSERT INTO 顾客 (身份证号, 消费金额, 旅游团_id) VALUES ('1828420942', 28442.38, 10);

INSERT INTO 顾客 (身份证号, 消费金额, 旅游团_id) VALUES ('1833304899', 17810.01, 10);

INSERT INTO 顾客 (身份证号, 消费金额, 旅游团_id) VALUES ('1836009686', 20340.84, 7);

INSERT INTO 顾客 (身份证号, 消费金额, 旅游团_id) VALUES ('1837120727', 19229.14, 9);

INSERT INTO 顾客 (身份证号, 消费金额, 旅游团_id) VALUES ('1837204475', 23910.99, 1);

INSERT INTO 顾客 (身份证号, 消费金额, 旅游团_id) VALUES ('1842032700', 2282.49, 1);

INSERT INTO 顾客 (身份证号, 消费金额, 旅游团_id) VALUES ('1845461740', 7228.96, 7);

INSERT INTO 顾客 (身份证号, 消费金额, 旅游团_id) VALUES ('1846416074', 7854.97, 5);

INSERT INTO 顾客 (身份证号, 消费金额, 旅游团_id) VALUES ('1846565115', 10541.39, 8);

INSERT INTO 顾客 (身份证号, 消费金额, 旅游团_id) VALUES ('1849198864', 18464.97, 4);

INSERT INTO 顾客 (身份证号, 消费金额, 旅游团_id) VALUES ('1849560885', 21646.59, 6);

INSERT INTO 顾客 (身份证号, 消费金额, 旅游团_id) VALUES ('1850620593', 12032.39, 2);

INSERT INTO 顾客 (身份证号, 消费金额, 旅游团_id) VALUES ('1857410820', 21740.6, 6);

INSERT INTO 顾客 (身份证号, 消费金额, 旅游团_id) VALUES ('1860249553', 19027.81, 10);

INSERT INTO 顾客 (身份证号, 消费金额, 旅游团_id) VALUES ('1861872901', 14209.17, 3);

INSERT INTO 顾客 (身份证号, 消费金额, 旅游团_id) VALUES ('1863683888', 11495.67, 10);

INSERT INTO 顾客 (身份证号, 消费金额, 旅游团_id) VALUES ('1863840842', 14559.52, 7);

INSERT INTO 顾客 (身份证号, 消费金额, 旅游团_id) VALUES ('1864072449', 20777.81, 7);

INSERT INTO 顾客 (身份证号, 消费金额, 旅游团_id) VALUES ('1867724189', 25408.59, 9);

INSERT INTO 顾客 (身份证号, 消费金额, 旅游团_id) VALUES ('1869425884', 22338.27, 3);

INSERT INTO 顾客 (身份证号, 消费金额, 旅游团_id) VALUES ('1875190414', 25995.34, 6);

INSERT INTO 顾客 (身份证号, 消费金额, 旅游团_id) VALUES ('1879415632', 4567.48, 6);

INSERT INTO 顾客 (身份证号, 消费金额, 旅游团_id) VALUES ('1883722865', 6091.11, 6);

INSERT INTO 顾客 (身份证号, 消费金额, 旅游团_id) VALUES ('1884405325', 19870.66, 4);

INSERT INTO 顾客 (身份证号, 消费金额, 旅游团_id) VALUES ('1891046536', 16051.45, 10);

INSERT INTO 顾客 (身份证号, 消费金额, 旅游团_id) VALUES ('1891889574', 16379.81, 1);

INSERT INTO 顾客 (身份证号, 消费金额, 旅游团_id) VALUES ('1896006992', 19595.65, 6);

INSERT INTO 顾客 (身份证号, 消费金额, 旅游团_id) VALUES ('1896256687', 16512.99, 3);

INSERT INTO 顾客 (身份证号, 消费金额, 旅游团_id) VALUES ('1897776644', 9585.95, 3);

INSERT INTO 顾客 (身份证号, 消费金额, 旅游团_id) VALUES ('1898793745', 29670.7, 5);

INSERT INTO 顾客 (身份证号, 消费金额, 旅游团_id) VALUES ('1899583856', 3445.48, 7);

INSERT INTO 顾客 (身份证号, 消费金额, 旅游团_id) VALUES ('1900200311', 19483.86, 5);

INSERT INTO 顾客 (身份证号, 消费金额, 旅游团_id) VALUES ('1900324294', 28052.89, 1);

INSERT INTO 顾客 (身份证号, 消费金额, 旅游团_id) VALUES ('1902924423', 8266.74, 3);

INSERT INTO 顾客 (身份证号, 消费金额, 旅游团_id) VALUES ('1905139210', 12813.9, 5);

INSERT INTO 顾客 (身份证号, 消费金额, 旅游团_id) VALUES ('1905947317', 8760.79, 7);

INSERT INTO 顾客 (身份证号, 消费金额, 旅游团_id) VALUES ('1907545968', 10637.7, 7);

INSERT INTO 顾客 (身份证号, 消费金额, 旅游团_id) VALUES ('1911275421', 2544.89, 5);

INSERT INTO 顾客 (身份证号, 消费金额, 旅游团_id) VALUES ('1913904605', 18515.05, 4);

INSERT INTO 顾客 (身份证号, 消费金额, 旅游团_id) VALUES ('1914182413', 15813.11, 6);

INSERT INTO 顾客 (身份证号, 消费金额, 旅游团_id) VALUES ('1915794627', 11754.21, 1);

INSERT INTO 顾客 (身份证号, 消费金额, 旅游团_id) VALUES ('1917916310', 13444.32, 10);

INSERT INTO 顾客 (身份证号, 消费金额, 旅游团_id) VALUES ('1921853399', 3897.33, 6);

INSERT INTO 顾客 (身份证号, 消费金额, 旅游团_id) VALUES ('1923482380', 7506.61, 10);

INSERT INTO 顾客 (身份证号, 消费金额, 旅游团_id) VALUES ('1927981791', 24704.73, 1);

INSERT INTO 顾客 (身份证号, 消费金额, 旅游团_id) VALUES ('1928611833', 13869.2, 8);

INSERT INTO 顾客 (身份证号, 消费金额, 旅游团_id) VALUES ('1936798703', 4641.91, 7);

INSERT INTO 顾客 (身份证号, 消费金额, 旅游团_id) VALUES ('1945825956', 25690.48, 5);

INSERT INTO 顾客 (身份证号, 消费金额, 旅游团_id) VALUES ('1950761357', 1814.27, 6);

INSERT INTO 顾客 (身份证号, 消费金额, 旅游团_id) VALUES ('1953984884', 15542.02, 8);

INSERT INTO 顾客 (身份证号, 消费金额, 旅游团_id) VALUES ('1955679779', 6212.13, 3);

INSERT INTO 顾客 (身份证号, 消费金额, 旅游团_id) VALUES ('1959522660', 5808.36, 5);

INSERT INTO 顾客 (身份证号, 消费金额, 旅游团_id) VALUES ('1966998089', 15192.17, 2);

INSERT INTO 顾客 (身份证号, 消费金额, 旅游团_id) VALUES ('1968995671', 13440.66, 7);

INSERT INTO 顾客 (身份证号, 消费金额, 旅游团_id) VALUES ('1972420767', 9098.92, 4);

INSERT INTO 顾客 (身份证号, 消费金额, 旅游团_id) VALUES ('1975434532', 20237.58, 8);

INSERT INTO 顾客 (身份证号, 消费金额, 旅游团_id) VALUES ('1976685776', 20914.82, 2);

INSERT INTO 顾客 (身份证号, 消费金额, 旅游团_id) VALUES ('1976820313', 14137.26, 3);

INSERT INTO 顾客 (身份证号, 消费金额, 旅游团_id) VALUES ('1976998625', 3279.27, 2);

INSERT INTO 顾客 (身份证号, 消费金额, 旅游团_id) VALUES ('1977479956', 27465.08, 4);

INSERT INTO 顾客 (身份证号, 消费金额, 旅游团_id) VALUES ('1978065718', 12233.72, 5);

INSERT INTO 顾客 (身份证号, 消费金额, 旅游团_id) VALUES ('1978154873', 28210.4, 1);

INSERT INTO 顾客 (身份证号, 消费金额, 旅游团_id) VALUES ('1980166080', 29446.13, 6);

INSERT INTO 顾客 (身份证号, 消费金额, 旅游团_id) VALUES ('1983003496', 23203.81, 7);

INSERT INTO 顾客 (身份证号, 消费金额, 旅游团_id) VALUES ('1984960943', 7795.27, 2);

INSERT INTO 顾客 (身份证号, 消费金额, 旅游团_id) VALUES ('1987473551', 4747.58, 7);

INSERT INTO 顾客 (身份证号, 消费金额, 旅游团_id) VALUES ('1988138262', 8359.55, 9);

INSERT INTO 顾客 (身份证号, 消费金额, 旅游团_id) VALUES ('1988557754', 8290.59, 7);

INSERT INTO 顾客 (身份证号, 消费金额, 旅游团_id) VALUES ('1991076697', 24245.07, 1);

INSERT INTO 顾客 (身份证号, 消费金额, 旅游团_id) VALUES ('1992260324', 7578.93, 6);

INSERT INTO 顾客 (身份证号, 消费金额, 旅游团_id) VALUES ('1992775904', 1155.82, 8);

INSERT INTO 顾客 (身份证号, 消费金额, 旅游团_id) VALUES ('1997403407', 5802.56, 5);

INSERT INTO 顾客 (身份证号, 消费金额, 旅游团_id) VALUES ('1997917030', 20154.24, 1);

INSERT INTO 顾客 (身份证号, 消费金额, 旅游团_id) VALUES ('1998360287', 14547.43, 8);

INSERT INTO 顾客 (身份证号, 消费金额, 旅游团_id) VALUES ('1998991029', 18228.66, 10);

INSERT INTO 顾客 (身份证号, 消费金额, 旅游团_id) VALUES ('1999910927', 3442.67, 7);

INSERT INTO 顾客 (身份证号, 消费金额, 旅游团_id) VALUES ('2003122667', 10876.13, 1);

INSERT INTO 顾客 (身份证号, 消费金额, 旅游团_id) VALUES ('2003372061', 7137.78, 6);

INSERT INTO 顾客 (身份证号, 消费金额, 旅游团_id) VALUES ('2005853435', 29880.47, 8);

INSERT INTO 顾客 (身份证号, 消费金额, 旅游团_id) VALUES ('2007379024', 10773.95, 9);

INSERT INTO 顾客 (身份证号, 消费金额, 旅游团_id) VALUES ('2008736797', 17690.36, 6);

INSERT INTO 顾客 (身份证号, 消费金额, 旅游团_id) VALUES ('2012242527', 18551.31, 7);

INSERT INTO 顾客 (身份证号, 消费金额, 旅游团_id) VALUES ('2015526339', 8952.48, 9);

INSERT INTO 顾客 (身份证号, 消费金额, 旅游团_id) VALUES ('2019061357', 11431.62, 3);

INSERT INTO 顾客 (身份证号, 消费金额, 旅游团_id) VALUES ('2019503777', 24551.41, 9);

INSERT INTO 顾客 (身份证号, 消费金额, 旅游团_id) VALUES ('2021688427', 17369.83, 10);

INSERT INTO 顾客 (身份证号, 消费金额, 旅游团_id) VALUES ('2028367204', 17347.14, 8);

INSERT INTO 顾客 (身份证号, 消费金额, 旅游团_id) VALUES ('2029168209', 22789.81, 5);

INSERT INTO 顾客 (身份证号, 消费金额, 旅游团_id) VALUES ('2033403989', 1982.37, 5);

INSERT INTO 顾客 (身份证号, 消费金额, 旅游团_id) VALUES ('2035299424', 28971.29, 3);

INSERT INTO 顾客 (身份证号, 消费金额, 旅游团_id) VALUES ('2036909096', 22291.61, 4);

INSERT INTO 顾客 (身份证号, 消费金额, 旅游团_id) VALUES ('2037027663', 27011.72, 5);

INSERT INTO 顾客 (身份证号, 消费金额, 旅游团_id) VALUES ('2037718090', 29276.13, 2);

INSERT INTO 顾客 (身份证号, 消费金额, 旅游团_id) VALUES ('2038049914', 14925.96, 10);

INSERT INTO 顾客 (身份证号, 消费金额, 旅游团_id) VALUES ('2041116339', 22148.88, 10);

INSERT INTO 顾客 (身份证号, 消费金额, 旅游团_id) VALUES ('2041322958', 19889.09, 4);

INSERT INTO 顾客 (身份证号, 消费金额, 旅游团_id) VALUES ('2044152457', 25156.88, 4);

INSERT INTO 顾客 (身份证号, 消费金额, 旅游团_id) VALUES ('2044269317', 22120.09, 9);

INSERT INTO 顾客 (身份证号, 消费金额, 旅游团_id) VALUES ('2047470042', 17181.12, 9);

INSERT INTO 顾客 (身份证号, 消费金额, 旅游团_id) VALUES ('2047827335', 14200.02, 1);

INSERT INTO 顾客 (身份证号, 消费金额, 旅游团_id) VALUES ('2052418777', 26394.66, 1);

INSERT INTO 顾客 (身份证号, 消费金额, 旅游团_id) VALUES ('2052617671', 5377.62, 6);

INSERT INTO 顾客 (身份证号, 消费金额, 旅游团_id) VALUES ('2054429262', 6114.84, 8);

INSERT INTO 顾客 (身份证号, 消费金额, 旅游团_id) VALUES ('2056215686', 7746.22, 4);

INSERT INTO 顾客 (身份证号, 消费金额, 旅游团_id) VALUES ('2062464820', 13511.6, 2);

INSERT INTO 顾客 (身份证号, 消费金额, 旅游团_id) VALUES ('2063030453', 2943.72, 10);

INSERT INTO 顾客 (身份证号, 消费金额, 旅游团_id) VALUES ('2066298573', 1818.22, 9);

INSERT INTO 顾客 (身份证号, 消费金额, 旅游团_id) VALUES ('2068575247', 6359.39, 2);

INSERT INTO 顾客 (身份证号, 消费金额, 旅游团_id) VALUES ('2069868187', 9936.2, 6);

INSERT INTO 顾客 (身份证号, 消费金额, 旅游团_id) VALUES ('2070283788', 28606.7, 10);

INSERT INTO 顾客 (身份证号, 消费金额, 旅游团_id) VALUES ('2071113449', 7389.96, 4);

INSERT INTO 顾客 (身份证号, 消费金额, 旅游团_id) VALUES ('2071634781', 3589.53, 9);

INSERT INTO 顾客 (身份证号, 消费金额, 旅游团_id) VALUES ('2077814195', 29664.55, 1);

INSERT INTO 顾客 (身份证号, 消费金额, 旅游团_id) VALUES ('2078552463', 15363.59, 7);

INSERT INTO 顾客 (身份证号, 消费金额, 旅游团_id) VALUES ('2078970944', 10571.47, 5);

INSERT INTO 顾客 (身份证号, 消费金额, 旅游团_id) VALUES ('2079045374', 17084.14, 3);

INSERT INTO 顾客 (身份证号, 消费金额, 旅游团_id) VALUES ('2081125420', 23040.21, 7);

INSERT INTO 顾客 (身份证号, 消费金额, 旅游团_id) VALUES ('2082551390', 13136.98, 2);

INSERT INTO 顾客 (身份证号, 消费金额, 旅游团_id) VALUES ('2083118004', 17010.81, 9);

INSERT INTO 顾客 (身份证号, 消费金额, 旅游团_id) VALUES ('2086214333', 1970.79, 7);

INSERT INTO 顾客 (身份证号, 消费金额, 旅游团_id) VALUES ('2086582909', 11696.42, 8);

INSERT INTO 顾客 (身份证号, 消费金额, 旅游团_id) VALUES ('2087808542', 8902.78, 7);

INSERT INTO 顾客 (身份证号, 消费金额, 旅游团_id) VALUES ('2089293565', 16587.36, 9);

INSERT INTO 顾客 (身份证号, 消费金额, 旅游团_id) VALUES ('2089658218', 10132.68, 5);

INSERT INTO 顾客 (身份证号, 消费金额, 旅游团_id) VALUES ('2089724226', 4467.29, 3);

INSERT INTO 顾客 (身份证号, 消费金额, 旅游团_id) VALUES ('2094385377', 10738.98, 9);

INSERT INTO 顾客 (身份证号, 消费金额, 旅游团_id) VALUES ('2094927988', 5650.66, 10);

INSERT INTO 顾客 (身份证号, 消费金额, 旅游团_id) VALUES ('2095575373', 7315.67, 9);

INSERT INTO 顾客 (身份证号, 消费金额, 旅游团_id) VALUES ('2095663189', 6887.39, 4);

INSERT INTO 顾客 (身份证号, 消费金额, 旅游团_id) VALUES ('2096235930', 3434.85, 8);

INSERT INTO 顾客 (身份证号, 消费金额, 旅游团_id) VALUES ('2096665934', 17478.7, 10);

INSERT INTO 顾客 (身份证号, 消费金额, 旅游团_id) VALUES ('2099250641', 29203.6, 6);

INSERT INTO 顾客 (身份证号, 消费金额, 旅游团_id) VALUES ('2100512349', 18657.19, 2);

INSERT INTO 顾客 (身份证号, 消费金额, 旅游团_id) VALUES ('2108877206', 27866.03, 9);

INSERT INTO 顾客 (身份证号, 消费金额, 旅游团_id) VALUES ('2109674912', 16573.85, 4);

INSERT INTO 顾客 (身份证号, 消费金额, 旅游团_id) VALUES ('2111004059', 23364.07, 5);

INSERT INTO 顾客 (身份证号, 消费金额, 旅游团_id) VALUES ('2114889328', 1398.56, 3);

INSERT INTO 顾客 (身份证号, 消费金额, 旅游团_id) VALUES ('2115202568', 12878.05, 4);

INSERT INTO 顾客 (身份证号, 消费金额, 旅游团_id) VALUES ('2116462371', 6266.05, 1);

INSERT INTO 顾客 (身份证号, 消费金额, 旅游团_id) VALUES ('2119406002', 15271.19, 7);

INSERT INTO 顾客 (身份证号, 消费金额, 旅游团_id) VALUES ('2119871510', 16843.33, 1);

INSERT INTO 顾客 (身份证号, 消费金额, 旅游团_id) VALUES ('2121718348', 29309.81, 2);

INSERT INTO 顾客 (身份证号, 消费金额, 旅游团_id) VALUES ('2123318420', 27087.92, 3);

INSERT INTO 顾客 (身份证号, 消费金额, 旅游团_id) VALUES ('2124840584', 10989.88, 1);

INSERT INTO 顾客 (身份证号, 消费金额, 旅游团_id) VALUES ('2128088242', 25830.26, 1);

INSERT INTO 顾客 (身份证号, 消费金额, 旅游团_id) VALUES ('2128101402', 21832.6, 1);

INSERT INTO 顾客 (身份证号, 消费金额, 旅游团_id) VALUES ('2130269549', 16755.06, 5);

INSERT INTO 顾客 (身份证号, 消费金额, 旅游团_id) VALUES ('2131461895', 19751.11, 1);

INSERT INTO 顾客 (身份证号, 消费金额, 旅游团_id) VALUES ('2132288368', 20590.13, 3);

INSERT INTO 顾客 (身份证号, 消费金额, 旅游团_id) VALUES ('2135601809', 13177.87, 2);

INSERT INTO 顾客 (身份证号, 消费金额, 旅游团_id) VALUES ('2137468353', 10389.46, 4);

INSERT INTO 顾客 (身份证号, 消费金额, 旅游团_id) VALUES ('2140995845', 9969.49, 10);

INSERT INTO 顾客 (身份证号, 消费金额, 旅游团_id) VALUES ('2142047032', 9781.98, 5);

INSERT INTO 顾客 (身份证号, 消费金额, 旅游团_id) VALUES ('2142840952', 3394.57, 3);

INSERT INTO 顾客 (身份证号, 消费金额, 旅游团_id) VALUES ('2143968080', 12024.86, 4);

INSERT INTO 顾客 (身份证号, 消费金额, 旅游团_id) VALUES ('2144854333', 7608.46, 4);

INSERT INTO 顾客 (身份证号, 消费金额, 旅游团_id) VALUES ('2145041959', 7834.86, 4);

INSERT INTO 顾客 (身份证号, 消费金额, 旅游团_id) VALUES ('2146535345', 23189.12, 10);

INSERT INTO 顾客 (身份证号, 消费金额, 旅游团_id) VALUES ('2148141603', 2312.38, 1);

INSERT INTO 顾客 (身份证号, 消费金额, 旅游团_id) VALUES ('2149701888', 17556.93, 4);

INSERT INTO 顾客 (身份证号, 消费金额, 旅游团_id) VALUES ('2153800394', 10350.02, 6);

INSERT INTO 顾客 (身份证号, 消费金额, 旅游团_id) VALUES ('2154431801', 29506.15, 4);

INSERT INTO 顾客 (身份证号, 消费金额, 旅游团_id) VALUES ('2154729466', 6519.84, 6);

INSERT INTO 顾客 (身份证号, 消费金额, 旅游团_id) VALUES ('2158488222', 13366.41, 10);

INSERT INTO 顾客 (身份证号, 消费金额, 旅游团_id) VALUES ('2161221803', 19445.95, 5);

INSERT INTO 顾客 (身份证号, 消费金额, 旅游团_id) VALUES ('2166828358', 4825.62, 3);

INSERT INTO 顾客 (身份证号, 消费金额, 旅游团_id) VALUES ('2167620420', 22123.81, 2);

INSERT INTO 顾客 (身份证号, 消费金额, 旅游团_id) VALUES ('2168959027', 7789.91, 8);

INSERT INTO 顾客 (身份证号, 消费金额, 旅游团_id) VALUES ('2170663267', 14619.93, 2);

INSERT INTO 顾客 (身份证号, 消费金额, 旅游团_id) VALUES ('2170717132', 13395.92, 10);

INSERT INTO 顾客 (身份证号, 消费金额, 旅游团_id) VALUES ('2173355452', 26302.05, 4);

INSERT INTO 顾客 (身份证号, 消费金额, 旅游团_id) VALUES ('2175445208', 15550.48, 7);

INSERT INTO 顾客 (身份证号, 消费金额, 旅游团_id) VALUES ('2177101478', 6559.87, 1);

INSERT INTO 顾客 (身份证号, 消费金额, 旅游团_id) VALUES ('2178651332', 18293.17, 8);

INSERT INTO 顾客 (身份证号, 消费金额, 旅游团_id) VALUES ('2183691141', 4212.4, 5);

INSERT INTO 顾客 (身份证号, 消费金额, 旅游团_id) VALUES ('2184994901', 6347.76, 4);

INSERT INTO 顾客 (身份证号, 消费金额, 旅游团_id) VALUES ('2185880310', 18176.73, 3);

INSERT INTO 顾客 (身份证号, 消费金额, 旅游团_id) VALUES ('2186139973', 15789.26, 4);

INSERT INTO 顾客 (身份证号, 消费金额, 旅游团_id) VALUES ('2189803051', 1484.32, 3);

INSERT INTO 顾客 (身份证号, 消费金额, 旅游团_id) VALUES ('2191383476', 23753.5, 9);

INSERT INTO 顾客 (身份证号, 消费金额, 旅游团_id) VALUES ('2193242583', 21976.24, 4);

INSERT INTO 顾客 (身份证号, 消费金额, 旅游团_id) VALUES ('2193645430', 1353.36, 9);

INSERT INTO 顾客 (身份证号, 消费金额, 旅游团_id) VALUES ('2196832771', 3308.9, 10);

INSERT INTO 顾客 (身份证号, 消费金额, 旅游团_id) VALUES ('2198068646', 2294.48, 7);

INSERT INTO 顾客 (身份证号, 消费金额, 旅游团_id) VALUES ('2198690052', 18124, 5);

INSERT INTO 顾客 (身份证号, 消费金额, 旅游团_id) VALUES ('2198907505', 25055.48, 7);

INSERT INTO 顾客 (身份证号, 消费金额, 旅游团_id) VALUES ('2203782226', 22606.89, 3);

INSERT INTO 顾客 (身份证号, 消费金额, 旅游团_id) VALUES ('2204663433', 11950.13, 2);

INSERT INTO 顾客 (身份证号, 消费金额, 旅游团_id) VALUES ('2205317019', 10237.91, 2);

INSERT INTO 顾客 (身份证号, 消费金额, 旅游团_id) VALUES ('2205355460', 21100.93, 10);

INSERT INTO 顾客 (身份证号, 消费金额, 旅游团_id) VALUES ('2206651333', 21490.35, 1);

INSERT INTO 顾客 (身份证号, 消费金额, 旅游团_id) VALUES ('2207032553', 21944.91, 4);

INSERT INTO 顾客 (身份证号, 消费金额, 旅游团_id) VALUES ('2208507975', 8827.01, 4);

INSERT INTO 顾客 (身份证号, 消费金额, 旅游团_id) VALUES ('2211524785', 24232.47, 9);

INSERT INTO 顾客 (身份证号, 消费金额, 旅游团_id) VALUES ('2211949624', 18347.62, 10);

INSERT INTO 顾客 (身份证号, 消费金额, 旅游团_id) VALUES ('2212317069', 29974.38, 2);

INSERT INTO 顾客 (身份证号, 消费金额, 旅游团_id) VALUES ('2213358752', 11972.16, 2);

INSERT INTO 顾客 (身份证号, 消费金额, 旅游团_id) VALUES ('2215434370', 17314.15, 6);

INSERT INTO 顾客 (身份证号, 消费金额, 旅游团_id) VALUES ('2216490444', 24285.4, 7);

INSERT INTO 顾客 (身份证号, 消费金额, 旅游团_id) VALUES ('2216784403', 9954.96, 4);

INSERT INTO 顾客 (身份证号, 消费金额, 旅游团_id) VALUES ('2218457767', 18187.05, 9);

INSERT INTO 顾客 (身份证号, 消费金额, 旅游团_id) VALUES ('2219262961', 5117.38, 2);

INSERT INTO 顾客 (身份证号, 消费金额, 旅游团_id) VALUES ('2220175749', 10924.27, 2);

INSERT INTO 顾客 (身份证号, 消费金额, 旅游团_id) VALUES ('2222536545', 7179.46, 1);

INSERT INTO 顾客 (身份证号, 消费金额, 旅游团_id) VALUES ('2226038602', 21683.64, 8);

INSERT INTO 顾客 (身份证号, 消费金额, 旅游团_id) VALUES ('2228303112', 15138.25, 6);

INSERT INTO 顾客 (身份证号, 消费金额, 旅游团_id) VALUES ('2233138124', 26406.16, 3);

INSERT INTO 顾客 (身份证号, 消费金额, 旅游团_id) VALUES ('2233430777', 14047.06, 2);

INSERT INTO 顾客 (身份证号, 消费金额, 旅游团_id) VALUES ('2234724305', 7462.04, 7);

INSERT INTO 顾客 (身份证号, 消费金额, 旅游团_id) VALUES ('2235904159', 28479.25, 3);

INSERT INTO 顾客 (身份证号, 消费金额, 旅游团_id) VALUES ('2237574702', 6632.51, 5);

INSERT INTO 顾客 (身份证号, 消费金额, 旅游团_id) VALUES ('2240911586', 28642.33, 10);

INSERT INTO 顾客 (身份证号, 消费金额, 旅游团_id) VALUES ('2242916253', 10783.14, 3);

INSERT INTO 顾客 (身份证号, 消费金额, 旅游团_id) VALUES ('2243929882', 5219.54, 10);

INSERT INTO 顾客 (身份证号, 消费金额, 旅游团_id) VALUES ('2247641109', 22098.81, 8);

INSERT INTO 顾客 (身份证号, 消费金额, 旅游团_id) VALUES ('2247759424', 19638.1, 7);

INSERT INTO 顾客 (身份证号, 消费金额, 旅游团_id) VALUES ('2249371411', 20943.96, 3);

INSERT INTO 顾客 (身份证号, 消费金额, 旅游团_id) VALUES ('2250359577', 29998.99, 2);

INSERT INTO 顾客 (身份证号, 消费金额, 旅游团_id) VALUES ('2253361078', 16480.85, 4);

INSERT INTO 顾客 (身份证号, 消费金额, 旅游团_id) VALUES ('2257263680', 3920.17, 5);

INSERT INTO 顾客 (身份证号, 消费金额, 旅游团_id) VALUES ('2261933882', 3389.23, 4);

INSERT INTO 顾客 (身份证号, 消费金额, 旅游团_id) VALUES ('2264163058', 18265.58, 8);

INSERT INTO 顾客 (身份证号, 消费金额, 旅游团_id) VALUES ('2264893003', 9612.57, 7);

INSERT INTO 顾客 (身份证号, 消费金额, 旅游团_id) VALUES ('2265814169', 19548.04, 2);

INSERT INTO 顾客 (身份证号, 消费金额, 旅游团_id) VALUES ('2271134889', 11655.06, 9);

INSERT INTO 顾客 (身份证号, 消费金额, 旅游团_id) VALUES ('2274496611', 28702.31, 5);

INSERT INTO 顾客 (身份证号, 消费金额, 旅游团_id) VALUES ('2277704036', 26402.72, 4);

INSERT INTO 顾客 (身份证号, 消费金额, 旅游团_id) VALUES ('2279551667', 23417.39, 7);

INSERT INTO 顾客 (身份证号, 消费金额, 旅游团_id) VALUES ('2281610801', 24968.24, 1);

INSERT INTO 顾客 (身份证号, 消费金额, 旅游团_id) VALUES ('2288052727', 9137.25, 1);

INSERT INTO 顾客 (身份证号, 消费金额, 旅游团_id) VALUES ('2288705682', 5241.1, 1);

INSERT INTO 顾客 (身份证号, 消费金额, 旅游团_id) VALUES ('2290047132', 7547.83, 10);

INSERT INTO 顾客 (身份证号, 消费金额, 旅游团_id) VALUES ('2290363675', 17731.99, 7);

INSERT INTO 顾客 (身份证号, 消费金额, 旅游团_id) VALUES ('2292207618', 18126.55, 8);

INSERT INTO 顾客 (身份证号, 消费金额, 旅游团_id) VALUES ('2292515784', 27943.29, 1);

INSERT INTO 顾客 (身份证号, 消费金额, 旅游团_id) VALUES ('2295140293', 5988.69, 2);

INSERT INTO 顾客 (身份证号, 消费金额, 旅游团_id) VALUES ('2295790202', 28526.09, 1);

INSERT INTO 顾客 (身份证号, 消费金额, 旅游团_id) VALUES ('2296114760', 22238.32, 7);

INSERT INTO 顾客 (身份证号, 消费金额, 旅游团_id) VALUES ('2296360531', 1490.98, 2);

INSERT INTO 顾客 (身份证号, 消费金额, 旅游团_id) VALUES ('2297281858', 2452.95, 9);

INSERT INTO 顾客 (身份证号, 消费金额, 旅游团_id) VALUES ('2298122553', 22027.55, 7);

INSERT INTO 顾客 (身份证号, 消费金额, 旅游团_id) VALUES ('2300497811', 7052.25, 8);

INSERT INTO 顾客 (身份证号, 消费金额, 旅游团_id) VALUES ('2301685233', 16102.13, 3);

INSERT INTO 顾客 (身份证号, 消费金额, 旅游团_id) VALUES ('2304898615', 23967.77, 6);

INSERT INTO 顾客 (身份证号, 消费金额, 旅游团_id) VALUES ('2308688862', 25806.08, 4);

INSERT INTO 顾客 (身份证号, 消费金额, 旅游团_id) VALUES ('2310035910', 5609.17, 2);

INSERT INTO 顾客 (身份证号, 消费金额, 旅游团_id) VALUES ('2314622201', 8196.4, 10);

INSERT INTO 顾客 (身份证号, 消费金额, 旅游团_id) VALUES ('2314867525', 23882.96, 4);

INSERT INTO 顾客 (身份证号, 消费金额, 旅游团_id) VALUES ('2314983244', 10265.85, 5);

INSERT INTO 顾客 (身份证号, 消费金额, 旅游团_id) VALUES ('2316886121', 17359.89, 9);

INSERT INTO 顾客 (身份证号, 消费金额, 旅游团_id) VALUES ('2317028417', 11949.71, 6);

INSERT INTO 顾客 (身份证号, 消费金额, 旅游团_id) VALUES ('2318389240', 2562.29, 7);

INSERT INTO 顾客 (身份证号, 消费金额, 旅游团_id) VALUES ('2319227649', 5063.41, 1);

INSERT INTO 顾客 (身份证号, 消费金额, 旅游团_id) VALUES ('2319647647', 3141.87, 7);

INSERT INTO 顾客 (身份证号, 消费金额, 旅游团_id) VALUES ('2319957004', 16384.22, 10);

INSERT INTO 顾客 (身份证号, 消费金额, 旅游团_id) VALUES ('2323542864', 15593.4, 2);

INSERT INTO 顾客 (身份证号, 消费金额, 旅游团_id) VALUES ('2327607446', 20519.67, 6);

INSERT INTO 顾客 (身份证号, 消费金额, 旅游团_id) VALUES ('2331577935', 11253.34, 3);

INSERT INTO 顾客 (身份证号, 消费金额, 旅游团_id) VALUES ('2332480303', 27220.51, 6);

INSERT INTO 顾客 (身份证号, 消费金额, 旅游团_id) VALUES ('2337225032', 7906.62, 7);

INSERT INTO 顾客 (身份证号, 消费金额, 旅游团_id) VALUES ('2341830675', 11207.6, 3);

INSERT INTO 顾客 (身份证号, 消费金额, 旅游团_id) VALUES ('2344595336', 18772.78, 3);

INSERT INTO 顾客 (身份证号, 消费金额, 旅游团_id) VALUES ('2348348914', 4078.63, 8);

INSERT INTO 顾客 (身份证号, 消费金额, 旅游团_id) VALUES ('2348805582', 2930.1, 10);

INSERT INTO 顾客 (身份证号, 消费金额, 旅游团_id) VALUES ('2349070873', 12345.21, 9);

INSERT INTO 顾客 (身份证号, 消费金额, 旅游团_id) VALUES ('2355513401', 15735.99, 8);

INSERT INTO 顾客 (身份证号, 消费金额, 旅游团_id) VALUES ('2359776499', 26759.68, 7);

INSERT INTO 顾客 (身份证号, 消费金额, 旅游团_id) VALUES ('2364201335', 16809.38, 2);

INSERT INTO 顾客 (身份证号, 消费金额, 旅游团_id) VALUES ('2365837862', 13097.33, 5);

INSERT INTO 顾客 (身份证号, 消费金额, 旅游团_id) VALUES ('2366288929', 8453.61, 6);

INSERT INTO 顾客 (身份证号, 消费金额, 旅游团_id) VALUES ('2368289045', 29432.37, 1);

INSERT INTO 顾客 (身份证号, 消费金额, 旅游团_id) VALUES ('2368628072', 28775.4, 1);

INSERT INTO 顾客 (身份证号, 消费金额, 旅游团_id) VALUES ('2371831030', 8429.1, 4);

INSERT INTO 顾客 (身份证号, 消费金额, 旅游团_id) VALUES ('2373219776', 3880.66, 4);

INSERT INTO 顾客 (身份证号, 消费金额, 旅游团_id) VALUES ('2376750888', 12411.03, 6);

INSERT INTO 顾客 (身份证号, 消费金额, 旅游团_id) VALUES ('2378989398', 11899.86, 7);

INSERT INTO 顾客 (身份证号, 消费金额, 旅游团_id) VALUES ('2380230681', 20909.08, 2);

INSERT INTO 顾客 (身份证号, 消费金额, 旅游团_id) VALUES ('2380385482', 12433.06, 8);

INSERT INTO 顾客 (身份证号, 消费金额, 旅游团_id) VALUES ('2381573051', 18333.47, 10);

INSERT INTO 顾客 (身份证号, 消费金额, 旅游团_id) VALUES ('2386743179', 19041.88, 5);

INSERT INTO 顾客 (身份证号, 消费金额, 旅游团_id) VALUES ('2391508122', 16269.31, 3);

INSERT INTO 顾客 (身份证号, 消费金额, 旅游团_id) VALUES ('2394310543', 24991.43, 1);

INSERT INTO 顾客 (身份证号, 消费金额, 旅游团_id) VALUES ('2395307619', 14812.76, 8);

INSERT INTO 顾客 (身份证号, 消费金额, 旅游团_id) VALUES ('2396210169', 22031.85, 5);

INSERT INTO 顾客 (身份证号, 消费金额, 旅游团_id) VALUES ('2397182750', 10339.1, 5);

INSERT INTO 顾客 (身份证号, 消费金额, 旅游团_id) VALUES ('2399184017', 28949.07, 7);

INSERT INTO 顾客 (身份证号, 消费金额, 旅游团_id) VALUES ('2401499269', 11061.13, 10);

INSERT INTO 顾客 (身份证号, 消费金额, 旅游团_id) VALUES ('2401610689', 5925.52, 1);

INSERT INTO 顾客 (身份证号, 消费金额, 旅游团_id) VALUES ('2402428731', 11074.21, 10);

INSERT INTO 顾客 (身份证号, 消费金额, 旅游团_id) VALUES ('2403115803', 24075.61, 5);

INSERT INTO 顾客 (身份证号, 消费金额, 旅游团_id) VALUES ('2404424046', 21860.63, 7);

INSERT INTO 顾客 (身份证号, 消费金额, 旅游团_id) VALUES ('2405072673', 8388.36, 10);

INSERT INTO 顾客 (身份证号, 消费金额, 旅游团_id) VALUES ('2405600529', 5388.21, 2);

INSERT INTO 顾客 (身份证号, 消费金额, 旅游团_id) VALUES ('2408588735', 15271.12, 2);

INSERT INTO 顾客 (身份证号, 消费金额, 旅游团_id) VALUES ('2413266802', 9286.14, 8);

INSERT INTO 顾客 (身份证号, 消费金额, 旅游团_id) VALUES ('2417706048', 24057.62, 8);

INSERT INTO 顾客 (身份证号, 消费金额, 旅游团_id) VALUES ('2418954909', 22809.03, 1);

INSERT INTO 顾客 (身份证号, 消费金额, 旅游团_id) VALUES ('2428178896', 12173.53, 10);

INSERT INTO 顾客 (身份证号, 消费金额, 旅游团_id) VALUES ('2429048092', 29301.72, 8);

INSERT INTO 顾客 (身份证号, 消费金额, 旅游团_id) VALUES ('2435960942', 10859.85, 5);

INSERT INTO 顾客 (身份证号, 消费金额, 旅游团_id) VALUES ('2438000368', 16169.91, 10);

INSERT INTO 顾客 (身份证号, 消费金额, 旅游团_id) VALUES ('2439285648', 11228.71, 1);

INSERT INTO 顾客 (身份证号, 消费金额, 旅游团_id) VALUES ('2439885932', 6015.06, 3);

INSERT INTO 顾客 (身份证号, 消费金额, 旅游团_id) VALUES ('2442283144', 2848.9, 3);

INSERT INTO 顾客 (身份证号, 消费金额, 旅游团_id) VALUES ('2445652845', 2695.62, 7);

INSERT INTO 顾客 (身份证号, 消费金额, 旅游团_id) VALUES ('2446993660', 11330.54, 6);

INSERT INTO 顾客 (身份证号, 消费金额, 旅游团_id) VALUES ('2447109410', 7018.68, 6);

INSERT INTO 顾客 (身份证号, 消费金额, 旅游团_id) VALUES ('2450986863', 14547.37, 8);

INSERT INTO 顾客 (身份证号, 消费金额, 旅游团_id) VALUES ('2451678252', 10813.83, 6);

INSERT INTO 顾客 (身份证号, 消费金额, 旅游团_id) VALUES ('2456696629', 22873.22, 10);

INSERT INTO 顾客 (身份证号, 消费金额, 旅游团_id) VALUES ('2461119798', 18278.32, 2);

INSERT INTO 顾客 (身份证号, 消费金额, 旅游团_id) VALUES ('2462312772', 16514.78, 9);

INSERT INTO 顾客 (身份证号, 消费金额, 旅游团_id) VALUES ('2462529988', 8160.24, 8);

INSERT INTO 顾客 (身份证号, 消费金额, 旅游团_id) VALUES ('2470879117', 9435.23, 3);

INSERT INTO 顾客 (身份证号, 消费金额, 旅游团_id) VALUES ('2483250944', 12526.02, 8);

INSERT INTO 顾客 (身份证号, 消费金额, 旅游团_id) VALUES ('2484258156', 14457.63, 8);

INSERT INTO 顾客 (身份证号, 消费金额, 旅游团_id) VALUES ('2485139331', 2596.69, 6);

INSERT INTO 顾客 (身份证号, 消费金额, 旅游团_id) VALUES ('2486857900', 9719.48, 2);

INSERT INTO 顾客 (身份证号, 消费金额, 旅游团_id) VALUES ('2487476308', 14346.78, 3);

INSERT INTO 顾客 (身份证号, 消费金额, 旅游团_id) VALUES ('2487576090', 18094.14, 2);

INSERT INTO 顾客 (身份证号, 消费金额, 旅游团_id) VALUES ('2487664931', 16976.66, 1);

INSERT INTO 顾客 (身份证号, 消费金额, 旅游团_id) VALUES ('2488796213', 4075.63, 9);

INSERT INTO 顾客 (身份证号, 消费金额, 旅游团_id) VALUES ('2488893973', 10716.48, 1);

INSERT INTO 顾客 (身份证号, 消费金额, 旅游团_id) VALUES ('2492646876', 27982.68, 1);

INSERT INTO 顾客 (身份证号, 消费金额, 旅游团_id) VALUES ('2493722562', 11220.56, 10);

INSERT INTO 顾客 (身份证号, 消费金额, 旅游团_id) VALUES ('2497088725', 10080.5, 3);

INSERT INTO 顾客 (身份证号, 消费金额, 旅游团_id) VALUES ('2498739965', 15855.59, 2);

INSERT INTO 顾客 (身份证号, 消费金额, 旅游团_id) VALUES ('2501416165', 11415.94, 2);

INSERT INTO 顾客 (身份证号, 消费金额, 旅游团_id) VALUES ('2502096648', 7291.29, 4);

INSERT INTO 顾客 (身份证号, 消费金额, 旅游团_id) VALUES ('2505640878', 2056.69, 3);

INSERT INTO 顾客 (身份证号, 消费金额, 旅游团_id) VALUES ('2509569673', 22596.81, 6);

INSERT INTO 顾客 (身份证号, 消费金额, 旅游团_id) VALUES ('2510899517', 4897.08, 3);

INSERT INTO 顾客 (身份证号, 消费金额, 旅游团_id) VALUES ('2511063761', 26912.63, 1);

INSERT INTO 顾客 (身份证号, 消费金额, 旅游团_id) VALUES ('2513216783', 23881.37, 7);

INSERT INTO 顾客 (身份证号, 消费金额, 旅游团_id) VALUES ('2521862517', 26737.78, 10);

INSERT INTO 顾客 (身份证号, 消费金额, 旅游团_id) VALUES ('2522268494', 4633.94, 3);

INSERT INTO 顾客 (身份证号, 消费金额, 旅游团_id) VALUES ('2522552951', 20716.76, 8);

INSERT INTO 顾客 (身份证号, 消费金额, 旅游团_id) VALUES ('2523712405', 6035.91, 8);

INSERT INTO 顾客 (身份证号, 消费金额, 旅游团_id) VALUES ('2524937098', 14919.11, 6);

INSERT INTO 顾客 (身份证号, 消费金额, 旅游团_id) VALUES ('2529761927', 28218, 8);

INSERT INTO 顾客 (身份证号, 消费金额, 旅游团_id) VALUES ('2532632910', 13690.9, 5);

INSERT INTO 顾客 (身份证号, 消费金额, 旅游团_id) VALUES ('2534571838', 9573.47, 3);

INSERT INTO 顾客 (身份证号, 消费金额, 旅游团_id) VALUES ('2535160397', 26416.88, 7);

INSERT INTO 顾客 (身份证号, 消费金额, 旅游团_id) VALUES ('2537574820', 19774.91, 3);

INSERT INTO 顾客 (身份证号, 消费金额, 旅游团_id) VALUES ('2538727121', 19521.64, 3);

INSERT INTO 顾客 (身份证号, 消费金额, 旅游团_id) VALUES ('2541266726', 5210.34, 4);

INSERT INTO 顾客 (身份证号, 消费金额, 旅游团_id) VALUES ('2542799250', 27930.21, 3);

INSERT INTO 顾客 (身份证号, 消费金额, 旅游团_id) VALUES ('2545728959', 19369.45, 1);

INSERT INTO 顾客 (身份证号, 消费金额, 旅游团_id) VALUES ('2549850897', 29445.62, 10);

INSERT INTO 顾客 (身份证号, 消费金额, 旅游团_id) VALUES ('2553549832', 26676.15, 5);

INSERT INTO 顾客 (身份证号, 消费金额, 旅游团_id) VALUES ('2555925315', 10539.51, 10);

INSERT INTO 顾客 (身份证号, 消费金额, 旅游团_id) VALUES ('2560776014', 24937.41, 5);

INSERT INTO 顾客 (身份证号, 消费金额, 旅游团_id) VALUES ('2563836399', 24156.03, 10);

INSERT INTO 顾客 (身份证号, 消费金额, 旅游团_id) VALUES ('2564002970', 13790.56, 4);

INSERT INTO 顾客 (身份证号, 消费金额, 旅游团_id) VALUES ('2564161487', 20566.52, 8);

INSERT INTO 顾客 (身份证号, 消费金额, 旅游团_id) VALUES ('2567283361', 16073, 9);

INSERT INTO 顾客 (身份证号, 消费金额, 旅游团_id) VALUES ('2568767704', 5593.89, 2);

INSERT INTO 顾客 (身份证号, 消费金额, 旅游团_id) VALUES ('2569210424', 14536.2, 5);

INSERT INTO 顾客 (身份证号, 消费金额, 旅游团_id) VALUES ('2569600841', 14040.77, 5);

INSERT INTO 顾客 (身份证号, 消费金额, 旅游团_id) VALUES ('2573145170', 11546.45, 2);

INSERT INTO 顾客 (身份证号, 消费金额, 旅游团_id) VALUES ('2574121210', 16848.58, 5);

INSERT INTO 顾客 (身份证号, 消费金额, 旅游团_id) VALUES ('2576403754', 23697.07, 6);

INSERT INTO 顾客 (身份证号, 消费金额, 旅游团_id) VALUES ('2577075338', 14734.98, 10);

INSERT INTO 顾客 (身份证号, 消费金额, 旅游团_id) VALUES ('2577516948', 12972.71, 3);

INSERT INTO 顾客 (身份证号, 消费金额, 旅游团_id) VALUES ('2581329577', 2810.68, 9);

INSERT INTO 顾客 (身份证号, 消费金额, 旅游团_id) VALUES ('2584105065', 7795.16, 9);

INSERT INTO 顾客 (身份证号, 消费金额, 旅游团_id) VALUES ('2588170538', 20294.62, 8);

INSERT INTO 顾客 (身份证号, 消费金额, 旅游团_id) VALUES ('2588633093', 22659.92, 2);

INSERT INTO 顾客 (身份证号, 消费金额, 旅游团_id) VALUES ('2589403971', 18333.03, 10);

INSERT INTO 顾客 (身份证号, 消费金额, 旅游团_id) VALUES ('2591362364', 4382.64, 2);

INSERT INTO 顾客 (身份证号, 消费金额, 旅游团_id) VALUES ('2596561977', 13569.6, 8);

INSERT INTO 顾客 (身份证号, 消费金额, 旅游团_id) VALUES ('2599865227', 21408.43, 9);

INSERT INTO 顾客 (身份证号, 消费金额, 旅游团_id) VALUES ('2602129398', 12324.32, 10);

INSERT INTO 顾客 (身份证号, 消费金额, 旅游团_id) VALUES ('2602743212', 3207.53, 10);

INSERT INTO 顾客 (身份证号, 消费金额, 旅游团_id) VALUES ('2603036363', 20800.06, 7);

INSERT INTO 顾客 (身份证号, 消费金额, 旅游团_id) VALUES ('2605038465', 21712.95, 6);

INSERT INTO 顾客 (身份证号, 消费金额, 旅游团_id) VALUES ('2608174216', 12991.83, 1);

INSERT INTO 顾客 (身份证号, 消费金额, 旅游团_id) VALUES ('2608679950', 14592.48, 10);

INSERT INTO 顾客 (身份证号, 消费金额, 旅游团_id) VALUES ('2611191370', 21400.74, 8);

INSERT INTO 顾客 (身份证号, 消费金额, 旅游团_id) VALUES ('2612424768', 14296.93, 2);

INSERT INTO 顾客 (身份证号, 消费金额, 旅游团_id) VALUES ('2613637286', 8979.02, 10);

INSERT INTO 顾客 (身份证号, 消费金额, 旅游团_id) VALUES ('2614963345', 13838.27, 2);

INSERT INTO 顾客 (身份证号, 消费金额, 旅游团_id) VALUES ('2615762444', 9794.69, 5);

INSERT INTO 顾客 (身份证号, 消费金额, 旅游团_id) VALUES ('2617824439', 5736.91, 6);

INSERT INTO 顾客 (身份证号, 消费金额, 旅游团_id) VALUES ('2619434664', 25749.73, 6);

INSERT INTO 顾客 (身份证号, 消费金额, 旅游团_id) VALUES ('2623413588', 4089.94, 5);

INSERT INTO 顾客 (身份证号, 消费金额, 旅游团_id) VALUES ('2624365846', 10543.85, 6);

INSERT INTO 顾客 (身份证号, 消费金额, 旅游团_id) VALUES ('2629388479', 12531.01, 8);

INSERT INTO 顾客 (身份证号, 消费金额, 旅游团_id) VALUES ('2630493635', 27670.98, 4);

INSERT INTO 顾客 (身份证号, 消费金额, 旅游团_id) VALUES ('2631676509', 4296.99, 4);

INSERT INTO 顾客 (身份证号, 消费金额, 旅游团_id) VALUES ('2634721468', 23389.89, 3);

INSERT INTO 顾客 (身份证号, 消费金额, 旅游团_id) VALUES ('2637726173', 28102.41, 10);

INSERT INTO 顾客 (身份证号, 消费金额, 旅游团_id) VALUES ('2638222373', 16041.04, 6);

INSERT INTO 顾客 (身份证号, 消费金额, 旅游团_id) VALUES ('2639929029', 12423.63, 7);

INSERT INTO 顾客 (身份证号, 消费金额, 旅游团_id) VALUES ('2640125836', 26540.12, 6);

INSERT INTO 顾客 (身份证号, 消费金额, 旅游团_id) VALUES ('2640477255', 22456.61, 1);

INSERT INTO 顾客 (身份证号, 消费金额, 旅游团_id) VALUES ('2641467536', 14560.65, 1);

INSERT INTO 顾客 (身份证号, 消费金额, 旅游团_id) VALUES ('2641567138', 14719.25, 5);

INSERT INTO 顾客 (身份证号, 消费金额, 旅游团_id) VALUES ('2642077827', 20208.76, 1);

INSERT INTO 顾客 (身份证号, 消费金额, 旅游团_id) VALUES ('2647175269', 7517.12, 7);

INSERT INTO 顾客 (身份证号, 消费金额, 旅游团_id) VALUES ('2647721701', 24896.12, 6);

INSERT INTO 顾客 (身份证号, 消费金额, 旅游团_id) VALUES ('2649277461', 21889.04, 5);

INSERT INTO 顾客 (身份证号, 消费金额, 旅游团_id) VALUES ('2650713895', 9903.36, 5);

INSERT INTO 顾客 (身份证号, 消费金额, 旅游团_id) VALUES ('2650746120', 23535.05, 8);

INSERT INTO 顾客 (身份证号, 消费金额, 旅游团_id) VALUES ('2652873655', 10830.75, 6);

INSERT INTO 顾客 (身份证号, 消费金额, 旅游团_id) VALUES ('2653135058', 21859.19, 1);

INSERT INTO 顾客 (身份证号, 消费金额, 旅游团_id) VALUES ('2654012924', 5610.51, 2);

INSERT INTO 顾客 (身份证号, 消费金额, 旅游团_id) VALUES ('2656454699', 3793.38, 2);

INSERT INTO 顾客 (身份证号, 消费金额, 旅游团_id) VALUES ('2656974930', 14343.9, 3);

INSERT INTO 顾客 (身份证号, 消费金额, 旅游团_id) VALUES ('2657614480', 25135.51, 5);

INSERT INTO 顾客 (身份证号, 消费金额, 旅游团_id) VALUES ('2658014152', 14582.06, 2);

INSERT INTO 顾客 (身份证号, 消费金额, 旅游团_id) VALUES ('2660663583', 21811.78, 4);

INSERT INTO 顾客 (身份证号, 消费金额, 旅游团_id) VALUES ('2663321579', 11374.36, 6);

INSERT INTO 顾客 (身份证号, 消费金额, 旅游团_id) VALUES ('2665053289', 25000.6, 8);

INSERT INTO 顾客 (身份证号, 消费金额, 旅游团_id) VALUES ('2665478199', 26906.62, 4);

INSERT INTO 顾客 (身份证号, 消费金额, 旅游团_id) VALUES ('2669607906', 1248.07, 2);

INSERT INTO 顾客 (身份证号, 消费金额, 旅游团_id) VALUES ('2671731213', 9682.25, 10);

INSERT INTO 顾客 (身份证号, 消费金额, 旅游团_id) VALUES ('2671992641', 3559.19, 1);

INSERT INTO 顾客 (身份证号, 消费金额, 旅游团_id) VALUES ('2672359863', 2963.43, 1);

INSERT INTO 顾客 (身份证号, 消费金额, 旅游团_id) VALUES ('2674844501', 26854.84, 9);

INSERT INTO 顾客 (身份证号, 消费金额, 旅游团_id) VALUES ('2676717960', 16997.38, 4);

INSERT INTO 顾客 (身份证号, 消费金额, 旅游团_id) VALUES ('2678712661', 24685.5, 10);

INSERT INTO 顾客 (身份证号, 消费金额, 旅游团_id) VALUES ('2679166840', 6883.96, 6);

INSERT INTO 顾客 (身份证号, 消费金额, 旅游团_id) VALUES ('2680596938', 17338.26, 6);

INSERT INTO 顾客 (身份证号, 消费金额, 旅游团_id) VALUES ('2684230697', 4290.71, 7);

INSERT INTO 顾客 (身份证号, 消费金额, 旅游团_id) VALUES ('2686357968', 23885.19, 10);

INSERT INTO 顾客 (身份证号, 消费金额, 旅游团_id) VALUES ('2691967593', 3699.41, 7);

INSERT INTO 顾客 (身份证号, 消费金额, 旅游团_id) VALUES ('2692858139', 21199.11, 7);

INSERT INTO 顾客 (身份证号, 消费金额, 旅游团_id) VALUES ('2695443619', 27654.02, 8);

INSERT INTO 顾客 (身份证号, 消费金额, 旅游团_id) VALUES ('2699914781', 7410.95, 6);

INSERT INTO 顾客 (身份证号, 消费金额, 旅游团_id) VALUES ('2701062420', 10962.03, 3);

INSERT INTO 顾客 (身份证号, 消费金额, 旅游团_id) VALUES ('2703680365', 8590.18, 5);

INSERT INTO 顾客 (身份证号, 消费金额, 旅游团_id) VALUES ('2705625330', 24710.74, 10);

INSERT INTO 顾客 (身份证号, 消费金额, 旅游团_id) VALUES ('2706075341', 15904.74, 9);

INSERT INTO 顾客 (身份证号, 消费金额, 旅游团_id) VALUES ('2707436795', 22474.4, 5);

INSERT INTO 顾客 (身份证号, 消费金额, 旅游团_id) VALUES ('2707806003', 1023.01, 9);

INSERT INTO 顾客 (身份证号, 消费金额, 旅游团_id) VALUES ('2709976668', 18782.03, 7);

INSERT INTO 顾客 (身份证号, 消费金额, 旅游团_id) VALUES ('2713446064', 20028.08, 6);

INSERT INTO 顾客 (身份证号, 消费金额, 旅游团_id) VALUES ('2715194759', 12289.48, 8);

INSERT INTO 顾客 (身份证号, 消费金额, 旅游团_id) VALUES ('2718661179', 7968.61, 5);

INSERT INTO 顾客 (身份证号, 消费金额, 旅游团_id) VALUES ('2719495895', 23380.46, 3);

INSERT INTO 顾客 (身份证号, 消费金额, 旅游团_id) VALUES ('2730776200', 14161.13, 5);

INSERT INTO 顾客 (身份证号, 消费金额, 旅游团_id) VALUES ('2731178880', 26839.23, 6);

INSERT INTO 顾客 (身份证号, 消费金额, 旅游团_id) VALUES ('2731256401', 9059.75, 6);

INSERT INTO 顾客 (身份证号, 消费金额, 旅游团_id) VALUES ('2733886809', 29944.94, 8);

INSERT INTO 顾客 (身份证号, 消费金额, 旅游团_id) VALUES ('2735865373', 23507.95, 2);

INSERT INTO 顾客 (身份证号, 消费金额, 旅游团_id) VALUES ('2738596629', 10137.03, 4);

INSERT INTO 顾客 (身份证号, 消费金额, 旅游团_id) VALUES ('2739328882', 27847.19, 10);

INSERT INTO 顾客 (身份证号, 消费金额, 旅游团_id) VALUES ('2740015658', 11908.64, 8);

INSERT INTO 顾客 (身份证号, 消费金额, 旅游团_id) VALUES ('2740306428', 4880.97, 8);

INSERT INTO 顾客 (身份证号, 消费金额, 旅游团_id) VALUES ('2741732805', 29187.47, 3);

INSERT INTO 顾客 (身份证号, 消费金额, 旅游团_id) VALUES ('2741977850', 19648.05, 4);

INSERT INTO 顾客 (身份证号, 消费金额, 旅游团_id) VALUES ('2742610178', 22015.62, 4);

INSERT INTO 顾客 (身份证号, 消费金额, 旅游团_id) VALUES ('2744466873', 15236.29, 10);

INSERT INTO 顾客 (身份证号, 消费金额, 旅游团_id) VALUES ('2744778863', 21033.43, 10);

INSERT INTO 顾客 (身份证号, 消费金额, 旅游团_id) VALUES ('2749418689', 3965.74, 2);

INSERT INTO 顾客 (身份证号, 消费金额, 旅游团_id) VALUES ('2749555846', 27325.55, 6);

INSERT INTO 顾客 (身份证号, 消费金额, 旅游团_id) VALUES ('2751138468', 24304.55, 9);

INSERT INTO 顾客 (身份证号, 消费金额, 旅游团_id) VALUES ('2753305298', 25408.85, 8);

INSERT INTO 顾客 (身份证号, 消费金额, 旅游团_id) VALUES ('2753830398', 22495.42, 3);

INSERT INTO 顾客 (身份证号, 消费金额, 旅游团_id) VALUES ('2754199982', 26743.51, 1);

INSERT INTO 顾客 (身份证号, 消费金额, 旅游团_id) VALUES ('2756300705', 29921.05, 9);

INSERT INTO 顾客 (身份证号, 消费金额, 旅游团_id) VALUES ('2757581879', 27860.44, 1);

INSERT INTO 顾客 (身份证号, 消费金额, 旅游团_id) VALUES ('2757731090', 17840.57, 4);

INSERT INTO 顾客 (身份证号, 消费金额, 旅游团_id) VALUES ('2759952834', 18337.54, 3);

INSERT INTO 顾客 (身份证号, 消费金额, 旅游团_id) VALUES ('2760519256', 8956.69, 7);

INSERT INTO 顾客 (身份证号, 消费金额, 旅游团_id) VALUES ('2762154633', 24639.69, 3);

INSERT INTO 顾客 (身份证号, 消费金额, 旅游团_id) VALUES ('2763858592', 4639.23, 10);

INSERT INTO 顾客 (身份证号, 消费金额, 旅游团_id) VALUES ('2766346456', 12642.11, 5);

INSERT INTO 顾客 (身份证号, 消费金额, 旅游团_id) VALUES ('2769345926', 5801.49, 4);

INSERT INTO 顾客 (身份证号, 消费金额, 旅游团_id) VALUES ('2769531204', 29645.19, 3);

INSERT INTO 顾客 (身份证号, 消费金额, 旅游团_id) VALUES ('2770749175', 9233, 7);

INSERT INTO 顾客 (身份证号, 消费金额, 旅游团_id) VALUES ('2773005381', 20669.28, 9);

INSERT INTO 顾客 (身份证号, 消费金额, 旅游团_id) VALUES ('2776102204', 27733.76, 1);

INSERT INTO 顾客 (身份证号, 消费金额, 旅游团_id) VALUES ('2776640231', 1075.18, 7);

INSERT INTO 顾客 (身份证号, 消费金额, 旅游团_id) VALUES ('2779898237', 27145.17, 9);

INSERT INTO 顾客 (身份证号, 消费金额, 旅游团_id) VALUES ('2780735158', 6446.48, 4);

INSERT INTO 顾客 (身份证号, 消费金额, 旅游团_id) VALUES ('2788028328', 25109.35, 8);

INSERT INTO 顾客 (身份证号, 消费金额, 旅游团_id) VALUES ('2788380412', 21081.04, 3);

INSERT INTO 顾客 (身份证号, 消费金额, 旅游团_id) VALUES ('2789229870', 8990.34, 2);

INSERT INTO 顾客 (身份证号, 消费金额, 旅游团_id) VALUES ('2796310813', 2221.8, 9);

INSERT INTO 顾客 (身份证号, 消费金额, 旅游团_id) VALUES ('2796767013', 7812.43, 10);

INSERT INTO 顾客 (身份证号, 消费金额, 旅游团_id) VALUES ('2796928681', 25200.57, 2);

INSERT INTO 顾客 (身份证号, 消费金额, 旅游团_id) VALUES ('2800074299', 1237.67, 6);

INSERT INTO 顾客 (身份证号, 消费金额, 旅游团_id) VALUES ('2801562136', 24502.71, 10);

INSERT INTO 顾客 (身份证号, 消费金额, 旅游团_id) VALUES ('2808080940', 15549.9, 8);

INSERT INTO 顾客 (身份证号, 消费金额, 旅游团_id) VALUES ('2808624354', 13371.83, 2);

INSERT INTO 顾客 (身份证号, 消费金额, 旅游团_id) VALUES ('2809123215', 1613.87, 4);

INSERT INTO 顾客 (身份证号, 消费金额, 旅游团_id) VALUES ('2813158123', 20305.07, 4);

INSERT INTO 顾客 (身份证号, 消费金额, 旅游团_id) VALUES ('2826838621', 22046.67, 2);

INSERT INTO 顾客 (身份证号, 消费金额, 旅游团_id) VALUES ('2826938596', 27030.15, 5);

INSERT INTO 顾客 (身份证号, 消费金额, 旅游团_id) VALUES ('2827762720', 1397.45, 7);

INSERT INTO 顾客 (身份证号, 消费金额, 旅游团_id) VALUES ('2830226210', 9227.25, 6);

INSERT INTO 顾客 (身份证号, 消费金额, 旅游团_id) VALUES ('2830759521', 24188.53, 5);

INSERT INTO 顾客 (身份证号, 消费金额, 旅游团_id) VALUES ('2831930688', 17105.89, 1);

INSERT INTO 顾客 (身份证号, 消费金额, 旅游团_id) VALUES ('2832896985', 5314.48, 7);

INSERT INTO 顾客 (身份证号, 消费金额, 旅游团_id) VALUES ('2839663443', 15817.54, 2);

INSERT INTO 顾客 (身份证号, 消费金额, 旅游团_id) VALUES ('2840932317', 10666.04, 10);

INSERT INTO 顾客 (身份证号, 消费金额, 旅游团_id) VALUES ('2843176091', 9576.08, 9);

INSERT INTO 顾客 (身份证号, 消费金额, 旅游团_id) VALUES ('2845675835', 9214.39, 1);

INSERT INTO 顾客 (身份证号, 消费金额, 旅游团_id) VALUES ('2860243187', 7411.83, 5);

INSERT INTO 顾客 (身份证号, 消费金额, 旅游团_id) VALUES ('2861148229', 2145.55, 1);

INSERT INTO 顾客 (身份证号, 消费金额, 旅游团_id) VALUES ('2861440047', 28793.86, 4);

INSERT INTO 顾客 (身份证号, 消费金额, 旅游团_id) VALUES ('2868233368', 25981.35, 2);

INSERT INTO 顾客 (身份证号, 消费金额, 旅游团_id) VALUES ('2869959643', 15897.98, 4);

INSERT INTO 顾客 (身份证号, 消费金额, 旅游团_id) VALUES ('2872596719', 19400.16, 1);

INSERT INTO 顾客 (身份证号, 消费金额, 旅游团_id) VALUES ('2874605946', 4374.04, 9);

INSERT INTO 顾客 (身份证号, 消费金额, 旅游团_id) VALUES ('2876222879', 5352.05, 9);

INSERT INTO 顾客 (身份证号, 消费金额, 旅游团_id) VALUES ('2876439419', 2705.33, 9);

INSERT INTO 顾客 (身份证号, 消费金额, 旅游团_id) VALUES ('2876666271', 26902, 4);

INSERT INTO 顾客 (身份证号, 消费金额, 旅游团_id) VALUES ('2880018847', 2718.59, 7);

INSERT INTO 顾客 (身份证号, 消费金额, 旅游团_id) VALUES ('2883180651', 19924.37, 9);

INSERT INTO 顾客 (身份证号, 消费金额, 旅游团_id) VALUES ('2887957957', 8401.54, 7);

INSERT INTO 顾客 (身份证号, 消费金额, 旅游团_id) VALUES ('2888976928', 26315.79, 10);

INSERT INTO 顾客 (身份证号, 消费金额, 旅游团_id) VALUES ('2889052132', 19427.06, 2);

INSERT INTO 顾客 (身份证号, 消费金额, 旅游团_id) VALUES ('2890983142', 11787.94, 6);

INSERT INTO 顾客 (身份证号, 消费金额, 旅游团_id) VALUES ('2891721391', 29528.32, 9);

INSERT INTO 顾客 (身份证号, 消费金额, 旅游团_id) VALUES ('2893081288', 17726.91, 4);

INSERT INTO 顾客 (身份证号, 消费金额, 旅游团_id) VALUES ('2902321719', 25065.42, 6);

INSERT INTO 顾客 (身份证号, 消费金额, 旅游团_id) VALUES ('2903090526', 19861.96, 10);

INSERT INTO 顾客 (身份证号, 消费金额, 旅游团_id) VALUES ('2906913031', 25656.43, 5);

INSERT INTO 顾客 (身份证号, 消费金额, 旅游团_id) VALUES ('2907534186', 12059.33, 5);

INSERT INTO 顾客 (身份证号, 消费金额, 旅游团_id) VALUES ('2908096867', 1057.08, 8);

INSERT INTO 顾客 (身份证号, 消费金额, 旅游团_id) VALUES ('2910335954', 13082.95, 4);

INSERT INTO 顾客 (身份证号, 消费金额, 旅游团_id) VALUES ('2912110417', 26810.58, 10);

INSERT INTO 顾客 (身份证号, 消费金额, 旅游团_id) VALUES ('2913183337', 29510.8, 7);

INSERT INTO 顾客 (身份证号, 消费金额, 旅游团_id) VALUES ('2914061870', 15478.52, 7);

INSERT INTO 顾客 (身份证号, 消费金额, 旅游团_id) VALUES ('2916594710', 28861.07, 1);

INSERT INTO 顾客 (身份证号, 消费金额, 旅游团_id) VALUES ('2917816605', 10365.39, 2);

INSERT INTO 顾客 (身份证号, 消费金额, 旅游团_id) VALUES ('2923072270', 25080.29, 3);

INSERT INTO 顾客 (身份证号, 消费金额, 旅游团_id) VALUES ('2926673343', 11121.96, 5);

INSERT INTO 顾客 (身份证号, 消费金额, 旅游团_id) VALUES ('2929270155', 22111.72, 5);

INSERT INTO 顾客 (身份证号, 消费金额, 旅游团_id) VALUES ('2930088822', 23118.32, 7);

INSERT INTO 顾客 (身份证号, 消费金额, 旅游团_id) VALUES ('2931159763', 2770.43, 7);

INSERT INTO 顾客 (身份证号, 消费金额, 旅游团_id) VALUES ('2931663150', 11997.97, 4);

INSERT INTO 顾客 (身份证号, 消费金额, 旅游团_id) VALUES ('2933454676', 13366.48, 10);

INSERT INTO 顾客 (身份证号, 消费金额, 旅游团_id) VALUES ('2933720926', 28111, 4);

INSERT INTO 顾客 (身份证号, 消费金额, 旅游团_id) VALUES ('2934326258', 20528.77, 7);

INSERT INTO 顾客 (身份证号, 消费金额, 旅游团_id) VALUES ('2934403127', 16679.01, 3);

INSERT INTO 顾客 (身份证号, 消费金额, 旅游团_id) VALUES ('2934754731', 22033.31, 3);

INSERT INTO 顾客 (身份证号, 消费金额, 旅游团_id) VALUES ('2934819258', 22389.83, 7);

INSERT INTO 顾客 (身份证号, 消费金额, 旅游团_id) VALUES ('2937219120', 11034.25, 5);

INSERT INTO 顾客 (身份证号, 消费金额, 旅游团_id) VALUES ('2941330349', 9306.71, 3);

INSERT INTO 顾客 (身份证号, 消费金额, 旅游团_id) VALUES ('2943239368', 7938.75, 8);

INSERT INTO 顾客 (身份证号, 消费金额, 旅游团_id) VALUES ('2945476857', 15303.91, 9);

INSERT INTO 顾客 (身份证号, 消费金额, 旅游团_id) VALUES ('2945599524', 4893.9, 1);

INSERT INTO 顾客 (身份证号, 消费金额, 旅游团_id) VALUES ('2945705985', 23412.05, 2);

INSERT INTO 顾客 (身份证号, 消费金额, 旅游团_id) VALUES ('2947509711', 29987.43, 7);

INSERT INTO 顾客 (身份证号, 消费金额, 旅游团_id) VALUES ('2948103291', 11667.78, 1);

INSERT INTO 顾客 (身份证号, 消费金额, 旅游团_id) VALUES ('2950490589', 27500.39, 1);

INSERT INTO 顾客 (身份证号, 消费金额, 旅游团_id) VALUES ('2950560813', 26349.51, 3);

INSERT INTO 顾客 (身份证号, 消费金额, 旅游团_id) VALUES ('2951207050', 19892.2, 7);

INSERT INTO 顾客 (身份证号, 消费金额, 旅游团_id) VALUES ('2952654999', 13812.44, 1);

INSERT INTO 顾客 (身份证号, 消费金额, 旅游团_id) VALUES ('2955819436', 8175.27, 1);

INSERT INTO 顾客 (身份证号, 消费金额, 旅游团_id) VALUES ('2955834599', 20306.97, 8);

INSERT INTO 顾客 (身份证号, 消费金额, 旅游团_id) VALUES ('2957723635', 25088.83, 1);

INSERT INTO 顾客 (身份证号, 消费金额, 旅游团_id) VALUES ('2957746668', 6566.04, 8);

INSERT INTO 顾客 (身份证号, 消费金额, 旅游团_id) VALUES ('2960580511', 9518.53, 2);

INSERT INTO 顾客 (身份证号, 消费金额, 旅游团_id) VALUES ('2963472402', 14508.2, 10);

INSERT INTO 顾客 (身份证号, 消费金额, 旅游团_id) VALUES ('2966350719', 16348.86, 2);

INSERT INTO 顾客 (身份证号, 消费金额, 旅游团_id) VALUES ('2968077248', 12813.69, 6);

INSERT INTO 顾客 (身份证号, 消费金额, 旅游团_id) VALUES ('2968490206', 6842.91, 6);

INSERT INTO 顾客 (身份证号, 消费金额, 旅游团_id) VALUES ('2969898639', 17082.44, 5);

INSERT INTO 顾客 (身份证号, 消费金额, 旅游团_id) VALUES ('2970175492', 5990.83, 2);

INSERT INTO 顾客 (身份证号, 消费金额, 旅游团_id) VALUES ('2972997587', 1973.64, 10);

INSERT INTO 顾客 (身份证号, 消费金额, 旅游团_id) VALUES ('2974529466', 12390.35, 1);

INSERT INTO 顾客 (身份证号, 消费金额, 旅游团_id) VALUES ('2977890846', 4250.05, 3);

INSERT INTO 顾客 (身份证号, 消费金额, 旅游团_id) VALUES ('2979851135', 24486.3, 4);

INSERT INTO 顾客 (身份证号, 消费金额, 旅游团_id) VALUES ('2982456149', 23190, 7);

INSERT INTO 顾客 (身份证号, 消费金额, 旅游团_id) VALUES ('2983337533', 2461.57, 2);

INSERT INTO 顾客 (身份证号, 消费金额, 旅游团_id) VALUES ('2984946486', 13693.27, 2);

INSERT INTO 顾客 (身份证号, 消费金额, 旅游团_id) VALUES ('2988711805', 20409.71, 3);

INSERT INTO 顾客 (身份证号, 消费金额, 旅游团_id) VALUES ('2989199929', 23082.91, 9);

INSERT INTO 顾客 (身份证号, 消费金额, 旅游团_id) VALUES ('2989471411', 23515.4, 4);

INSERT INTO 顾客 (身份证号, 消费金额, 旅游团_id) VALUES ('2989942298', 17558.89, 9);

INSERT INTO 顾客 (身份证号, 消费金额, 旅游团_id) VALUES ('2989945071', 8998.43, 7);

INSERT INTO 顾客 (身份证号, 消费金额, 旅游团_id) VALUES ('2991639430', 2644.32, 9);

INSERT INTO 顾客 (身份证号, 消费金额, 旅游团_id) VALUES ('2991981430', 15924.03, 8);

INSERT INTO 顾客 (身份证号, 消费金额, 旅游团_id) VALUES ('2992193903', 1153.81, 6);

INSERT INTO 顾客 (身份证号, 消费金额, 旅游团_id) VALUES ('2994632540', 8372.29, 5);

INSERT INTO 顾客 (身份证号, 消费金额, 旅游团_id) VALUES ('2995496451', 25682.3, 7);

INSERT INTO 顾客 (身份证号, 消费金额, 旅游团_id) VALUES ('2999195657', 13228.99, 6);

INSERT INTO 顾客 (身份证号, 消费金额, 旅游团_id) VALUES ('2999711233', 12331.07, 4);

INSERT INTO 顾客 (身份证号, 消费金额, 旅游团_id) VALUES ('3001579334', 21138.88, 4);

INSERT INTO 顾客 (身份证号, 消费金额, 旅游团_id) VALUES ('3002393598', 14908.66, 3);

INSERT INTO 顾客 (身份证号, 消费金额, 旅游团_id) VALUES ('3003332818', 29244.46, 8);

INSERT INTO 顾客 (身份证号, 消费金额, 旅游团_id) VALUES ('3005453477', 6702.41, 9);

INSERT INTO 顾客 (身份证号, 消费金额, 旅游团_id) VALUES ('3009094017', 5004.46, 4);

INSERT INTO 顾客 (身份证号, 消费金额, 旅游团_id) VALUES ('3012492005', 12588.59, 4);

INSERT INTO 顾客 (身份证号, 消费金额, 旅游团_id) VALUES ('3014359832', 23981.58, 8);

INSERT INTO 顾客 (身份证号, 消费金额, 旅游团_id) VALUES ('3016091476', 24326.56, 4);

INSERT INTO 顾客 (身份证号, 消费金额, 旅游团_id) VALUES ('3017872765', 1478.96, 2);

INSERT INTO 顾客 (身份证号, 消费金额, 旅游团_id) VALUES ('3019749003', 10235.89, 10);

INSERT INTO 顾客 (身份证号, 消费金额, 旅游团_id) VALUES ('3023154335', 25678.67, 2);

INSERT INTO 顾客 (身份证号, 消费金额, 旅游团_id) VALUES ('3025752432', 18530.51, 2);

INSERT INTO 顾客 (身份证号, 消费金额, 旅游团_id) VALUES ('3026284666', 5930.58, 8);

INSERT INTO 顾客 (身份证号, 消费金额, 旅游团_id) VALUES ('3036196039', 1613.53, 3);

INSERT INTO 顾客 (身份证号, 消费金额, 旅游团_id) VALUES ('3036571370', 9116.23, 9);

INSERT INTO 顾客 (身份证号, 消费金额, 旅游团_id) VALUES ('3036991558', 13287.65, 7);

INSERT INTO 顾客 (身份证号, 消费金额, 旅游团_id) VALUES ('3044349465', 23343.24, 9);

INSERT INTO 顾客 (身份证号, 消费金额, 旅游团_id) VALUES ('3048327826', 13460.14, 4);

INSERT INTO 顾客 (身份证号, 消费金额, 旅游团_id) VALUES ('3051066014', 26207.3, 4);

INSERT INTO 顾客 (身份证号, 消费金额, 旅游团_id) VALUES ('3053182402', 10827.01, 9);

INSERT INTO 顾客 (身份证号, 消费金额, 旅游团_id) VALUES ('3056381228', 19863.26, 3);

INSERT INTO 顾客 (身份证号, 消费金额, 旅游团_id) VALUES ('3056777928', 22132.58, 10);

INSERT INTO 顾客 (身份证号, 消费金额, 旅游团_id) VALUES ('3057160507', 12465.13, 6);

INSERT INTO 顾客 (身份证号, 消费金额, 旅游团_id) VALUES ('3058792325', 6047.81, 4);

INSERT INTO 顾客 (身份证号, 消费金额, 旅游团_id) VALUES ('3064873112', 8891.57, 10);

INSERT INTO 顾客 (身份证号, 消费金额, 旅游团_id) VALUES ('3069281486', 26851.61, 7);

INSERT INTO 顾客 (身份证号, 消费金额, 旅游团_id) VALUES ('3072147929', 25910.51, 6);

INSERT INTO 顾客 (身份证号, 消费金额, 旅游团_id) VALUES ('3072148515', 2609.55, 8);

INSERT INTO 顾客 (身份证号, 消费金额, 旅游团_id) VALUES ('3075352024', 15100.21, 4);

INSERT INTO 顾客 (身份证号, 消费金额, 旅游团_id) VALUES ('3077616843', 11491.45, 7);

INSERT INTO 顾客 (身份证号, 消费金额, 旅游团_id) VALUES ('3078396866', 20641.11, 9);

INSERT INTO 顾客 (身份证号, 消费金额, 旅游团_id) VALUES ('3082199262', 12504.85, 10);

INSERT INTO 顾客 (身份证号, 消费金额, 旅游团_id) VALUES ('3082463094', 8101.39, 4);

INSERT INTO 顾客 (身份证号, 消费金额, 旅游团_id) VALUES ('3089915047', 7669.56, 3);

INSERT INTO 顾客 (身份证号, 消费金额, 旅游团_id) VALUES ('3090754934', 23007.17, 7);

INSERT INTO 顾客 (身份证号, 消费金额, 旅游团_id) VALUES ('3091778989', 2667.43, 4);

INSERT INTO 顾客 (身份证号, 消费金额, 旅游团_id) VALUES ('3093080715', 1347, 3);

INSERT INTO 顾客 (身份证号, 消费金额, 旅游团_id) VALUES ('3107414589', 2533.17, 6);

INSERT INTO 顾客 (身份证号, 消费金额, 旅游团_id) VALUES ('3107425624', 22942.43, 6);

INSERT INTO 顾客 (身份证号, 消费金额, 旅游团_id) VALUES ('3109245068', 11097.49, 7);

INSERT INTO 顾客 (身份证号, 消费金额, 旅游团_id) VALUES ('3113498019', 14453.08, 9);

INSERT INTO 顾客 (身份证号, 消费金额, 旅游团_id) VALUES ('3113915504', 13941.07, 2);

INSERT INTO 顾客 (身份证号, 消费金额, 旅游团_id) VALUES ('3115895897', 29990.14, 1);

INSERT INTO 顾客 (身份证号, 消费金额, 旅游团_id) VALUES ('3118369023', 2426.19, 1);

INSERT INTO 顾客 (身份证号, 消费金额, 旅游团_id) VALUES ('3118793059', 4260.44, 10);

INSERT INTO 顾客 (身份证号, 消费金额, 旅游团_id) VALUES ('3120067805', 9800.81, 4);

INSERT INTO 顾客 (身份证号, 消费金额, 旅游团_id) VALUES ('3122805763', 23584.57, 8);

INSERT INTO 顾客 (身份证号, 消费金额, 旅游团_id) VALUES ('3122839507', 5896.46, 2);

INSERT INTO 顾客 (身份证号, 消费金额, 旅游团_id) VALUES ('3123015069', 11137.48, 9);

INSERT INTO 顾客 (身份证号, 消费金额, 旅游团_id) VALUES ('3123697891', 8957.94, 7);

INSERT INTO 顾客 (身份证号, 消费金额, 旅游团_id) VALUES ('3123854395', 1085.48, 8);

INSERT INTO 顾客 (身份证号, 消费金额, 旅游团_id) VALUES ('3127870106', 6668.57, 2);

INSERT INTO 顾客 (身份证号, 消费金额, 旅游团_id) VALUES ('3129374615', 25380.83, 1);

INSERT INTO 顾客 (身份证号, 消费金额, 旅游团_id) VALUES ('3130137749', 2591.83, 9);

INSERT INTO 顾客 (身份证号, 消费金额, 旅游团_id) VALUES ('3131573697', 11068.74, 9);

INSERT INTO 顾客 (身份证号, 消费金额, 旅游团_id) VALUES ('3131628988', 2197.18, 5);

INSERT INTO 顾客 (身份证号, 消费金额, 旅游团_id) VALUES ('3133876544', 18649.05, 1);

INSERT INTO 顾客 (身份证号, 消费金额, 旅游团_id) VALUES ('3138408817', 29692.55, 4);

INSERT INTO 顾客 (身份证号, 消费金额, 旅游团_id) VALUES ('3141974858', 1540.7, 3);

INSERT INTO 顾客 (身份证号, 消费金额, 旅游团_id) VALUES ('3142193510', 15083.05, 2);

INSERT INTO 顾客 (身份证号, 消费金额, 旅游团_id) VALUES ('3143002011', 6851.86, 10);

INSERT INTO 顾客 (身份证号, 消费金额, 旅游团_id) VALUES ('3143071442', 7943.86, 4);

INSERT INTO 顾客 (身份证号, 消费金额, 旅游团_id) VALUES ('3144017318', 25822.16, 4);

INSERT INTO 旅游线路 (id, 总公司_id) VALUES (1, 1);

INSERT INTO 旅游线路 (id, 总公司_id) VALUES (2, 1);

INSERT INTO 旅游线路 (id, 总公司_id) VALUES (3, 1);

INSERT INTO 旅游线路 (id, 总公司_id) VALUES (4, 1);

INSERT INTO 旅游线路 (id, 总公司_id) VALUES (5, 1);

INSERT INTO 旅游线路 (id, 总公司_id) VALUES (6, 1);

INSERT INTO 旅游线路 (id, 总公司_id) VALUES (7, 1);

INSERT INTO 旅游线路 (id, 总公司_id) VALUES (8, 1);

INSERT INTO 旅游线路 (id, 总公司_id) VALUES (9, 1);

INSERT INTO 旅游线路 (id, 总公司_id) VALUES (10, 1);

INSERT INTO 旅游信息 (旅游时间, 旅游费用, 保险, 服务等级, 旅游合同, 旅游团_id, 顾客_身份证号, 旅游线路_id) VALUES ('July', 5165.95, '3', '5', NULL, 10, '2235904159', 7);

INSERT INTO 旅游信息 (旅游时间, 旅游费用, 保险, 服务等级, 旅游合同, 旅游团_id, 顾客_身份证号, 旅游线路_id) VALUES ('March', 3591.39, '3', '4', NULL, 4, '2808624354', 9);

INSERT INTO 旅游信息 (旅游时间, 旅游费用, 保险, 服务等级, 旅游合同, 旅游团_id, 顾客_身份证号, 旅游线路_id) VALUES ('January', 8161.64, '5', '4', NULL, 3, '1869425884', 6);

INSERT INTO 旅游信息 (旅游时间, 旅游费用, 保险, 服务等级, 旅游合同, 旅游团_id, 顾客_身份证号, 旅游线路_id) VALUES ('March', 9098.23, '3', '4', NULL, 8, '1470870199', 2);

INSERT INTO 旅游信息 (旅游时间, 旅游费用, 保险, 服务等级, 旅游合同, 旅游团_id, 顾客_身份证号, 旅游线路_id) VALUES ('February', 5528.74, '1', '3', NULL, 5, '2890983142', 2);

INSERT INTO 旅游信息 (旅游时间, 旅游费用, 保险, 服务等级, 旅游合同, 旅游团_id, 顾客_身份证号, 旅游线路_id) VALUES ('October', 8317.02, '4', '5', NULL, 5, '2211524785', 5);

INSERT INTO 旅游信息 (旅游时间, 旅游费用, 保险, 服务等级, 旅游合同, 旅游团_id, 顾客_身份证号, 旅游线路_id) VALUES ('June', 3485.07, '4', '3', NULL, 8, '2078552463', 2);

INSERT INTO 旅游信息 (旅游时间, 旅游费用, 保险, 服务等级, 旅游合同, 旅游团_id, 顾客_身份证号, 旅游线路_id) VALUES ('March', 5929.41, '1', '3', NULL, 10, '2602129398', 8);

INSERT INTO 旅游信息 (旅游时间, 旅游费用, 保险, 服务等级, 旅游合同, 旅游团_id, 顾客_身份证号, 旅游线路_id) VALUES ('August', 7331.03, '1', '3', NULL, 5, '1085665393', 4);

INSERT INTO 旅游信息 (旅游时间, 旅游费用, 保险, 服务等级, 旅游合同, 旅游团_id, 顾客_身份证号, 旅游线路_id) VALUES ('July', 7436.14, '2', '5', NULL, 7, '2563836399', 5);

INSERT INTO 旅游信息 (旅游时间, 旅游费用, 保险, 服务等级, 旅游合同, 旅游团_id, 顾客_身份证号, 旅游线路_id) VALUES ('October', 8594.56, '5', '4', NULL, 6, '2984946486', 9);

INSERT INTO 旅游信息 (旅游时间, 旅游费用, 保险, 服务等级, 旅游合同, 旅游团_id, 顾客_身份证号, 旅游线路_id) VALUES ('May', 7105.17, '5', '4', NULL, 3, '1650427775', 7);

INSERT INTO 旅游信息 (旅游时间, 旅游费用, 保险, 服务等级, 旅游合同, 旅游团_id, 顾客_身份证号, 旅游线路_id) VALUES ('October', 9538.61, '3', '4', NULL, 8, '2037718090', 4);

INSERT INTO 旅游信息 (旅游时间, 旅游费用, 保险, 服务等级, 旅游合同, 旅游团_id, 顾客_身份证号, 旅游线路_id) VALUES ('March', 6033.67, '4', '4', NULL, 4, '1799324914', 5);

INSERT INTO 旅游信息 (旅游时间, 旅游费用, 保险, 服务等级, 旅游合同, 旅游团_id, 顾客_身份证号, 旅游线路_id) VALUES ('April', 5540.65, '5', '4', NULL, 4, '1613553178', 9);

INSERT INTO 旅游信息 (旅游时间, 旅游费用, 保险, 服务等级, 旅游合同, 旅游团_id, 顾客_身份证号, 旅游线路_id) VALUES ('February', 3153.8, '3', '4', NULL, 10, '1035555550', 5);

INSERT INTO 旅游信息 (旅游时间, 旅游费用, 保险, 服务等级, 旅游合同, 旅游团_id, 顾客_身份证号, 旅游线路_id) VALUES ('August', 8319.05, '3', '4', NULL, 3, '2111004059', 3);

INSERT INTO 旅游信息 (旅游时间, 旅游费用, 保险, 服务等级, 旅游合同, 旅游团_id, 顾客_身份证号, 旅游线路_id) VALUES ('August', 7376.31, '3', '4', NULL, 1, '1602151684', 9);

INSERT INTO 旅游信息 (旅游时间, 旅游费用, 保险, 服务等级, 旅游合同, 旅游团_id, 顾客_身份证号, 旅游线路_id) VALUES ('July', 9202.78, '1', '4', NULL, 2, '1695595395', 8);

INSERT INTO 旅游信息 (旅游时间, 旅游费用, 保险, 服务等级, 旅游合同, 旅游团_id, 顾客_身份证号, 旅游线路_id) VALUES ('March', 7194.24, '3', '4', NULL, 8, '1711690280', 2);

INSERT INTO 旅游信息 (旅游时间, 旅游费用, 保险, 服务等级, 旅游合同, 旅游团_id, 顾客_身份证号, 旅游线路_id) VALUES ('January', 5835.63, '4', '4', NULL, 5, '1945825956', 3);

INSERT INTO 旅游信息 (旅游时间, 旅游费用, 保险, 服务等级, 旅游合同, 旅游团_id, 顾客_身份证号, 旅游线路_id) VALUES ('September', 5377.43, '2', '4', NULL, 4, '2672359863', 7);

INSERT INTO 旅游信息 (旅游时间, 旅游费用, 保险, 服务等级, 旅游合同, 旅游团_id, 顾客_身份证号, 旅游线路_id) VALUES ('October', 8837.9, '4', '3', NULL, 6, '2760519256', 10);

INSERT INTO 旅游信息 (旅游时间, 旅游费用, 保险, 服务等级, 旅游合同, 旅游团_id, 顾客_身份证号, 旅游线路_id) VALUES ('April', 6397.52, '3', '3', NULL, 7, '2327607446', 4);

INSERT INTO 旅游信息 (旅游时间, 旅游费用, 保险, 服务等级, 旅游合同, 旅游团_id, 顾客_身份证号, 旅游线路_id) VALUES ('April', 4884.54, '2', '5', NULL, 4, '3036196039', 2);

INSERT INTO 旅游信息 (旅游时间, 旅游费用, 保险, 服务等级, 旅游合同, 旅游团_id, 顾客_身份证号, 旅游线路_id) VALUES ('April', 9572.01, '5', '3', NULL, 4, '1299183877', 4);

INSERT INTO 旅游信息 (旅游时间, 旅游费用, 保险, 服务等级, 旅游合同, 旅游团_id, 顾客_身份证号, 旅游线路_id) VALUES ('March', 6932.8, '1', '4', NULL, 4, '2319957004', 6);

INSERT INTO 旅游信息 (旅游时间, 旅游费用, 保险, 服务等级, 旅游合同, 旅游团_id, 顾客_身份证号, 旅游线路_id) VALUES ('March', 8414.23, '4', '4', NULL, 6, '1772718967', 6);

INSERT INTO 旅游信息 (旅游时间, 旅游费用, 保险, 服务等级, 旅游合同, 旅游团_id, 顾客_身份证号, 旅游线路_id) VALUES ('March', 5830.67, '3', '3', NULL, 3, '1299383328', 4);

INSERT INTO 旅游信息 (旅游时间, 旅游费用, 保险, 服务等级, 旅游合同, 旅游团_id, 顾客_身份证号, 旅游线路_id) VALUES ('June', 8342.2, '3', '3', NULL, 5, '1179019698', 8);

INSERT INTO 旅游信息 (旅游时间, 旅游费用, 保险, 服务等级, 旅游合同, 旅游团_id, 顾客_身份证号, 旅游线路_id) VALUES ('August', 6050.83, '5', '3', NULL, 5, '2298122553', 5);

INSERT INTO 旅游信息 (旅游时间, 旅游费用, 保险, 服务等级, 旅游合同, 旅游团_id, 顾客_身份证号, 旅游线路_id) VALUES ('April', 9368.5, '1', '3', NULL, 8, '2439885932', 6);

INSERT INTO 旅游信息 (旅游时间, 旅游费用, 保险, 服务等级, 旅游合同, 旅游团_id, 顾客_身份证号, 旅游线路_id) VALUES ('October', 3891.45, '1', '4', NULL, 7, '2769531204', 3);

INSERT INTO 旅游信息 (旅游时间, 旅游费用, 保险, 服务等级, 旅游合同, 旅游团_id, 顾客_身份证号, 旅游线路_id) VALUES ('March', 4805.24, '2', '4', NULL, 4, '2170717132', 10);

INSERT INTO 旅游信息 (旅游时间, 旅游费用, 保险, 服务等级, 旅游合同, 旅游团_id, 顾客_身份证号, 旅游线路_id) VALUES ('March', 5040.08, '5', '3', NULL, 7, '1695935705', 4);

INSERT INTO 旅游信息 (旅游时间, 旅游费用, 保险, 服务等级, 旅游合同, 旅游团_id, 顾客_身份证号, 旅游线路_id) VALUES ('September', 7712.46, '4', '4', NULL, 8, '1449742965', 7);

INSERT INTO 旅游信息 (旅游时间, 旅游费用, 保险, 服务等级, 旅游合同, 旅游团_id, 顾客_身份证号, 旅游线路_id) VALUES ('July', 6403.41, '4', '5', NULL, 4, '1207893154', 8);

INSERT INTO 旅游信息 (旅游时间, 旅游费用, 保险, 服务等级, 旅游合同, 旅游团_id, 顾客_身份证号, 旅游线路_id) VALUES ('April', 4811.13, '3', '5', NULL, 3, '2876439419', 8);

INSERT INTO 旅游信息 (旅游时间, 旅游费用, 保险, 服务等级, 旅游合同, 旅游团_id, 顾客_身份证号, 旅游线路_id) VALUES ('March', 9729.45, '4', '3', NULL, 2, '1074933336', 7);

INSERT INTO 旅游信息 (旅游时间, 旅游费用, 保险, 服务等级, 旅游合同, 旅游团_id, 顾客_身份证号, 旅游线路_id) VALUES ('April', 5110.68, '3', '4', NULL, 6, '1739288221', 8);

INSERT INTO 旅游信息 (旅游时间, 旅游费用, 保险, 服务等级, 旅游合同, 旅游团_id, 顾客_身份证号, 旅游线路_id) VALUES ('February', 4622.73, '2', '5', NULL, 7, '2212317069', 4);

INSERT INTO 旅游信息 (旅游时间, 旅游费用, 保险, 服务等级, 旅游合同, 旅游团_id, 顾客_身份证号, 旅游线路_id) VALUES ('May', 9559.13, '2', '5', NULL, 8, '1542379799', 3);

INSERT INTO 旅游信息 (旅游时间, 旅游费用, 保险, 服务等级, 旅游合同, 旅游团_id, 顾客_身份证号, 旅游线路_id) VALUES ('January', 3468.98, '3', '5', NULL, 2, '2015526339', 10);

INSERT INTO 旅游信息 (旅游时间, 旅游费用, 保险, 服务等级, 旅游合同, 旅游团_id, 顾客_身份证号, 旅游线路_id) VALUES ('June', 3761.3, '4', '4', NULL, 10, '2617824439', 6);

INSERT INTO 旅游信息 (旅游时间, 旅游费用, 保险, 服务等级, 旅游合同, 旅游团_id, 顾客_身份证号, 旅游线路_id) VALUES ('March', 5430.94, '5', '4', NULL, 1, '2542799250', 4);

INSERT INTO 旅游信息 (旅游时间, 旅游费用, 保险, 服务等级, 旅游合同, 旅游团_id, 顾客_身份证号, 旅游线路_id) VALUES ('April', 7654.3, '4', '5', NULL, 5, '1572415630', 9);

INSERT INTO 旅游信息 (旅游时间, 旅游费用, 保险, 服务等级, 旅游合同, 旅游团_id, 顾客_身份证号, 旅游线路_id) VALUES ('March', 8408.17, '3', '5', NULL, 7, '2760519256', 6);

INSERT INTO 旅游信息 (旅游时间, 旅游费用, 保险, 服务等级, 旅游合同, 旅游团_id, 顾客_身份证号, 旅游线路_id) VALUES ('September', 7951.34, '4', '4', NULL, 9, '3089915047', 3);

INSERT INTO 旅游信息 (旅游时间, 旅游费用, 保险, 服务等级, 旅游合同, 旅游团_id, 顾客_身份证号, 旅游线路_id) VALUES ('January', 8661.98, '4', '5', NULL, 8, '1253183280', 3);

INSERT INTO 旅游信息 (旅游时间, 旅游费用, 保险, 服务等级, 旅游合同, 旅游团_id, 顾客_身份证号, 旅游线路_id) VALUES ('October', 5750.32, '4', '4', NULL, 10, '2130269549', 9);

INSERT INTO 旅游信息 (旅游时间, 旅游费用, 保险, 服务等级, 旅游合同, 旅游团_id, 顾客_身份证号, 旅游线路_id) VALUES ('March', 9254.26, '5', '4', NULL, 2, '1453082921', 6);

INSERT INTO 旅游信息 (旅游时间, 旅游费用, 保险, 服务等级, 旅游合同, 旅游团_id, 顾客_身份证号, 旅游线路_id) VALUES ('February', 8420.29, '3', '3', NULL, 3, '2613637286', 8);

INSERT INTO 旅游信息 (旅游时间, 旅游费用, 保险, 服务等级, 旅游合同, 旅游团_id, 顾客_身份证号, 旅游线路_id) VALUES ('February', 9342.3, '4', '4', NULL, 8, '2015526339', 5);

INSERT INTO 旅游信息 (旅游时间, 旅游费用, 保险, 服务等级, 旅游合同, 旅游团_id, 顾客_身份证号, 旅游线路_id) VALUES ('September', 4185.39, '2', '5', NULL, 9, '2068575247', 9);

INSERT INTO 旅游信息 (旅游时间, 旅游费用, 保险, 服务等级, 旅游合同, 旅游团_id, 顾客_身份证号, 旅游线路_id) VALUES ('August', 5861.39, '4', '5', NULL, 5, '2177101478', 5);

INSERT INTO 旅游信息 (旅游时间, 旅游费用, 保险, 服务等级, 旅游合同, 旅游团_id, 顾客_身份证号, 旅游线路_id) VALUES ('May', 6959.31, '3', '5', NULL, 3, '2211949624', 5);

INSERT INTO 旅游信息 (旅游时间, 旅游费用, 保险, 服务等级, 旅游合同, 旅游团_id, 顾客_身份证号, 旅游线路_id) VALUES ('June', 8763.08, '5', '5', NULL, 2, '2003372061', 3);

INSERT INTO 旅游信息 (旅游时间, 旅游费用, 保险, 服务等级, 旅游合同, 旅游团_id, 顾客_身份证号, 旅游线路_id) VALUES ('January', 6843.58, '3', '5', NULL, 7, '2744778863', 4);

INSERT INTO 旅游信息 (旅游时间, 旅游费用, 保险, 服务等级, 旅游合同, 旅游团_id, 顾客_身份证号, 旅游线路_id) VALUES ('March', 7916.33, '4', '3', NULL, 7, '2095575373', 5);

INSERT INTO 旅游信息 (旅游时间, 旅游费用, 保险, 服务等级, 旅游合同, 旅游团_id, 顾客_身份证号, 旅游线路_id) VALUES ('July', 4983.72, '5', '5', NULL, 3, '3129374615', 7);

INSERT INTO 旅游信息 (旅游时间, 旅游费用, 保险, 服务等级, 旅游合同, 旅游团_id, 顾客_身份证号, 旅游线路_id) VALUES ('April', 9969.82, '2', '5', NULL, 9, '1748333109', 3);

INSERT INTO 旅游信息 (旅游时间, 旅游费用, 保险, 服务等级, 旅游合同, 旅游团_id, 顾客_身份证号, 旅游线路_id) VALUES ('July', 7019.6, '3', '4', NULL, 4, '2983337533', 8);

INSERT INTO 旅游信息 (旅游时间, 旅游费用, 保险, 服务等级, 旅游合同, 旅游团_id, 顾客_身份证号, 旅游线路_id) VALUES ('March', 8136.21, '4', '5', NULL, 1, '3118793059', 9);

INSERT INTO 旅游信息 (旅游时间, 旅游费用, 保险, 服务等级, 旅游合同, 旅游团_id, 顾客_身份证号, 旅游线路_id) VALUES ('March', 3055.98, '5', '4', NULL, 6, '2492646876', 1);

INSERT INTO 旅游信息 (旅游时间, 旅游费用, 保险, 服务等级, 旅游合同, 旅游团_id, 顾客_身份证号, 旅游线路_id) VALUES ('October', 9935.71, '4', '4', NULL, 7, '1810981996', 10);

INSERT INTO 旅游信息 (旅游时间, 旅游费用, 保险, 服务等级, 旅游合同, 旅游团_id, 顾客_身份证号, 旅游线路_id) VALUES ('May', 8437.56, '5', '5', NULL, 4, '2483250944', 8);

INSERT INTO 旅游信息 (旅游时间, 旅游费用, 保险, 服务等级, 旅游合同, 旅游团_id, 顾客_身份证号, 旅游线路_id) VALUES ('January', 3956.85, '4', '4', NULL, 2, '2279551667', 10);

INSERT INTO 旅游信息 (旅游时间, 旅游费用, 保险, 服务等级, 旅游合同, 旅游团_id, 顾客_身份证号, 旅游线路_id) VALUES ('March', 5112.19, '4', '3', NULL, 3, '2573145170', 5);

INSERT INTO 旅游信息 (旅游时间, 旅游费用, 保险, 服务等级, 旅游合同, 旅游团_id, 顾客_身份证号, 旅游线路_id) VALUES ('May', 7832.06, '2', '4', NULL, 2, '2380230681', 6);

INSERT INTO 旅游信息 (旅游时间, 旅游费用, 保险, 服务等级, 旅游合同, 旅游团_id, 顾客_身份证号, 旅游线路_id) VALUES ('September', 6438.25, '3', '3', NULL, 4, '1405974098', 4);

INSERT INTO 旅游信息 (旅游时间, 旅游费用, 保险, 服务等级, 旅游合同, 旅游团_id, 顾客_身份证号, 旅游线路_id) VALUES ('May', 4967.15, '1', '4', NULL, 5, '1748333109', 7);

INSERT INTO 旅游信息 (旅游时间, 旅游费用, 保险, 服务等级, 旅游合同, 旅游团_id, 顾客_身份证号, 旅游线路_id) VALUES ('August', 5776.44, '2', '5', NULL, 8, '2132288368', 2);

INSERT INTO 旅游信息 (旅游时间, 旅游费用, 保险, 服务等级, 旅游合同, 旅游团_id, 顾客_身份证号, 旅游线路_id) VALUES ('June', 6642.57, '1', '3', NULL, 5, '1706470632', 10);

INSERT INTO 旅游信息 (旅游时间, 旅游费用, 保险, 服务等级, 旅游合同, 旅游团_id, 顾客_身份证号, 旅游线路_id) VALUES ('April', 6447.96, '2', '5', NULL, 6, '2186139973', 6);

INSERT INTO 旅游信息 (旅游时间, 旅游费用, 保险, 服务等级, 旅游合同, 旅游团_id, 顾客_身份证号, 旅游线路_id) VALUES ('January', 5844.05, '2', '4', NULL, 3, '2439885932', 2);

INSERT INTO 旅游信息 (旅游时间, 旅游费用, 保险, 服务等级, 旅游合同, 旅游团_id, 顾客_身份证号, 旅游线路_id) VALUES ('February', 5083.38, '3', '4', NULL, 8, '2753305298', 3);

INSERT INTO 旅游信息 (旅游时间, 旅游费用, 保险, 服务等级, 旅游合同, 旅游团_id, 顾客_身份证号, 旅游线路_id) VALUES ('February', 8024.5, '4', '4', NULL, 4, '3002393598', 7);

INSERT INTO 旅游信息 (旅游时间, 旅游费用, 保险, 服务等级, 旅游合同, 旅游团_id, 顾客_身份证号, 旅游线路_id) VALUES ('August', 5886.05, '3', '4', NULL, 7, '2131461895', 6);

INSERT INTO 旅游信息 (旅游时间, 旅游费用, 保险, 服务等级, 旅游合同, 旅游团_id, 顾客_身份证号, 旅游线路_id) VALUES ('January', 9259.18, '2', '4', NULL, 9, '1657422775', 4);

INSERT INTO 旅游信息 (旅游时间, 旅游费用, 保险, 服务等级, 旅游合同, 旅游团_id, 顾客_身份证号, 旅游线路_id) VALUES ('June', 6670.04, '4', '5', NULL, 5, '1828420942', 5);

INSERT INTO 旅游信息 (旅游时间, 旅游费用, 保险, 服务等级, 旅游合同, 旅游团_id, 顾客_身份证号, 旅游线路_id) VALUES ('May', 8699.49, '3', '4', NULL, 2, '2872596719', 6);

INSERT INTO 旅游信息 (旅游时间, 旅游费用, 保险, 服务等级, 旅游合同, 旅游团_id, 顾客_身份证号, 旅游线路_id) VALUES ('May', 5044.28, '1', '4', NULL, 6, '1528629764', 4);

INSERT INTO 旅游信息 (旅游时间, 旅游费用, 保险, 服务等级, 旅游合同, 旅游团_id, 顾客_身份证号, 旅游线路_id) VALUES ('April', 9630.05, '3', '3', NULL, 6, '2435960942', 3);

INSERT INTO 旅游信息 (旅游时间, 旅游费用, 保险, 服务等级, 旅游合同, 旅游团_id, 顾客_身份证号, 旅游线路_id) VALUES ('October', 4847.38, '5', '4', NULL, 7, '2779898237', 9);

INSERT INTO 旅游信息 (旅游时间, 旅游费用, 保险, 服务等级, 旅游合同, 旅游团_id, 顾客_身份证号, 旅游线路_id) VALUES ('January', 5079.12, '3', '4', NULL, 9, '2588633093', 1);

INSERT INTO 旅游信息 (旅游时间, 旅游费用, 保险, 服务等级, 旅游合同, 旅游团_id, 顾客_身份证号, 旅游线路_id) VALUES ('May', 5506.62, '4', '4', NULL, 1, '2955834599', 3);

INSERT INTO 旅游信息 (旅游时间, 旅游费用, 保险, 服务等级, 旅游合同, 旅游团_id, 顾客_身份证号, 旅游线路_id) VALUES ('February', 6732.93, '3', '5', NULL, 6, '1348565977', 10);

INSERT INTO 旅游信息 (旅游时间, 旅游费用, 保险, 服务等级, 旅游合同, 旅游团_id, 顾客_身份证号, 旅游线路_id) VALUES ('May', 9480.41, '2', '4', NULL, 8, '2344595336', 9);

INSERT INTO 旅游信息 (旅游时间, 旅游费用, 保险, 服务等级, 旅游合同, 旅游团_id, 顾客_身份证号, 旅游线路_id) VALUES ('October', 6640.68, '2', '3', NULL, 7, '1235486039', 8);

INSERT INTO 旅游信息 (旅游时间, 旅游费用, 保险, 服务等级, 旅游合同, 旅游团_id, 顾客_身份证号, 旅游线路_id) VALUES ('April', 3342.88, '2', '5', NULL, 3, '3130137749', 1);

INSERT INTO 旅游信息 (旅游时间, 旅游费用, 保险, 服务等级, 旅游合同, 旅游团_id, 顾客_身份证号, 旅游线路_id) VALUES ('May', 5775.01, '4', '3', NULL, 3, '1863683888', 4);

INSERT INTO 旅游信息 (旅游时间, 旅游费用, 保险, 服务等级, 旅游合同, 旅游团_id, 顾客_身份证号, 旅游线路_id) VALUES ('October', 7100.97, '4', '4', NULL, 9, '2380385482', 8);

INSERT INTO 旅游信息 (旅游时间, 旅游费用, 保险, 服务等级, 旅游合同, 旅游团_id, 顾客_身份证号, 旅游线路_id) VALUES ('March', 4082.98, '5', '4', NULL, 6, '2588170538', 7);

INSERT INTO 旅游信息 (旅游时间, 旅游费用, 保险, 服务等级, 旅游合同, 旅游团_id, 顾客_身份证号, 旅游线路_id) VALUES ('April', 6889.32, '4', '5', NULL, 2, '2501416165', 2);

INSERT INTO 旅游信息 (旅游时间, 旅游费用, 保险, 服务等级, 旅游合同, 旅游团_id, 顾客_身份证号, 旅游线路_id) VALUES ('March', 3868.49, '3', '5', NULL, 6, '1869425884', 1);

INSERT INTO 旅游信息 (旅游时间, 旅游费用, 保险, 服务等级, 旅游合同, 旅游团_id, 顾客_身份证号, 旅游线路_id) VALUES ('August', 6769.15, '4', '5', NULL, 6, '2470879117', 7);

INSERT INTO 旅游信息 (旅游时间, 旅游费用, 保险, 服务等级, 旅游合同, 旅游团_id, 顾客_身份证号, 旅游线路_id) VALUES ('September', 5494.57, '4', '4', NULL, 5, '2957746668', 5);

INSERT INTO 旅游信息 (旅游时间, 旅游费用, 保险, 服务等级, 旅游合同, 旅游团_id, 顾客_身份证号, 旅游线路_id) VALUES ('January', 9854.1, '3', '5', NULL, 4, '1805220441', 3);

INSERT INTO 旅游信息 (旅游时间, 旅游费用, 保险, 服务等级, 旅游合同, 旅游团_id, 顾客_身份证号, 旅游线路_id) VALUES ('April', 6249.84, '4', '5', NULL, 6, '1669722854', 8);

INSERT INTO 旅游信息 (旅游时间, 旅游费用, 保险, 服务等级, 旅游合同, 旅游团_id, 顾客_身份证号, 旅游线路_id) VALUES ('March', 5808.95, '4', '5', NULL, 4, '1254990179', 9);

INSERT INTO 旅游信息 (旅游时间, 旅游费用, 保险, 服务等级, 旅游合同, 旅游团_id, 顾客_身份证号, 旅游线路_id) VALUES ('August', 5558.42, '3', '5', NULL, 6, '1444198228', 6);

INSERT INTO 旅游信息 (旅游时间, 旅游费用, 保险, 服务等级, 旅游合同, 旅游团_id, 顾客_身份证号, 旅游线路_id) VALUES ('September', 6077.8, '4', '5', NULL, 1, '2914061870', 9);

INSERT INTO 旅游信息 (旅游时间, 旅游费用, 保险, 服务等级, 旅游合同, 旅游团_id, 顾客_身份证号, 旅游线路_id) VALUES ('January', 4305.7, '5', '5', NULL, 6, '1138237033', 3);

INSERT INTO 旅游信息 (旅游时间, 旅游费用, 保险, 服务等级, 旅游合同, 旅游团_id, 顾客_身份证号, 旅游线路_id) VALUES ('January', 3798.34, '4', '3', NULL, 4, '2731256401', 2);

INSERT INTO 旅游信息 (旅游时间, 旅游费用, 保险, 服务等级, 旅游合同, 旅游团_id, 顾客_身份证号, 旅游线路_id) VALUES ('June', 8853.68, '4', '5', NULL, 2, '1857410820', 3);

INSERT INTO 旅游信息 (旅游时间, 旅游费用, 保险, 服务等级, 旅游合同, 旅游团_id, 顾客_身份证号, 旅游线路_id) VALUES ('March', 3315.04, '5', '4', NULL, 6, '1777863626', 7);

INSERT INTO 旅游信息 (旅游时间, 旅游费用, 保险, 服务等级, 旅游合同, 旅游团_id, 顾客_身份证号, 旅游线路_id) VALUES ('May', 4036.59, '2', '4', NULL, 7, '2988711805', 3);

INSERT INTO 旅游信息 (旅游时间, 旅游费用, 保险, 服务等级, 旅游合同, 旅游团_id, 顾客_身份证号, 旅游线路_id) VALUES ('February', 4794.06, '4', '5', NULL, 3, '1495643735', 2);

INSERT INTO 旅游信息 (旅游时间, 旅游费用, 保险, 服务等级, 旅游合同, 旅游团_id, 顾客_身份证号, 旅游线路_id) VALUES ('April', 9825.03, '3', '5', NULL, 1, '2983337533', 5);

INSERT INTO 旅游信息 (旅游时间, 旅游费用, 保险, 服务等级, 旅游合同, 旅游团_id, 顾客_身份证号, 旅游线路_id) VALUES ('May', 9867.94, '2', '4', NULL, 9, '2691967593', 10);

INSERT INTO 旅游信息 (旅游时间, 旅游费用, 保险, 服务等级, 旅游合同, 旅游团_id, 顾客_身份证号, 旅游线路_id) VALUES ('April', 9217.5, '4', '4', NULL, 3, '2701062420', 4);

INSERT INTO 旅游信息 (旅游时间, 旅游费用, 保险, 服务等级, 旅游合同, 旅游团_id, 顾客_身份证号, 旅游线路_id) VALUES ('October', 9647.9, '3', '3', NULL, 2, '2378989398', 7);

INSERT INTO 旅游信息 (旅游时间, 旅游费用, 保险, 服务等级, 旅游合同, 旅游团_id, 顾客_身份证号, 旅游线路_id) VALUES ('January', 8621.32, '2', '3', NULL, 3, '1576351044', 1);

INSERT INTO 旅游信息 (旅游时间, 旅游费用, 保险, 服务等级, 旅游合同, 旅游团_id, 顾客_身份证号, 旅游线路_id) VALUES ('September', 5879.06, '4', '3', NULL, 7, '1189765576', 2);

INSERT INTO 旅游信息 (旅游时间, 旅游费用, 保险, 服务等级, 旅游合同, 旅游团_id, 顾客_身份证号, 旅游线路_id) VALUES ('May', 9561.26, '4', '5', NULL, 7, '2296360531', 4);

INSERT INTO 旅游信息 (旅游时间, 旅游费用, 保险, 服务等级, 旅游合同, 旅游团_id, 顾客_身份证号, 旅游线路_id) VALUES ('February', 6369.17, '1', '3', NULL, 10, '1470870199', 2);

INSERT INTO 旅游信息 (旅游时间, 旅游费用, 保险, 服务等级, 旅游合同, 旅游团_id, 顾客_身份证号, 旅游线路_id) VALUES ('May', 8570.44, '1', '5', NULL, 9, '2288705682', 4);

INSERT INTO 旅游信息 (旅游时间, 旅游费用, 保险, 服务等级, 旅游合同, 旅游团_id, 顾客_身份证号, 旅游线路_id) VALUES ('July', 6585.88, '3', '3', NULL, 6, '1583412294', 6);

INSERT INTO 旅游信息 (旅游时间, 旅游费用, 保险, 服务等级, 旅游合同, 旅游团_id, 顾客_身份证号, 旅游线路_id) VALUES ('September', 9101.68, '3', '4', NULL, 7, '1049225981', 6);

INSERT INTO 旅游信息 (旅游时间, 旅游费用, 保险, 服务等级, 旅游合同, 旅游团_id, 顾客_身份证号, 旅游线路_id) VALUES ('September', 9011.08, '3', '4', NULL, 5, '1703819610', 9);

INSERT INTO 旅游信息 (旅游时间, 旅游费用, 保险, 服务等级, 旅游合同, 旅游团_id, 顾客_身份证号, 旅游线路_id) VALUES ('April', 8418.04, '2', '3', NULL, 4, '2893081288', 2);

INSERT INTO 旅游信息 (旅游时间, 旅游费用, 保险, 服务等级, 旅游合同, 旅游团_id, 顾客_身份证号, 旅游线路_id) VALUES ('September', 7499.29, '5', '3', NULL, 3, '2658014152', 10);

INSERT INTO 旅游信息 (旅游时间, 旅游费用, 保险, 服务等级, 旅游合同, 旅游团_id, 顾客_身份证号, 旅游线路_id) VALUES ('October', 3582.23, '3', '3', NULL, 5, '3058792325', 8);

INSERT INTO 旅游信息 (旅游时间, 旅游费用, 保险, 服务等级, 旅游合同, 旅游团_id, 顾客_身份证号, 旅游线路_id) VALUES ('May', 6067.05, '5', '4', NULL, 6, '1039800029', 2);

INSERT INTO 旅游信息 (旅游时间, 旅游费用, 保险, 服务等级, 旅游合同, 旅游团_id, 顾客_身份证号, 旅游线路_id) VALUES ('October', 3471.28, '2', '5', NULL, 1, '2070283788', 6);

INSERT INTO 旅游信息 (旅游时间, 旅游费用, 保险, 服务等级, 旅游合同, 旅游团_id, 顾客_身份证号, 旅游线路_id) VALUES ('March', 9951.88, '2', '4', NULL, 3, '2405600529', 6);

INSERT INTO 旅游信息 (旅游时间, 旅游费用, 保险, 服务等级, 旅游合同, 旅游团_id, 顾客_身份证号, 旅游线路_id) VALUES ('March', 5582.99, '1', '4', NULL, 6, '2237574702', 2);

INSERT INTO 旅游信息 (旅游时间, 旅游费用, 保险, 服务等级, 旅游合同, 旅游团_id, 顾客_身份证号, 旅游线路_id) VALUES ('March', 9131.2, '4', '4', NULL, 6, '2744466873', 2);

INSERT INTO 旅游信息 (旅游时间, 旅游费用, 保险, 服务等级, 旅游合同, 旅游团_id, 顾客_身份证号, 旅游线路_id) VALUES ('January', 3305.92, '1', '4', NULL, 10, '2146535345', 4);

INSERT INTO 旅游信息 (旅游时间, 旅游费用, 保险, 服务等级, 旅游合同, 旅游团_id, 顾客_身份证号, 旅游线路_id) VALUES ('October', 7167.73, '3', '5', NULL, 8, '1813245202', 5);

INSERT INTO 旅游信息 (旅游时间, 旅游费用, 保险, 服务等级, 旅游合同, 旅游团_id, 顾客_身份证号, 旅游线路_id) VALUES ('June', 3503.33, '5', '4', NULL, 7, '2910335954', 5);

INSERT INTO 旅游信息 (旅游时间, 旅游费用, 保险, 服务等级, 旅游合同, 旅游团_id, 顾客_身份证号, 旅游线路_id) VALUES ('October', 3890.1, '4', '5', NULL, 2, '1510692686', 2);

INSERT INTO 旅游信息 (旅游时间, 旅游费用, 保险, 服务等级, 旅游合同, 旅游团_id, 顾客_身份证号, 旅游线路_id) VALUES ('July', 6420.28, '1', '4', NULL, 10, '1405974098', 2);

INSERT INTO 旅游信息 (旅游时间, 旅游费用, 保险, 服务等级, 旅游合同, 旅游团_id, 顾客_身份证号, 旅游线路_id) VALUES ('August', 6229.66, '3', '5', NULL, 6, '3107425624', 8);

INSERT INTO 旅游信息 (旅游时间, 旅游费用, 保险, 服务等级, 旅游合同, 旅游团_id, 顾客_身份证号, 旅游线路_id) VALUES ('July', 6621.8, '3', '4', NULL, 3, '2889052132', 3);

INSERT INTO 旅游信息 (旅游时间, 旅游费用, 保险, 服务等级, 旅游合同, 旅游团_id, 顾客_身份证号, 旅游线路_id) VALUES ('June', 6552.03, '1', '5', NULL, 2, '1987473551', 2);

INSERT INTO 旅游信息 (旅游时间, 旅游费用, 保险, 服务等级, 旅游合同, 旅游团_id, 顾客_身份证号, 旅游线路_id) VALUES ('October', 8164.65, '2', '3', NULL, 6, '1193001222', 2);

INSERT INTO 旅游信息 (旅游时间, 旅游费用, 保险, 服务等级, 旅游合同, 旅游团_id, 顾客_身份证号, 旅游线路_id) VALUES ('June', 4889.21, '2', '5', NULL, 3, '2991981430', 1);

INSERT INTO 旅游信息 (旅游时间, 旅游费用, 保险, 服务等级, 旅游合同, 旅游团_id, 顾客_身份证号, 旅游线路_id) VALUES ('June', 6932.22, '3', '4', NULL, 2, '2485139331', 8);

INSERT INTO 旅游信息 (旅游时间, 旅游费用, 保险, 服务等级, 旅游合同, 旅游团_id, 顾客_身份证号, 旅游线路_id) VALUES ('April', 9753.1, '3', '4', NULL, 9, '2560776014', 5);

INSERT INTO 旅游信息 (旅游时间, 旅游费用, 保险, 服务等级, 旅游合同, 旅游团_id, 顾客_身份证号, 旅游线路_id) VALUES ('April', 8070.93, '3', '4', NULL, 4, '2602743212', 3);

INSERT INTO 旅游信息 (旅游时间, 旅游费用, 保险, 服务等级, 旅游合同, 旅游团_id, 顾客_身份证号, 旅游线路_id) VALUES ('February', 9255.41, '1', '5', NULL, 1, '1915794627', 6);

INSERT INTO 旅游信息 (旅游时间, 旅游费用, 保险, 服务等级, 旅游合同, 旅游团_id, 顾客_身份证号, 旅游线路_id) VALUES ('March', 7719.35, '3', '4', NULL, 5, '1470870199', 7);

INSERT INTO 旅游信息 (旅游时间, 旅游费用, 保险, 服务等级, 旅游合同, 旅游团_id, 顾客_身份证号, 旅游线路_id) VALUES ('April', 4588.33, '2', '5', NULL, 4, '1376937463', 2);

INSERT INTO 旅游信息 (旅游时间, 旅游费用, 保险, 服务等级, 旅游合同, 旅游团_id, 顾客_身份证号, 旅游线路_id) VALUES ('February', 9884.21, '5', '4', NULL, 2, '1702257732', 8);

INSERT INTO 旅游信息 (旅游时间, 旅游费用, 保险, 服务等级, 旅游合同, 旅游团_id, 顾客_身份证号, 旅游线路_id) VALUES ('August', 6021.54, '2', '3', NULL, 3, '2605038465', 3);

INSERT INTO 旅游信息 (旅游时间, 旅游费用, 保险, 服务等级, 旅游合同, 旅游团_id, 顾客_身份证号, 旅游线路_id) VALUES ('March', 8716.23, '1', '3', NULL, 4, '2364201335', 4);

INSERT INTO 旅游信息 (旅游时间, 旅游费用, 保险, 服务等级, 旅游合同, 旅游团_id, 顾客_身份证号, 旅游线路_id) VALUES ('June', 9077.08, '3', '3', NULL, 4, '2888976928', 9);

INSERT INTO 旅游信息 (旅游时间, 旅游费用, 保险, 服务等级, 旅游合同, 旅游团_id, 顾客_身份证号, 旅游线路_id) VALUES ('May', 4386.07, '4', '4', NULL, 7, '1837204475', 4);

INSERT INTO 旅游信息 (旅游时间, 旅游费用, 保险, 服务等级, 旅游合同, 旅游团_id, 顾客_身份证号, 旅游线路_id) VALUES ('July', 5881.76, '2', '4', NULL, 3, '2044269317', 7);

INSERT INTO 旅游信息 (旅游时间, 旅游费用, 保险, 服务等级, 旅游合同, 旅游团_id, 顾客_身份证号, 旅游线路_id) VALUES ('August', 4458.39, '3', '4', NULL, 4, '3056777928', 3);

INSERT INTO 旅游信息 (旅游时间, 旅游费用, 保险, 服务等级, 旅游合同, 旅游团_id, 顾客_身份证号, 旅游线路_id) VALUES ('October', 7498.41, '4', '4', NULL, 2, '3058792325', 9);

INSERT INTO 旅游信息 (旅游时间, 旅游费用, 保险, 服务等级, 旅游合同, 旅游团_id, 顾客_身份证号, 旅游线路_id) VALUES ('June', 7927.95, '4', '5', NULL, 5, '1083940560', 5);

INSERT INTO 旅游信息 (旅游时间, 旅游费用, 保险, 服务等级, 旅游合同, 旅游团_id, 顾客_身份证号, 旅游线路_id) VALUES ('May', 9976.62, '2', '5', NULL, 7, '2762154633', 6);

INSERT INTO 旅游信息 (旅游时间, 旅游费用, 保险, 服务等级, 旅游合同, 旅游团_id, 顾客_身份证号, 旅游线路_id) VALUES ('August', 6393.81, '1', '4', NULL, 6, '2861148229', 4);

INSERT INTO 旅游信息 (旅游时间, 旅游费用, 保险, 服务等级, 旅游合同, 旅游团_id, 顾客_身份证号, 旅游线路_id) VALUES ('April', 4262.28, '4', '3', NULL, 8, '2776102204', 8);

INSERT INTO 旅游信息 (旅游时间, 旅游费用, 保险, 服务等级, 旅游合同, 旅游团_id, 顾客_身份证号, 旅游线路_id) VALUES ('October', 8615.9, '2', '4', NULL, 8, '3077616843', 5);

INSERT INTO 旅游信息 (旅游时间, 旅游费用, 保险, 服务等级, 旅游合同, 旅游团_id, 顾客_身份证号, 旅游线路_id) VALUES ('January', 3614.72, '5', '4', NULL, 3, '1406104264', 8);

INSERT INTO 旅游信息 (旅游时间, 旅游费用, 保险, 服务等级, 旅游合同, 旅游团_id, 顾客_身份证号, 旅游线路_id) VALUES ('September', 7675.79, '3', '5', NULL, 1, '2317028417', 1);

INSERT INTO 旅游信息 (旅游时间, 旅游费用, 保险, 服务等级, 旅游合同, 旅游团_id, 顾客_身份证号, 旅游线路_id) VALUES ('June', 6995.28, '4', '4', NULL, 5, '1308602472', 6);

INSERT INTO 旅游信息 (旅游时间, 旅游费用, 保险, 服务等级, 旅游合同, 旅游团_id, 顾客_身份证号, 旅游线路_id) VALUES ('April', 3914.23, '2', '3', NULL, 2, '1805220441', 3);

INSERT INTO 旅游信息 (旅游时间, 旅游费用, 保险, 服务等级, 旅游合同, 旅游团_id, 顾客_身份证号, 旅游线路_id) VALUES ('January', 5674.92, '3', '5', NULL, 3, '1049225981', 1);

INSERT INTO 旅游信息 (旅游时间, 旅游费用, 保险, 服务等级, 旅游合同, 旅游团_id, 顾客_身份证号, 旅游线路_id) VALUES ('April', 8128.33, '4', '3', NULL, 5, '2665053289', 4);

INSERT INTO 旅游信息 (旅游时间, 旅游费用, 保险, 服务等级, 旅游合同, 旅游团_id, 顾客_身份证号, 旅游线路_id) VALUES ('June', 8594.18, '2', '4', NULL, 6, '2183691141', 2);

INSERT INTO 旅游信息 (旅游时间, 旅游费用, 保险, 服务等级, 旅游合同, 旅游团_id, 顾客_身份证号, 旅游线路_id) VALUES ('March', 5031.91, '2', '4', NULL, 9, '2086214333', 5);

INSERT INTO 旅游信息 (旅游时间, 旅游费用, 保险, 服务等级, 旅游合同, 旅游团_id, 顾客_身份证号, 旅游线路_id) VALUES ('February', 6809.29, '3', '5', NULL, 6, '2211949624', 6);

INSERT INTO 旅游信息 (旅游时间, 旅游费用, 保险, 服务等级, 旅游合同, 旅游团_id, 顾客_身份证号, 旅游线路_id) VALUES ('June', 4816.03, '3', '4', NULL, 9, '2538727121', 4);

INSERT INTO 旅游信息 (旅游时间, 旅游费用, 保险, 服务等级, 旅游合同, 旅游团_id, 顾客_身份证号, 旅游线路_id) VALUES ('July', 7823.44, '4', '4', NULL, 9, '2198068646', 9);

INSERT INTO 旅游信息 (旅游时间, 旅游费用, 保险, 服务等级, 旅游合同, 旅游团_id, 顾客_身份证号, 旅游线路_id) VALUES ('October', 8421.62, '5', '4', NULL, 6, '2538727121', 2);

INSERT INTO 旅游信息 (旅游时间, 旅游费用, 保险, 服务等级, 旅游合同, 旅游团_id, 顾客_身份证号, 旅游线路_id) VALUES ('June', 7738.97, '2', '3', NULL, 9, '2629388479', 6);

INSERT INTO 旅游信息 (旅游时间, 旅游费用, 保险, 服务等级, 旅游合同, 旅游团_id, 顾客_身份证号, 旅游线路_id) VALUES ('February', 5161.61, '1', '4', NULL, 6, '2247641109', 9);

INSERT INTO 旅游信息 (旅游时间, 旅游费用, 保险, 服务等级, 旅游合同, 旅游团_id, 顾客_身份证号, 旅游线路_id) VALUES ('January', 4885.48, '3', '5', NULL, 8, '1790070732', 10);

INSERT INTO 旅游信息 (旅游时间, 旅游费用, 保险, 服务等级, 旅游合同, 旅游团_id, 顾客_身份证号, 旅游线路_id) VALUES ('March', 7719.22, '1', '4', NULL, 3, '1449742965', 4);

INSERT INTO 旅游信息 (旅游时间, 旅游费用, 保险, 服务等级, 旅游合同, 旅游团_id, 顾客_身份证号, 旅游线路_id) VALUES ('August', 3381.27, '2', '3', NULL, 2, '2439285648', 5);

INSERT INTO 旅游信息 (旅游时间, 旅游费用, 保险, 服务等级, 旅游合同, 旅游团_id, 顾客_身份证号, 旅游线路_id) VALUES ('September', 8505.1, '3', '3', NULL, 2, '1514582016', 3);

INSERT INTO 旅游信息 (旅游时间, 旅游费用, 保险, 服务等级, 旅游合同, 旅游团_id, 顾客_身份证号, 旅游线路_id) VALUES ('October', 5215.27, '4', '5', NULL, 5, '2535160397', 9);

INSERT INTO 旅游信息 (旅游时间, 旅游费用, 保险, 服务等级, 旅游合同, 旅游团_id, 顾客_身份证号, 旅游线路_id) VALUES ('August', 3775.33, '4', '5', NULL, 7, '1718504956', 7);

INSERT INTO 旅游信息 (旅游时间, 旅游费用, 保险, 服务等级, 旅游合同, 旅游团_id, 顾客_身份证号, 旅游线路_id) VALUES ('March', 9908.3, '3', '4', NULL, 6, '2642077827', 5);

INSERT INTO 旅游信息 (旅游时间, 旅游费用, 保险, 服务等级, 旅游合同, 旅游团_id, 顾客_身份证号, 旅游线路_id) VALUES ('June', 9363.24, '3', '3', NULL, 7, '1632849886', 7);

INSERT INTO 旅游信息 (旅游时间, 旅游费用, 保险, 服务等级, 旅游合同, 旅游团_id, 顾客_身份证号, 旅游线路_id) VALUES ('May', 5046.27, '4', '5', NULL, 9, '1670856934', 2);

INSERT INTO 旅游信息 (旅游时间, 旅游费用, 保险, 服务等级, 旅游合同, 旅游团_id, 顾客_身份证号, 旅游线路_id) VALUES ('May', 8578.01, '4', '4', NULL, 8, '2277704036', 4);

INSERT INTO 旅游信息 (旅游时间, 旅游费用, 保险, 服务等级, 旅游合同, 旅游团_id, 顾客_身份证号, 旅游线路_id) VALUES ('January', 6578.98, '4', '3', NULL, 5, '2078970944', 9);

INSERT INTO 旅游信息 (旅游时间, 旅游费用, 保险, 服务等级, 旅游合同, 旅游团_id, 顾客_身份证号, 旅游线路_id) VALUES ('June', 9124.43, '5', '5', NULL, 6, '2684230697', 6);

INSERT INTO 旅游信息 (旅游时间, 旅游费用, 保险, 服务等级, 旅游合同, 旅游团_id, 顾客_身份证号, 旅游线路_id) VALUES ('March', 4501.88, '1', '4', NULL, 3, '2380385482', 3);

INSERT INTO 旅游信息 (旅游时间, 旅游费用, 保险, 服务等级, 旅游合同, 旅游团_id, 顾客_身份证号, 旅游线路_id) VALUES ('September', 8892.92, '1', '5', NULL, 6, '1259040497', 9);

INSERT INTO 旅游信息 (旅游时间, 旅游费用, 保险, 服务等级, 旅游合同, 旅游团_id, 顾客_身份证号, 旅游线路_id) VALUES ('January', 3874.53, '4', '4', NULL, 10, '2300497811', 2);

INSERT INTO 旅游信息 (旅游时间, 旅游费用, 保险, 服务等级, 旅游合同, 旅游团_id, 顾客_身份证号, 旅游线路_id) VALUES ('September', 9849.24, '5', '4', NULL, 7, '2166828358', 6);

INSERT INTO 旅游信息 (旅游时间, 旅游费用, 保险, 服务等级, 旅游合同, 旅游团_id, 顾客_身份证号, 旅游线路_id) VALUES ('May', 4726.39, '4', '4', NULL, 2, '2399184017', 4);

INSERT INTO 旅游信息 (旅游时间, 旅游费用, 保险, 服务等级, 旅游合同, 旅游团_id, 顾客_身份证号, 旅游线路_id) VALUES ('October', 5487.68, '4', '3', NULL, 2, '1696842947', 9);

INSERT INTO 旅游信息 (旅游时间, 旅游费用, 保险, 服务等级, 旅游合同, 旅游团_id, 顾客_身份证号, 旅游线路_id) VALUES ('September', 8245.17, '3', '4', NULL, 6, '1388412082', 7);

INSERT INTO 旅游信息 (旅游时间, 旅游费用, 保险, 服务等级, 旅游合同, 旅游团_id, 顾客_身份证号, 旅游线路_id) VALUES ('July', 4940.31, '2', '5', NULL, 4, '2233138124', 7);

INSERT INTO 旅游信息 (旅游时间, 旅游费用, 保险, 服务等级, 旅游合同, 旅游团_id, 顾客_身份证号, 旅游线路_id) VALUES ('April', 6683.85, '1', '4', NULL, 3, '1556042379', 5);

INSERT INTO 旅游信息 (旅游时间, 旅游费用, 保险, 服务等级, 旅游合同, 旅游团_id, 顾客_身份证号, 旅游线路_id) VALUES ('August', 9636.98, '5', '4', NULL, 6, '1955679779', 3);

INSERT INTO 旅游信息 (旅游时间, 旅游费用, 保险, 服务等级, 旅游合同, 旅游团_id, 顾客_身份证号, 旅游线路_id) VALUES ('January', 4839.26, '2', '4', NULL, 6, '1453082921', 7);

INSERT INTO 旅游信息 (旅游时间, 旅游费用, 保险, 服务等级, 旅游合同, 旅游团_id, 顾客_身份证号, 旅游线路_id) VALUES ('May', 4790.45, '4', '4', NULL, 2, '2880018847', 8);

INSERT INTO 旅游信息 (旅游时间, 旅游费用, 保险, 服务等级, 旅游合同, 旅游团_id, 顾客_身份证号, 旅游线路_id) VALUES ('September', 6261.49, '5', '4', NULL, 1, '2749555846', 1);

INSERT INTO 旅游信息 (旅游时间, 旅游费用, 保险, 服务等级, 旅游合同, 旅游团_id, 顾客_身份证号, 旅游线路_id) VALUES ('June', 4486.24, '2', '3', NULL, 4, '1795444052', 2);

INSERT INTO 旅游信息 (旅游时间, 旅游费用, 保险, 服务等级, 旅游合同, 旅游团_id, 顾客_身份证号, 旅游线路_id) VALUES ('March', 3092.64, '5', '5', NULL, 7, '2158488222', 6);

INSERT INTO 旅游信息 (旅游时间, 旅游费用, 保险, 服务等级, 旅游合同, 旅游团_id, 顾客_身份证号, 旅游线路_id) VALUES ('February', 8703.75, '3', '4', NULL, 3, '1590485167', 6);

INSERT INTO 旅游信息 (旅游时间, 旅游费用, 保险, 服务等级, 旅游合同, 旅游团_id, 顾客_身份证号, 旅游线路_id) VALUES ('February', 3706.04, '3', '5', NULL, 9, '1439514663', 2);

INSERT INTO 旅游信息 (旅游时间, 旅游费用, 保险, 服务等级, 旅游合同, 旅游团_id, 顾客_身份证号, 旅游线路_id) VALUES ('August', 7828.58, '5', '4', NULL, 7, '2629388479', 3);

INSERT INTO 旅游信息 (旅游时间, 旅游费用, 保险, 服务等级, 旅游合同, 旅游团_id, 顾客_身份证号, 旅游线路_id) VALUES ('March', 6034.52, '5', '4', NULL, 9, '2368628072', 10);

INSERT INTO 旅游信息 (旅游时间, 旅游费用, 保险, 服务等级, 旅游合同, 旅游团_id, 顾客_身份证号, 旅游线路_id) VALUES ('April', 8147.74, '3', '4', NULL, 9, '2611191370', 2);

INSERT INTO 旅游信息 (旅游时间, 旅游费用, 保险, 服务等级, 旅游合同, 旅游团_id, 顾客_身份证号, 旅游线路_id) VALUES ('July', 8803, '5', '4', NULL, 7, '2577516948', 3);

INSERT INTO 旅游信息 (旅游时间, 旅游费用, 保险, 服务等级, 旅游合同, 旅游团_id, 顾客_身份证号, 旅游线路_id) VALUES ('May', 5045.4, '5', '4', NULL, 9, '2038049914', 2);

INSERT INTO 旅游信息 (旅游时间, 旅游费用, 保险, 服务等级, 旅游合同, 旅游团_id, 顾客_身份证号, 旅游线路_id) VALUES ('July', 5868.79, '3', '3', NULL, 8, '2204663433', 2);

INSERT INTO 旅游信息 (旅游时间, 旅游费用, 保险, 服务等级, 旅游合同, 旅游团_id, 顾客_身份证号, 旅游线路_id) VALUES ('July', 7007.48, '4', '4', NULL, 9, '2451678252', 5);

INSERT INTO 旅游信息 (旅游时间, 旅游费用, 保险, 服务等级, 旅游合同, 旅游团_id, 顾客_身份证号, 旅游线路_id) VALUES ('August', 6885.46, '1', '4', NULL, 3, '2056215686', 9);

INSERT INTO 旅游信息 (旅游时间, 旅游费用, 保险, 服务等级, 旅游合同, 旅游团_id, 顾客_身份证号, 旅游线路_id) VALUES ('October', 3344.17, '2', '5', NULL, 9, '2265814169', 4);

INSERT INTO 旅游信息 (旅游时间, 旅游费用, 保险, 服务等级, 旅游合同, 旅游团_id, 顾客_身份证号, 旅游线路_id) VALUES ('July', 3935.81, '2', '3', NULL, 8, '2510899517', 10);

INSERT INTO 旅游信息 (旅游时间, 旅游费用, 保险, 服务等级, 旅游合同, 旅游团_id, 顾客_身份证号, 旅游线路_id) VALUES ('March', 9880.55, '2', '4', NULL, 4, '2314622201', 9);

INSERT INTO 旅游信息 (旅游时间, 旅游费用, 保险, 服务等级, 旅游合同, 旅游团_id, 顾客_身份证号, 旅游线路_id) VALUES ('July', 4397.91, '3', '4', NULL, 7, '1256916668', 3);

INSERT INTO 旅游信息 (旅游时间, 旅游费用, 保险, 服务等级, 旅游合同, 旅游团_id, 顾客_身份证号, 旅游线路_id) VALUES ('April', 6124.78, '4', '4', NULL, 3, '2366288929', 5);

INSERT INTO 旅游信息 (旅游时间, 旅游费用, 保险, 服务等级, 旅游合同, 旅游团_id, 顾客_身份证号, 旅游线路_id) VALUES ('January', 4866.27, '4', '5', NULL, 9, '1564898725', 4);

INSERT INTO 旅游信息 (旅游时间, 旅游费用, 保险, 服务等级, 旅游合同, 旅游团_id, 顾客_身份证号, 旅游线路_id) VALUES ('April', 5295.99, '3', '3', NULL, 4, '1414392160', 9);

INSERT INTO 旅游信息 (旅游时间, 旅游费用, 保险, 服务等级, 旅游合同, 旅游团_id, 顾客_身份证号, 旅游线路_id) VALUES ('October', 5087.11, '4', '4', NULL, 5, '2271134889', 10);

INSERT INTO 旅游信息 (旅游时间, 旅游费用, 保险, 服务等级, 旅游合同, 旅游团_id, 顾客_身份证号, 旅游线路_id) VALUES ('March', 8821.9, '4', '4', NULL, 1, '2135601809', 7);

INSERT INTO 旅游信息 (旅游时间, 旅游费用, 保险, 服务等级, 旅游合同, 旅游团_id, 顾客_身份证号, 旅游线路_id) VALUES ('April', 9499.67, '2', '4', NULL, 10, '1003773759', 8);

INSERT INTO 旅游信息 (旅游时间, 旅游费用, 保险, 服务等级, 旅游合同, 旅游团_id, 顾客_身份证号, 旅游线路_id) VALUES ('April', 6095.1, '3', '5', NULL, 8, '1792008352', 5);

INSERT INTO 旅游信息 (旅游时间, 旅游费用, 保险, 服务等级, 旅游合同, 旅游团_id, 顾客_身份证号, 旅游线路_id) VALUES ('August', 9825.19, '1', '5', NULL, 1, '2569210424', 8);

INSERT INTO 旅游信息 (旅游时间, 旅游费用, 保险, 服务等级, 旅游合同, 旅游团_id, 顾客_身份证号, 旅游线路_id) VALUES ('October', 8880.98, '3', '4', NULL, 9, '1277039596', 9);

INSERT INTO 旅游信息 (旅游时间, 旅游费用, 保险, 服务等级, 旅游合同, 旅游团_id, 顾客_身份证号, 旅游线路_id) VALUES ('October', 3024.37, '2', '4', NULL, 3, '2623413588', 1);

INSERT INTO 旅游信息 (旅游时间, 旅游费用, 保险, 服务等级, 旅游合同, 旅游团_id, 顾客_身份证号, 旅游线路_id) VALUES ('May', 7904.67, '3', '4', NULL, 6, '2066298573', 6);

INSERT INTO 旅游信息 (旅游时间, 旅游费用, 保险, 服务等级, 旅游合同, 旅游团_id, 顾客_身份证号, 旅游线路_id) VALUES ('April', 5813.12, '2', '4', NULL, 2, '3131573697', 9);

INSERT INTO 旅游信息 (旅游时间, 旅游费用, 保险, 服务等级, 旅游合同, 旅游团_id, 顾客_身份证号, 旅游线路_id) VALUES ('February', 8249.27, '3', '4', NULL, 8, '1702257732', 7);

INSERT INTO 旅游信息 (旅游时间, 旅游费用, 保险, 服务等级, 旅游合同, 旅游团_id, 顾客_身份证号, 旅游线路_id) VALUES ('April', 8174.45, '2', '4', NULL, 9, '1402297067', 9);

INSERT INTO 旅游信息 (旅游时间, 旅游费用, 保险, 服务等级, 旅游合同, 旅游团_id, 顾客_身份证号, 旅游线路_id) VALUES ('April', 6953.25, '2', '3', NULL, 2, '2488796213', 3);

INSERT INTO 旅游信息 (旅游时间, 旅游费用, 保险, 服务等级, 旅游合同, 旅游团_id, 顾客_身份证号, 旅游线路_id) VALUES ('March', 6380.44, '4', '5', NULL, 6, '1917916310', 6);

INSERT INTO 旅游信息 (旅游时间, 旅游费用, 保险, 服务等级, 旅游合同, 旅游团_id, 顾客_身份证号, 旅游线路_id) VALUES ('June', 9444.61, '3', '4', NULL, 3, '1806272161', 7);

INSERT INTO 旅游信息 (旅游时间, 旅游费用, 保险, 服务等级, 旅游合同, 旅游团_id, 顾客_身份证号, 旅游线路_id) VALUES ('April', 9688.74, '4', '3', NULL, 9, '1557704652', 5);

INSERT INTO 旅游信息 (旅游时间, 旅游费用, 保险, 服务等级, 旅游合同, 旅游团_id, 顾客_身份证号, 旅游线路_id) VALUES ('April', 6031.1, '4', '4', NULL, 6, '2033403989', 8);

INSERT INTO 旅游信息 (旅游时间, 旅游费用, 保险, 服务等级, 旅游合同, 旅游团_id, 顾客_身份证号, 旅游线路_id) VALUES ('September', 5370.63, '1', '4', NULL, 2, '1719846108', 7);

INSERT INTO 旅游信息 (旅游时间, 旅游费用, 保险, 服务等级, 旅游合同, 旅游团_id, 顾客_身份证号, 旅游线路_id) VALUES ('March', 4531.81, '3', '4', NULL, 7, '1406619081', 7);

INSERT INTO 旅游信息 (旅游时间, 旅游费用, 保险, 服务等级, 旅游合同, 旅游团_id, 顾客_身份证号, 旅游线路_id) VALUES ('May', 6987.6, '4', '3', NULL, 4, '2189803051', 8);

INSERT INTO 旅游信息 (旅游时间, 旅游费用, 保险, 服务等级, 旅游合同, 旅游团_id, 顾客_身份证号, 旅游线路_id) VALUES ('September', 4683.85, '3', '3', NULL, 5, '3026284666', 4);

INSERT INTO 旅游信息 (旅游时间, 旅游费用, 保险, 服务等级, 旅游合同, 旅游团_id, 顾客_身份证号, 旅游线路_id) VALUES ('January', 9656.74, '3', '5', NULL, 7, '1975434532', 9);

INSERT INTO 旅游信息 (旅游时间, 旅游费用, 保险, 服务等级, 旅游合同, 旅游团_id, 顾客_身份证号, 旅游线路_id) VALUES ('April', 6124.43, '4', '5', NULL, 2, '2999711233', 8);

INSERT INTO 旅游信息 (旅游时间, 旅游费用, 保险, 服务等级, 旅游合同, 旅游团_id, 顾客_身份证号, 旅游线路_id) VALUES ('August', 3724.53, '3', '5', NULL, 8, '1304268707', 2);

INSERT INTO 旅游信息 (旅游时间, 旅游费用, 保险, 服务等级, 旅游合同, 旅游团_id, 顾客_身份证号, 旅游线路_id) VALUES ('January', 6283.75, '4', '4', NULL, 10, '2699914781', 6);

INSERT INTO 旅游信息 (旅游时间, 旅游费用, 保险, 服务等级, 旅游合同, 旅游团_id, 顾客_身份证号, 旅游线路_id) VALUES ('April', 8340.33, '4', '4', NULL, 4, '1739288221', 8);

INSERT INTO 旅游信息 (旅游时间, 旅游费用, 保险, 服务等级, 旅游合同, 旅游团_id, 顾客_身份证号, 旅游线路_id) VALUES ('May', 8318.41, '4', '5', NULL, 7, '1270891160', 9);

INSERT INTO 旅游信息 (旅游时间, 旅游费用, 保险, 服务等级, 旅游合同, 旅游团_id, 顾客_身份证号, 旅游线路_id) VALUES ('January', 9359.28, '2', '4', NULL, 2, '1193204715', 7);

INSERT INTO 旅游信息 (旅游时间, 旅游费用, 保险, 服务等级, 旅游合同, 旅游团_id, 顾客_身份证号, 旅游线路_id) VALUES ('April', 5933.02, '4', '3', NULL, 1, '1808461265', 5);

INSERT INTO 旅游信息 (旅游时间, 旅游费用, 保险, 服务等级, 旅游合同, 旅游团_id, 顾客_身份证号, 旅游线路_id) VALUES ('October', 6425.85, '2', '5', NULL, 8, '1976998625', 3);

INSERT INTO 旅游信息 (旅游时间, 旅游费用, 保险, 服务等级, 旅游合同, 旅游团_id, 顾客_身份证号, 旅游线路_id) VALUES ('October', 4150.47, '1', '3', NULL, 7, '2567283361', 9);

INSERT INTO 旅游信息 (旅游时间, 旅游费用, 保险, 服务等级, 旅游合同, 旅游团_id, 顾客_身份证号, 旅游线路_id) VALUES ('September', 7746.64, '3', '4', NULL, 6, '1260573608', 10);

INSERT INTO 旅游信息 (旅游时间, 旅游费用, 保险, 服务等级, 旅游合同, 旅游团_id, 顾客_身份证号, 旅游线路_id) VALUES ('July', 3411.75, '3', '4', NULL, 7, '1192704074', 4);

INSERT INTO 旅游信息 (旅游时间, 旅游费用, 保险, 服务等级, 旅游合同, 旅游团_id, 顾客_身份证号, 旅游线路_id) VALUES ('September', 6306.81, '2', '4', NULL, 7, '1143663690', 3);

INSERT INTO 旅游信息 (旅游时间, 旅游费用, 保险, 服务等级, 旅游合同, 旅游团_id, 顾客_身份证号, 旅游线路_id) VALUES ('September', 9267.26, '3', '5', NULL, 5, '1714912159', 8);

INSERT INTO 旅游信息 (旅游时间, 旅游费用, 保险, 服务等级, 旅游合同, 旅游团_id, 顾客_身份证号, 旅游线路_id) VALUES ('April', 3609.45, '3', '5', NULL, 7, '2974529466', 5);

INSERT INTO 旅游信息 (旅游时间, 旅游费用, 保险, 服务等级, 旅游合同, 旅游团_id, 顾客_身份证号, 旅游线路_id) VALUES ('March', 3575.05, '3', '4', NULL, 10, '2461119798', 8);

INSERT INTO 旅游信息 (旅游时间, 旅游费用, 保险, 服务等级, 旅游合同, 旅游团_id, 顾客_身份证号, 旅游线路_id) VALUES ('May', 7157.29, '4', '5', NULL, 5, '2116462371', 5);

INSERT INTO 旅游信息 (旅游时间, 旅游费用, 保险, 服务等级, 旅游合同, 旅游团_id, 顾客_身份证号, 旅游线路_id) VALUES ('October', 4009.1, '4', '4', NULL, 4, '2883180651', 6);

INSERT INTO 旅游信息 (旅游时间, 旅游费用, 保险, 服务等级, 旅游合同, 旅游团_id, 顾客_身份证号, 旅游线路_id) VALUES ('January', 4298, '4', '3', NULL, 7, '2319227649', 5);

INSERT INTO 旅游信息 (旅游时间, 旅游费用, 保险, 服务等级, 旅游合同, 旅游团_id, 顾客_身份证号, 旅游线路_id) VALUES ('February', 4737.39, '2', '4', NULL, 4, '2876439419', 8);

INSERT INTO 旅游信息 (旅游时间, 旅游费用, 保险, 服务等级, 旅游合同, 旅游团_id, 顾客_身份证号, 旅游线路_id) VALUES ('October', 7115.74, '3', '4', NULL, 7, '1348565977', 10);

INSERT INTO 旅游信息 (旅游时间, 旅游费用, 保险, 服务等级, 旅游合同, 旅游团_id, 顾客_身份证号, 旅游线路_id) VALUES ('May', 3870.08, '4', '4', NULL, 7, '1361017863', 7);

INSERT INTO 旅游信息 (旅游时间, 旅游费用, 保险, 服务等级, 旅游合同, 旅游团_id, 顾客_身份证号, 旅游线路_id) VALUES ('January', 5146.3, '2', '4', NULL, 5, '1040254104', 6);

INSERT INTO 旅游信息 (旅游时间, 旅游费用, 保险, 服务等级, 旅游合同, 旅游团_id, 顾客_身份证号, 旅游线路_id) VALUES ('July', 8577.8, '1', '5', NULL, 7, '2809123215', 4);

INSERT INTO 旅游信息 (旅游时间, 旅游费用, 保险, 服务等级, 旅游合同, 旅游团_id, 顾客_身份证号, 旅游线路_id) VALUES ('October', 6908.41, '2', '4', NULL, 5, '3012492005', 2);

INSERT INTO 旅游信息 (旅游时间, 旅游费用, 保险, 服务等级, 旅游合同, 旅游团_id, 顾客_身份证号, 旅游线路_id) VALUES ('January', 5170.17, '1', '4', NULL, 4, '1264859969', 3);

INSERT INTO 旅游信息 (旅游时间, 旅游费用, 保险, 服务等级, 旅游合同, 旅游团_id, 顾客_身份证号, 旅游线路_id) VALUES ('September', 8583.58, '2', '4', NULL, 6, '2762154633', 6);

INSERT INTO 旅游信息 (旅游时间, 旅游费用, 保险, 服务等级, 旅游合同, 旅游团_id, 顾客_身份证号, 旅游线路_id) VALUES ('June', 7075.13, '4', '4', NULL, 6, '1384763284', 7);

INSERT INTO 旅游信息 (旅游时间, 旅游费用, 保险, 服务等级, 旅游合同, 旅游团_id, 顾客_身份证号, 旅游线路_id) VALUES ('February', 4640.47, '2', '5', NULL, 4, '1507222866', 3);

INSERT INTO 旅游信息 (旅游时间, 旅游费用, 保险, 服务等级, 旅游合同, 旅游团_id, 顾客_身份证号, 旅游线路_id) VALUES ('October', 3148.79, '3', '4', NULL, 10, '2012242527', 9);

INSERT INTO 旅游信息 (旅游时间, 旅游费用, 保险, 服务等级, 旅游合同, 旅游团_id, 顾客_身份证号, 旅游线路_id) VALUES ('July', 4065.88, '4', '5', NULL, 2, '2142840952', 4);

INSERT INTO 旅游信息 (旅游时间, 旅游费用, 保险, 服务等级, 旅游合同, 旅游团_id, 顾客_身份证号, 旅游线路_id) VALUES ('October', 8260.64, '1', '4', NULL, 8, '2876222879', 3);

INSERT INTO 旅游信息 (旅游时间, 旅游费用, 保险, 服务等级, 旅游合同, 旅游团_id, 顾客_身份证号, 旅游线路_id) VALUES ('March', 6157.53, '2', '5', NULL, 6, '2228303112', 8);

INSERT INTO 旅游信息 (旅游时间, 旅游费用, 保险, 服务等级, 旅游合同, 旅游团_id, 顾客_身份证号, 旅游线路_id) VALUES ('August', 7547.85, '2', '4', NULL, 8, '2132288368', 7);

INSERT INTO 旅游信息 (旅游时间, 旅游费用, 保险, 服务等级, 旅游合同, 旅游团_id, 顾客_身份证号, 旅游线路_id) VALUES ('April', 4378.74, '1', '3', NULL, 3, '1879415632', 5);

INSERT INTO 旅游信息 (旅游时间, 旅游费用, 保险, 服务等级, 旅游合同, 旅游团_id, 顾客_身份证号, 旅游线路_id) VALUES ('April', 3886.48, '4', '5', NULL, 6, '2830226210', 8);

INSERT INTO 旅游信息 (旅游时间, 旅游费用, 保险, 服务等级, 旅游合同, 旅游团_id, 顾客_身份证号, 旅游线路_id) VALUES ('February', 9437.96, '2', '3', NULL, 8, '2365837862', 3);

INSERT INTO 旅游信息 (旅游时间, 旅游费用, 保险, 服务等级, 旅游合同, 旅游团_id, 顾客_身份证号, 旅游线路_id) VALUES ('October', 9240.79, '4', '4', NULL, 10, '1669722854', 6);

INSERT INTO 旅游信息 (旅游时间, 旅游费用, 保险, 服务等级, 旅游合同, 旅游团_id, 顾客_身份证号, 旅游线路_id) VALUES ('January', 9289.27, '4', '4', NULL, 9, '2288052727', 2);

INSERT INTO 旅游信息 (旅游时间, 旅游费用, 保险, 服务等级, 旅游合同, 旅游团_id, 顾客_身份证号, 旅游线路_id) VALUES ('October', 6234.54, '3', '5', NULL, 3, '2052617671', 6);

INSERT INTO 旅游信息 (旅游时间, 旅游费用, 保险, 服务等级, 旅游合同, 旅游团_id, 顾客_身份证号, 旅游线路_id) VALUES ('April', 5867.03, '4', '5', NULL, 2, '2332480303', 4);

INSERT INTO 旅游信息 (旅游时间, 旅游费用, 保险, 服务等级, 旅游合同, 旅游团_id, 顾客_身份证号, 旅游线路_id) VALUES ('July', 3228.25, '3', '5', NULL, 3, '2742610178', 8);

INSERT INTO 旅游信息 (旅游时间, 旅游费用, 保险, 服务等级, 旅游合同, 旅游团_id, 顾客_身份证号, 旅游线路_id) VALUES ('July', 9722.87, '4', '4', NULL, 3, '2099250641', 8);

INSERT INTO 旅游信息 (旅游时间, 旅游费用, 保险, 服务等级, 旅游合同, 旅游团_id, 顾客_身份证号, 旅游线路_id) VALUES ('May', 7676.17, '2', '5', NULL, 9, '2077814195', 1);

INSERT INTO 旅游信息 (旅游时间, 旅游费用, 保险, 服务等级, 旅游合同, 旅游团_id, 顾客_身份证号, 旅游线路_id) VALUES ('August', 6814.26, '2', '5', NULL, 2, '2019503777', 2);

INSERT INTO 旅游信息 (旅游时间, 旅游费用, 保险, 服务等级, 旅游合同, 旅游团_id, 顾客_身份证号, 旅游线路_id) VALUES ('May', 5999.7, '3', '5', NULL, 9, '2740015658', 3);

INSERT INTO 旅游信息 (旅游时间, 旅游费用, 保险, 服务等级, 旅游合同, 旅游团_id, 顾客_身份证号, 旅游线路_id) VALUES ('March', 4305.69, '1', '4', NULL, 8, '1046303673', 4);

INSERT INTO 旅游信息 (旅游时间, 旅游费用, 保险, 服务等级, 旅游合同, 旅游团_id, 顾客_身份证号, 旅游线路_id) VALUES ('September', 8260.7, '4', '5', NULL, 3, '1561441207', 6);

INSERT INTO 旅游信息 (旅游时间, 旅游费用, 保险, 服务等级, 旅游合同, 旅游团_id, 顾客_身份证号, 旅游线路_id) VALUES ('February', 5043.64, '5', '4', NULL, 9, '2809123215', 5);

INSERT INTO 旅游信息 (旅游时间, 旅游费用, 保险, 服务等级, 旅游合同, 旅游团_id, 顾客_身份证号, 旅游线路_id) VALUES ('May', 9270.53, '4', '4', NULL, 2, '1290513124', 8);

INSERT INTO 旅游信息 (旅游时间, 旅游费用, 保险, 服务等级, 旅游合同, 旅游团_id, 顾客_身份证号, 旅游线路_id) VALUES ('October', 4432.9, '3', '3', NULL, 9, '1657422775', 9);

INSERT INTO 旅游信息 (旅游时间, 旅游费用, 保险, 服务等级, 旅游合同, 旅游团_id, 顾客_身份证号, 旅游线路_id) VALUES ('March', 6622.4, '2', '5', NULL, 2, '1706470632', 4);

INSERT INTO 旅游信息 (旅游时间, 旅游费用, 保险, 服务等级, 旅游合同, 旅游团_id, 顾客_身份证号, 旅游线路_id) VALUES ('August', 3526.03, '2', '3', NULL, 8, '2089724226', 9);

INSERT INTO 旅游信息 (旅游时间, 旅游费用, 保险, 服务等级, 旅游合同, 旅游团_id, 顾客_身份证号, 旅游线路_id) VALUES ('April', 7234.71, '3', '4', NULL, 5, '2154729466', 1);

INSERT INTO 旅游信息 (旅游时间, 旅游费用, 保险, 服务等级, 旅游合同, 旅游团_id, 顾客_身份证号, 旅游线路_id) VALUES ('April', 7992.91, '5', '5', NULL, 4, '2191383476', 8);

INSERT INTO 旅游信息 (旅游时间, 旅游费用, 保险, 服务等级, 旅游合同, 旅游团_id, 顾客_身份证号, 旅游线路_id) VALUES ('February', 7882.27, '1', '4', NULL, 8, '2096665934', 7);

INSERT INTO 旅游信息 (旅游时间, 旅游费用, 保险, 服务等级, 旅游合同, 旅游团_id, 顾客_身份证号, 旅游线路_id) VALUES ('January', 6374.57, '4', '4', NULL, 10, '1978065718', 2);

INSERT INTO 旅游信息 (旅游时间, 旅游费用, 保险, 服务等级, 旅游合同, 旅游团_id, 顾客_身份证号, 旅游线路_id) VALUES ('August', 5073.58, '5', '4', NULL, 6, '2739328882', 5);

INSERT INTO 旅游信息 (旅游时间, 旅游费用, 保险, 服务等级, 旅游合同, 旅游团_id, 顾客_身份证号, 旅游线路_id) VALUES ('September', 5613.75, '3', '5', NULL, 5, '1058707520', 8);

INSERT INTO 旅游信息 (旅游时间, 旅游费用, 保险, 服务等级, 旅游合同, 旅游团_id, 顾客_身份证号, 旅游线路_id) VALUES ('April', 8966.99, '2', '3', NULL, 10, '3056777928', 10);

INSERT INTO 旅游信息 (旅游时间, 旅游费用, 保险, 服务等级, 旅游合同, 旅游团_id, 顾客_身份证号, 旅游线路_id) VALUES ('August', 4588.61, '4', '4', NULL, 8, '2945705985', 6);

INSERT INTO 旅游信息 (旅游时间, 旅游费用, 保险, 服务等级, 旅游合同, 旅游团_id, 顾客_身份证号, 旅游线路_id) VALUES ('August', 9159.61, '3', '3', NULL, 4, '2228303112', 8);

INSERT INTO 旅游信息 (旅游时间, 旅游费用, 保险, 服务等级, 旅游合同, 旅游团_id, 顾客_身份证号, 旅游线路_id) VALUES ('May', 3200.35, '2', '5', NULL, 10, '2612424768', 4);

INSERT INTO 旅游信息 (旅游时间, 旅游费用, 保险, 服务等级, 旅游合同, 旅游团_id, 顾客_身份证号, 旅游线路_id) VALUES ('October', 8724.07, '4', '4', NULL, 5, '3113915504', 2);

INSERT INTO 旅游信息 (旅游时间, 旅游费用, 保险, 服务等级, 旅游合同, 旅游团_id, 顾客_身份证号, 旅游线路_id) VALUES ('March', 3149.93, '3', '5', NULL, 8, '1482774905', 6);

INSERT INTO 旅游信息 (旅游时间, 旅游费用, 保险, 服务等级, 旅游合同, 旅游团_id, 顾客_身份证号, 旅游线路_id) VALUES ('July', 7782.59, '3', '4', NULL, 10, '1597127676', 5);

INSERT INTO 旅游信息 (旅游时间, 旅游费用, 保险, 服务等级, 旅游合同, 旅游团_id, 顾客_身份证号, 旅游线路_id) VALUES ('May', 4639.69, '4', '5', NULL, 9, '2019061357', 10);

INSERT INTO 旅游信息 (旅游时间, 旅游费用, 保险, 服务等级, 旅游合同, 旅游团_id, 顾客_身份证号, 旅游线路_id) VALUES ('March', 3859.91, '2', '4', NULL, 9, '2553549832', 5);

INSERT INTO 旅游信息 (旅游时间, 旅游费用, 保险, 服务等级, 旅游合同, 旅游团_id, 顾客_身份证号, 旅游线路_id) VALUES ('May', 8217.91, '4', '5', NULL, 6, '2839663443', 1);

INSERT INTO 旅游信息 (旅游时间, 旅游费用, 保险, 服务等级, 旅游合同, 旅游团_id, 顾客_身份证号, 旅游线路_id) VALUES ('April', 7607.52, '1', '3', NULL, 1, '2757731090', 7);

INSERT INTO 旅游信息 (旅游时间, 旅游费用, 保险, 服务等级, 旅游合同, 旅游团_id, 顾客_身份证号, 旅游线路_id) VALUES ('June', 3884.99, '5', '4', NULL, 10, '1270891160', 2);

INSERT INTO 旅游信息 (旅游时间, 旅游费用, 保险, 服务等级, 旅游合同, 旅游团_id, 顾客_身份证号, 旅游线路_id) VALUES ('January', 5335.17, '3', '3', NULL, 2, '1190307431', 10);

INSERT INTO 旅游信息 (旅游时间, 旅游费用, 保险, 服务等级, 旅游合同, 旅游团_id, 顾客_身份证号, 旅游线路_id) VALUES ('September', 9596.43, '4', '4', NULL, 4, '2988711805', 2);

INSERT INTO 旅游信息 (旅游时间, 旅游费用, 保险, 服务等级, 旅游合同, 旅游团_id, 顾客_身份证号, 旅游线路_id) VALUES ('March', 5768.87, '5', '4', NULL, 5, '1685146550', 10);

INSERT INTO 旅游信息 (旅游时间, 旅游费用, 保险, 服务等级, 旅游合同, 旅游团_id, 顾客_身份证号, 旅游线路_id) VALUES ('March', 9733.46, '3', '4', NULL, 3, '3019749003', 2);

INSERT INTO 旅游信息 (旅游时间, 旅游费用, 保险, 服务等级, 旅游合同, 旅游团_id, 顾客_身份证号, 旅游线路_id) VALUES ('October', 9495.78, '4', '4', NULL, 10, '1602151684', 10);

INSERT INTO 旅游信息 (旅游时间, 旅游费用, 保险, 服务等级, 旅游合同, 旅游团_id, 顾客_身份证号, 旅游线路_id) VALUES ('October', 8378.25, '4', '3', NULL, 9, '2498739965', 7);

INSERT INTO 旅游信息 (旅游时间, 旅游费用, 保险, 服务等级, 旅游合同, 旅游团_id, 顾客_身份证号, 旅游线路_id) VALUES ('September', 6668.41, '5', '3', NULL, 9, '2888976928', 2);

INSERT INTO 旅游信息 (旅游时间, 旅游费用, 保险, 服务等级, 旅游合同, 旅游团_id, 顾客_身份证号, 旅游线路_id) VALUES ('April', 4218.5, '1', '5', NULL, 6, '2288052727', 7);

INSERT INTO 旅游信息 (旅游时间, 旅游费用, 保险, 服务等级, 旅游合同, 旅游团_id, 顾客_身份证号, 旅游线路_id) VALUES ('April', 6460.12, '1', '4', NULL, 2, '1406619081', 4);

INSERT INTO 旅游信息 (旅游时间, 旅游费用, 保险, 服务等级, 旅游合同, 旅游团_id, 顾客_身份证号, 旅游线路_id) VALUES ('May', 5820.58, '5', '4', NULL, 3, '1005750065', 5);

INSERT INTO 旅游信息 (旅游时间, 旅游费用, 保险, 服务等级, 旅游合同, 旅游团_id, 顾客_身份证号, 旅游线路_id) VALUES ('July', 5384.41, '3', '3', NULL, 1, '1883722865', 10);

INSERT INTO 旅游信息 (旅游时间, 旅游费用, 保险, 服务等级, 旅游合同, 旅游团_id, 顾客_身份证号, 旅游线路_id) VALUES ('March', 6400.42, '4', '5', NULL, 4, '2137468353', 9);

INSERT INTO 旅游信息 (旅游时间, 旅游费用, 保险, 服务等级, 旅游合同, 旅游团_id, 顾客_身份证号, 旅游线路_id) VALUES ('March', 6963.14, '4', '5', NULL, 4, '1927981791', 5);

INSERT INTO 旅游信息 (旅游时间, 旅游费用, 保险, 服务等级, 旅游合同, 旅游团_id, 顾客_身份证号, 旅游线路_id) VALUES ('August', 8046.37, '3', '3', NULL, 10, '1718765004', 4);

INSERT INTO 旅游信息 (旅游时间, 旅游费用, 保险, 服务等级, 旅游合同, 旅游团_id, 顾客_身份证号, 旅游线路_id) VALUES ('August', 5521.82, '2', '3', NULL, 5, '2386743179', 6);

INSERT INTO 旅游信息 (旅游时间, 旅游费用, 保险, 服务等级, 旅游合同, 旅游团_id, 顾客_身份证号, 旅游线路_id) VALUES ('May', 8856.43, '3', '5', NULL, 2, '2796767013', 9);

INSERT INTO 旅游信息 (旅游时间, 旅游费用, 保险, 服务等级, 旅游合同, 旅游团_id, 顾客_身份证号, 旅游线路_id) VALUES ('June', 9580.34, '4', '5', NULL, 4, '2205355460', 3);

INSERT INTO 旅游信息 (旅游时间, 旅游费用, 保险, 服务等级, 旅游合同, 旅游团_id, 顾客_身份证号, 旅游线路_id) VALUES ('July', 8967.26, '5', '4', NULL, 1, '2036909096', 8);

INSERT INTO 旅游信息 (旅游时间, 旅游费用, 保险, 服务等级, 旅游合同, 旅游团_id, 顾客_身份证号, 旅游线路_id) VALUES ('April', 5906.9, '2', '3', NULL, 7, '2522268494', 10);

INSERT INTO 旅游信息 (旅游时间, 旅游费用, 保险, 服务等级, 旅游合同, 旅游团_id, 顾客_身份证号, 旅游线路_id) VALUES ('February', 8888.21, '4', '4', NULL, 4, '3141974858', 6);

INSERT INTO 旅游信息 (旅游时间, 旅游费用, 保险, 服务等级, 旅游合同, 旅游团_id, 顾客_身份证号, 旅游线路_id) VALUES ('April', 8791.93, '4', '4', NULL, 5, '1588369355', 3);

INSERT INTO 旅游信息 (旅游时间, 旅游费用, 保险, 服务等级, 旅游合同, 旅游团_id, 顾客_身份证号, 旅游线路_id) VALUES ('January', 4237.83, '4', '5', NULL, 2, '3144017318', 8);

INSERT INTO 旅游信息 (旅游时间, 旅游费用, 保险, 服务等级, 旅游合同, 旅游团_id, 顾客_身份证号, 旅游线路_id) VALUES ('February', 5646.69, '3', '3', NULL, 8, '2183691141', 8);

INSERT INTO 旅游信息 (旅游时间, 旅游费用, 保险, 服务等级, 旅游合同, 旅游团_id, 顾客_身份证号, 旅游线路_id) VALUES ('June', 3319.96, '4', '4', NULL, 4, '1978065718', 1);

INSERT INTO 旅游信息 (旅游时间, 旅游费用, 保险, 服务等级, 旅游合同, 旅游团_id, 顾客_身份证号, 旅游线路_id) VALUES ('March', 7020.39, '1', '3', NULL, 9, '1480388585', 3);

INSERT INTO 旅游信息 (旅游时间, 旅游费用, 保险, 服务等级, 旅游合同, 旅游团_id, 顾客_身份证号, 旅游线路_id) VALUES ('January', 4197.42, '2', '5', NULL, 10, '1902924423', 5);

INSERT INTO 旅游信息 (旅游时间, 旅游费用, 保险, 服务等级, 旅游合同, 旅游团_id, 顾客_身份证号, 旅游线路_id) VALUES ('September', 9025.04, '2', '4', NULL, 8, '2198907505', 8);

INSERT INTO 旅游信息 (旅游时间, 旅游费用, 保险, 服务等级, 旅游合同, 旅游团_id, 顾客_身份证号, 旅游线路_id) VALUES ('April', 8842.54, '4', '3', NULL, 2, '2087808542', 10);

INSERT INTO 旅游信息 (旅游时间, 旅游费用, 保险, 服务等级, 旅游合同, 旅游团_id, 顾客_身份证号, 旅游线路_id) VALUES ('October', 5406.68, '3', '4', NULL, 6, '1709154465', 2);

INSERT INTO 旅游信息 (旅游时间, 旅游费用, 保险, 服务等级, 旅游合同, 旅游团_id, 顾客_身份证号, 旅游线路_id) VALUES ('March', 4762.4, '3', '3', NULL, 2, '1713496232', 1);

INSERT INTO 旅游信息 (旅游时间, 旅游费用, 保险, 服务等级, 旅游合同, 旅游团_id, 顾客_身份证号, 旅游线路_id) VALUES ('February', 7660.43, '4', '4', NULL, 6, '3053182402', 4);

INSERT INTO 旅游信息 (旅游时间, 旅游费用, 保险, 服务等级, 旅游合同, 旅游团_id, 顾客_身份证号, 旅游线路_id) VALUES ('July', 6400.69, '4', '4', NULL, 6, '1883722865', 5);

INSERT INTO 旅游信息 (旅游时间, 旅游费用, 保险, 服务等级, 旅游合同, 旅游团_id, 顾客_身份证号, 旅游线路_id) VALUES ('September', 6047.45, '3', '5', NULL, 4, '1062174013', 3);

INSERT INTO 旅游信息 (旅游时间, 旅游费用, 保险, 服务等级, 旅游合同, 旅游团_id, 顾客_身份证号, 旅游线路_id) VALUES ('May', 8661.14, '2', '4', NULL, 8, '1728180299', 7);

INSERT INTO 旅游信息 (旅游时间, 旅游费用, 保险, 服务等级, 旅游合同, 旅游团_id, 顾客_身份证号, 旅游线路_id) VALUES ('September', 8940.52, '2', '5', NULL, 7, '1845461740', 4);

INSERT INTO 旅游信息 (旅游时间, 旅游费用, 保险, 服务等级, 旅游合同, 旅游团_id, 顾客_身份证号, 旅游线路_id) VALUES ('October', 8723.88, '3', '4', NULL, 6, '2754199982', 6);

INSERT INTO 旅游信息 (旅游时间, 旅游费用, 保险, 服务等级, 旅游合同, 旅游团_id, 顾客_身份证号, 旅游线路_id) VALUES ('February', 4354.89, '1', '5', NULL, 10, '1945825956', 7);

INSERT INTO 旅游信息 (旅游时间, 旅游费用, 保险, 服务等级, 旅游合同, 旅游团_id, 顾客_身份证号, 旅游线路_id) VALUES ('May', 3539.17, '4', '3', NULL, 3, '3053182402', 3);

INSERT INTO 旅游信息 (旅游时间, 旅游费用, 保险, 服务等级, 旅游合同, 旅游团_id, 顾客_身份证号, 旅游线路_id) VALUES ('April', 5295.03, '4', '4', NULL, 2, '1076606551', 8);

INSERT INTO 旅游信息 (旅游时间, 旅游费用, 保险, 服务等级, 旅游合同, 旅游团_id, 顾客_身份证号, 旅游线路_id) VALUES ('January', 9828.21, '2', '5', NULL, 3, '1542379799', 7);

INSERT INTO 旅游信息 (旅游时间, 旅游费用, 保险, 服务等级, 旅游合同, 旅游团_id, 顾客_身份证号, 旅游线路_id) VALUES ('July', 7874.9, '4', '5', NULL, 3, '3025752432', 5);

INSERT INTO 旅游信息 (旅游时间, 旅游费用, 保险, 服务等级, 旅游合同, 旅游团_id, 顾客_身份证号, 旅游线路_id) VALUES ('March', 9823.52, '4', '3', NULL, 2, '1748716646', 6);

INSERT INTO 旅游信息 (旅游时间, 旅游费用, 保险, 服务等级, 旅游合同, 旅游团_id, 顾客_身份证号, 旅游线路_id) VALUES ('April', 3999.71, '2', '4', NULL, 2, '1842032700', 1);

INSERT INTO 旅游信息 (旅游时间, 旅游费用, 保险, 服务等级, 旅游合同, 旅游团_id, 顾客_身份证号, 旅游线路_id) VALUES ('August', 9421.99, '5', '3', NULL, 2, '2706075341', 2);

INSERT INTO 旅游信息 (旅游时间, 旅游费用, 保险, 服务等级, 旅游合同, 旅游团_id, 顾客_身份证号, 旅游线路_id) VALUES ('August', 3574.67, '2', '5', NULL, 4, '2992193903', 8);

INSERT INTO 旅游信息 (旅游时间, 旅游费用, 保险, 服务等级, 旅游合同, 旅游团_id, 顾客_身份证号, 旅游线路_id) VALUES ('June', 9622.43, '4', '5', NULL, 5, '2560776014', 6);

INSERT INTO 旅游信息 (旅游时间, 旅游费用, 保险, 服务等级, 旅游合同, 旅游团_id, 顾客_身份证号, 旅游线路_id) VALUES ('May', 8859.61, '4', '4', NULL, 9, '2891721391', 8);

INSERT INTO 旅游信息 (旅游时间, 旅游费用, 保险, 服务等级, 旅游合同, 旅游团_id, 顾客_身份证号, 旅游线路_id) VALUES ('August', 8098.59, '4', '5', NULL, 6, '2173355452', 5);

INSERT INTO 旅游信息 (旅游时间, 旅游费用, 保险, 服务等级, 旅游合同, 旅游团_id, 顾客_身份证号, 旅游线路_id) VALUES ('July', 4583.05, '4', '3', NULL, 6, '2759952834', 4);

INSERT INTO 旅游信息 (旅游时间, 旅游费用, 保险, 服务等级, 旅游合同, 旅游团_id, 顾客_身份证号, 旅游线路_id) VALUES ('May', 6326.23, '5', '5', NULL, 2, '2780735158', 3);

INSERT INTO 旅游信息 (旅游时间, 旅游费用, 保险, 服务等级, 旅游合同, 旅游团_id, 顾客_身份证号, 旅游线路_id) VALUES ('January', 7419.76, '1', '5', NULL, 9, '1905947317', 2);

INSERT INTO 旅游信息 (旅游时间, 旅游费用, 保险, 服务等级, 旅游合同, 旅游团_id, 顾客_身份证号, 旅游线路_id) VALUES ('April', 8510.24, '2', '3', NULL, 6, '2047827335', 3);

INSERT INTO 旅游信息 (旅游时间, 旅游费用, 保险, 服务等级, 旅游合同, 旅游团_id, 顾客_身份证号, 旅游线路_id) VALUES ('October', 5623.84, '2', '3', NULL, 3, '2216490444', 5);

INSERT INTO 旅游信息 (旅游时间, 旅游费用, 保险, 服务等级, 旅游合同, 旅游团_id, 顾客_身份证号, 旅游线路_id) VALUES ('August', 4323.01, '4', '4', NULL, 7, '2941330349', 7);

INSERT INTO 旅游信息 (旅游时间, 旅游费用, 保险, 服务等级, 旅游合同, 旅游团_id, 顾客_身份证号, 旅游线路_id) VALUES ('April', 8134.88, '3', '4', NULL, 5, '1530342258', 10);

INSERT INTO 旅游信息 (旅游时间, 旅游费用, 保险, 服务等级, 旅游合同, 旅游团_id, 顾客_身份证号, 旅游线路_id) VALUES ('May', 3929.12, '2', '5', NULL, 3, '1819345226', 5);

INSERT INTO 旅游信息 (旅游时间, 旅游费用, 保险, 服务等级, 旅游合同, 旅游团_id, 顾客_身份证号, 旅游线路_id) VALUES ('February', 4092.59, '1', '4', NULL, 4, '2883180651', 3);

INSERT INTO 旅游信息 (旅游时间, 旅游费用, 保险, 服务等级, 旅游合同, 旅游团_id, 顾客_身份证号, 旅游线路_id) VALUES ('January', 3999.19, '4', '5', NULL, 7, '2709976668', 10);

INSERT INTO 旅游信息 (旅游时间, 旅游费用, 保险, 服务等级, 旅游合同, 旅游团_id, 顾客_身份证号, 旅游线路_id) VALUES ('October', 3619.7, '4', '5', NULL, 7, '2569600841', 6);

INSERT INTO 旅游信息 (旅游时间, 旅游费用, 保险, 服务等级, 旅游合同, 旅游团_id, 顾客_身份证号, 旅游线路_id) VALUES ('June', 7638.66, '5', '4', NULL, 8, '1538429700', 4);

INSERT INTO 旅游信息 (旅游时间, 旅游费用, 保险, 服务等级, 旅游合同, 旅游团_id, 顾客_身份证号, 旅游线路_id) VALUES ('June', 3888.61, '2', '3', NULL, 2, '3122805763', 3);

INSERT INTO 旅游信息 (旅游时间, 旅游费用, 保险, 服务等级, 旅游合同, 旅游团_id, 顾客_身份证号, 旅游线路_id) VALUES ('October', 9648.96, '4', '4', NULL, 7, '1054413360', 4);

INSERT INTO 旅游信息 (旅游时间, 旅游费用, 保险, 服务等级, 旅游合同, 旅游团_id, 顾客_身份证号, 旅游线路_id) VALUES ('February', 6714.14, '1', '4', NULL, 7, '1195157245', 2);

INSERT INTO 旅游信息 (旅游时间, 旅游费用, 保险, 服务等级, 旅游合同, 旅游团_id, 顾客_身份证号, 旅游线路_id) VALUES ('October', 9922.51, '5', '4', NULL, 4, '1923482380', 3);

INSERT INTO 旅游信息 (旅游时间, 旅游费用, 保险, 服务等级, 旅游合同, 旅游团_id, 顾客_身份证号, 旅游线路_id) VALUES ('October', 9011.86, '3', '4', NULL, 1, '2931663150', 7);

INSERT INTO 旅游信息 (旅游时间, 旅游费用, 保险, 服务等级, 旅游合同, 旅游团_id, 顾客_身份证号, 旅游线路_id) VALUES ('March', 6560.91, '4', '3', NULL, 4, '1685146550', 5);

INSERT INTO 旅游信息 (旅游时间, 旅游费用, 保险, 服务等级, 旅游合同, 旅游团_id, 顾客_身份证号, 旅游线路_id) VALUES ('February', 3607.88, '4', '4', NULL, 1, '3123015069', 3);

INSERT INTO 旅游信息 (旅游时间, 旅游费用, 保险, 服务等级, 旅游合同, 旅游团_id, 顾客_身份证号, 旅游线路_id) VALUES ('June', 9939.22, '4', '3', NULL, 4, '1348565977', 3);

INSERT INTO 旅游信息 (旅游时间, 旅游费用, 保险, 服务等级, 旅游合同, 旅游团_id, 顾客_身份证号, 旅游线路_id) VALUES ('May', 8650.94, '2', '4', NULL, 4, '2089658218', 2);

INSERT INTO 旅游信息 (旅游时间, 旅游费用, 保险, 服务等级, 旅游合同, 旅游团_id, 顾客_身份证号, 旅游线路_id) VALUES ('February', 5327.34, '4', '4', NULL, 7, '2676717960', 9);

INSERT INTO 旅游信息 (旅游时间, 旅游费用, 保险, 服务等级, 旅游合同, 旅游团_id, 顾客_身份证号, 旅游线路_id) VALUES ('August', 3509.97, '5', '4', NULL, 8, '2754199982', 4);

INSERT INTO 旅游信息 (旅游时间, 旅游费用, 保险, 服务等级, 旅游合同, 旅游团_id, 顾客_身份证号, 旅游线路_id) VALUES ('August', 3149.8, '2', '4', NULL, 8, '2403115803', 7);

INSERT INTO 旅游信息 (旅游时间, 旅游费用, 保险, 服务等级, 旅游合同, 旅游团_id, 顾客_身份证号, 旅游线路_id) VALUES ('August', 6666.3, '1', '5', NULL, 4, '1668811412', 5);

INSERT INTO 旅游信息 (旅游时间, 旅游费用, 保险, 服务等级, 旅游合同, 旅游团_id, 顾客_身份证号, 旅游线路_id) VALUES ('August', 6469.78, '4', '5', NULL, 8, '2891721391', 8);

INSERT INTO 旅游信息 (旅游时间, 旅游费用, 保险, 服务等级, 旅游合同, 旅游团_id, 顾客_身份证号, 旅游线路_id) VALUES ('April', 8190.7, '2', '3', NULL, 6, '2205317019', 7);

INSERT INTO 旅游信息 (旅游时间, 旅游费用, 保险, 服务等级, 旅游合同, 旅游团_id, 顾客_身份证号, 旅游线路_id) VALUES ('August', 5815.36, '3', '5', NULL, 4, '1825337046', 10);

INSERT INTO 旅游信息 (旅游时间, 旅游费用, 保险, 服务等级, 旅游合同, 旅游团_id, 顾客_身份证号, 旅游线路_id) VALUES ('June', 9591.54, '4', '5', NULL, 2, '2492646876', 9);

INSERT INTO 旅游信息 (旅游时间, 旅游费用, 保险, 服务等级, 旅游合同, 旅游团_id, 顾客_身份证号, 旅游线路_id) VALUES ('July', 4233.45, '5', '5', NULL, 2, '1977479956', 7);

INSERT INTO 旅游信息 (旅游时间, 旅游费用, 保险, 服务等级, 旅游合同, 旅游团_id, 顾客_身份证号, 旅游线路_id) VALUES ('April', 6364.86, '3', '4', NULL, 10, '1058707520', 2);

INSERT INTO 旅游信息 (旅游时间, 旅游费用, 保险, 服务等级, 旅游合同, 旅游团_id, 顾客_身份证号, 旅游线路_id) VALUES ('January', 3177.16, '5', '3', NULL, 4, '1799324914', 10);

INSERT INTO 旅游信息 (旅游时间, 旅游费用, 保险, 服务等级, 旅游合同, 旅游团_id, 顾客_身份证号, 旅游线路_id) VALUES ('March', 3831.92, '4', '5', NULL, 4, '3091778989', 7);

INSERT INTO 旅游信息 (旅游时间, 旅游费用, 保险, 服务等级, 旅游合同, 旅游团_id, 顾客_身份证号, 旅游线路_id) VALUES ('September', 7332.87, '4', '4', NULL, 4, '2608679950', 10);

INSERT INTO 旅游信息 (旅游时间, 旅游费用, 保险, 服务等级, 旅游合同, 旅游团_id, 顾客_身份证号, 旅游线路_id) VALUES ('August', 3866.66, '1', '4', NULL, 8, '2608679950', 3);

INSERT INTO 旅游信息 (旅游时间, 旅游费用, 保险, 服务等级, 旅游合同, 旅游团_id, 顾客_身份证号, 旅游线路_id) VALUES ('May', 5684.16, '4', '5', NULL, 3, '1315870491', 9);

INSERT INTO 旅游信息 (旅游时间, 旅游费用, 保险, 服务等级, 旅游合同, 旅游团_id, 顾客_身份证号, 旅游线路_id) VALUES ('February', 7087.8, '4', '3', NULL, 9, '2510899517', 2);

INSERT INTO 旅游信息 (旅游时间, 旅游费用, 保险, 服务等级, 旅游合同, 旅游团_id, 顾客_身份证号, 旅游线路_id) VALUES ('July', 8749.4, '2', '4', NULL, 6, '2124840584', 6);

INSERT INTO 旅游信息 (旅游时间, 旅游费用, 保险, 服务等级, 旅游合同, 旅游团_id, 顾客_身份证号, 旅游线路_id) VALUES ('March', 7330.69, '1', '5', NULL, 4, '2937219120', 1);

INSERT INTO 旅游信息 (旅游时间, 旅游费用, 保险, 服务等级, 旅游合同, 旅游团_id, 顾客_身份证号, 旅游线路_id) VALUES ('June', 5374.26, '3', '4', NULL, 9, '1914182413', 1);

INSERT INTO 旅游信息 (旅游时间, 旅游费用, 保险, 服务等级, 旅游合同, 旅游团_id, 顾客_身份证号, 旅游线路_id) VALUES ('October', 5322.82, '3', '5', NULL, 6, '3056777928', 4);

INSERT INTO 旅游信息 (旅游时间, 旅游费用, 保险, 服务等级, 旅游合同, 旅游团_id, 顾客_身份证号, 旅游线路_id) VALUES ('July', 3266.05, '1', '3', NULL, 3, '3107414589', 2);

INSERT INTO 旅游信息 (旅游时间, 旅游费用, 保险, 服务等级, 旅游合同, 旅游团_id, 顾客_身份证号, 旅游线路_id) VALUES ('March', 3079, '4', '4', NULL, 1, '1540215633', 7);

INSERT INTO 旅游信息 (旅游时间, 旅游费用, 保险, 服务等级, 旅游合同, 旅游团_id, 顾客_身份证号, 旅游线路_id) VALUES ('June', 6375.07, '2', '4', NULL, 4, '1569249620', 1);

INSERT INTO 旅游信息 (旅游时间, 旅游费用, 保险, 服务等级, 旅游合同, 旅游团_id, 顾客_身份证号, 旅游线路_id) VALUES ('July', 5100.62, '2', '3', NULL, 9, '2776640231', 5);

INSERT INTO 旅游信息 (旅游时间, 旅游费用, 保险, 服务等级, 旅游合同, 旅游团_id, 顾客_身份证号, 旅游线路_id) VALUES ('September', 7271.42, '4', '5', NULL, 4, '2671992641', 7);

INSERT INTO 旅游信息 (旅游时间, 旅游费用, 保险, 服务等级, 旅游合同, 旅游团_id, 顾客_身份证号, 旅游线路_id) VALUES ('September', 7584.46, '5', '5', NULL, 1, '2193242583', 4);

INSERT INTO 旅游信息 (旅游时间, 旅游费用, 保险, 服务等级, 旅游合同, 旅游团_id, 顾客_身份证号, 旅游线路_id) VALUES ('July', 9373.74, '3', '4', NULL, 6, '2577075338', 3);

INSERT INTO 旅游信息 (旅游时间, 旅游费用, 保险, 服务等级, 旅游合同, 旅游团_id, 顾客_身份证号, 旅游线路_id) VALUES ('April', 4551.81, '4', '4', NULL, 3, '1341643821', 1);

INSERT INTO 旅游信息 (旅游时间, 旅游费用, 保险, 服务等级, 旅游合同, 旅游团_id, 顾客_身份证号, 旅游线路_id) VALUES ('January', 4937.58, '2', '4', NULL, 7, '2408588735', 8);

INSERT INTO 旅游信息 (旅游时间, 旅游费用, 保险, 服务等级, 旅游合同, 旅游团_id, 顾客_身份证号, 旅游线路_id) VALUES ('May', 5094.12, '4', '3', NULL, 6, '1260573608', 6);

INSERT INTO 旅游信息 (旅游时间, 旅游费用, 保险, 服务等级, 旅游合同, 旅游团_id, 顾客_身份证号, 旅游线路_id) VALUES ('October', 8973.55, '4', '4', NULL, 3, '2861148229', 5);

INSERT INTO 旅游信息 (旅游时间, 旅游费用, 保险, 服务等级, 旅游合同, 旅游团_id, 顾客_身份证号, 旅游线路_id) VALUES ('January', 5492.07, '2', '3', NULL, 5, '1439514663', 5);

INSERT INTO 旅游信息 (旅游时间, 旅游费用, 保险, 服务等级, 旅游合同, 旅游团_id, 顾客_身份证号, 旅游线路_id) VALUES ('October', 3190.39, '2', '3', NULL, 10, '1790070732', 3);

INSERT INTO 旅游信息 (旅游时间, 旅游费用, 保险, 服务等级, 旅游合同, 旅游团_id, 顾客_身份证号, 旅游线路_id) VALUES ('May', 6093.98, '3', '4', NULL, 6, '2123318420', 2);

INSERT INTO 旅游信息 (旅游时间, 旅游费用, 保险, 服务等级, 旅游合同, 旅游团_id, 顾客_身份证号, 旅游线路_id) VALUES ('March', 6788.53, '4', '3', NULL, 2, '1950761357', 8);

INSERT INTO 旅游信息 (旅游时间, 旅游费用, 保险, 服务等级, 旅游合同, 旅游团_id, 顾客_身份证号, 旅游线路_id) VALUES ('March', 5031.76, '4', '4', NULL, 7, '2355513401', 1);

INSERT INTO 旅游信息 (旅游时间, 旅游费用, 保险, 服务等级, 旅游合同, 旅游团_id, 顾客_身份证号, 旅游线路_id) VALUES ('May', 6738.52, '4', '5', NULL, 7, '3131628988', 2);

INSERT INTO 旅游信息 (旅游时间, 旅游费用, 保险, 服务等级, 旅游合同, 旅游团_id, 顾客_身份证号, 旅游线路_id) VALUES ('September', 7587.53, '3', '4', NULL, 6, '2647175269', 10);

INSERT INTO 旅游信息 (旅游时间, 旅游费用, 保险, 服务等级, 旅游合同, 旅游团_id, 顾客_身份证号, 旅游线路_id) VALUES ('January', 5023.83, '5', '4', NULL, 9, '1739288221', 8);

INSERT INTO 旅游信息 (旅游时间, 旅游费用, 保险, 服务等级, 旅游合同, 旅游团_id, 顾客_身份证号, 旅游线路_id) VALUES ('February', 6203.17, '5', '5', NULL, 3, '2511063761', 6);

INSERT INTO 旅游信息 (旅游时间, 旅游费用, 保险, 服务等级, 旅游合同, 旅游团_id, 顾客_身份证号, 旅游线路_id) VALUES ('April', 3494.94, '1', '4', NULL, 9, '2602743212', 3);

INSERT INTO 旅游信息 (旅游时间, 旅游费用, 保险, 服务等级, 旅游合同, 旅游团_id, 顾客_身份证号, 旅游线路_id) VALUES ('February', 4208.22, '4', '4', NULL, 5, '1672683903', 7);

INSERT INTO 旅游信息 (旅游时间, 旅游费用, 保险, 服务等级, 旅游合同, 旅游团_id, 顾客_身份证号, 旅游线路_id) VALUES ('July', 5205.66, '2', '3', NULL, 8, '1304268707', 10);

INSERT INTO 旅游信息 (旅游时间, 旅游费用, 保险, 服务等级, 旅游合同, 旅游团_id, 顾客_身份证号, 旅游线路_id) VALUES ('July', 5087.03, '2', '5', NULL, 8, '2608174216', 8);

INSERT INTO 旅游信息 (旅游时间, 旅游费用, 保险, 服务等级, 旅游合同, 旅游团_id, 顾客_身份证号, 旅游线路_id) VALUES ('October', 3837.56, '1', '3', NULL, 9, '2788028328', 6);

INSERT INTO 旅游信息 (旅游时间, 旅游费用, 保险, 服务等级, 旅游合同, 旅游团_id, 顾客_身份证号, 旅游线路_id) VALUES ('July', 6712.43, '3', '4', NULL, 8, '2943239368', 10);

INSERT INTO 旅游信息 (旅游时间, 旅游费用, 保险, 服务等级, 旅游合同, 旅游团_id, 顾客_身份证号, 旅游线路_id) VALUES ('January', 3791.33, '4', '4', NULL, 10, '1284026640', 7);

INSERT INTO 旅游信息 (旅游时间, 旅游费用, 保险, 服务等级, 旅游合同, 旅游团_id, 顾客_身份证号, 旅游线路_id) VALUES ('April', 8250.04, '3', '4', NULL, 2, '2198907505', 5);

INSERT INTO 旅游信息 (旅游时间, 旅游费用, 保险, 服务等级, 旅游合同, 旅游团_id, 顾客_身份证号, 旅游线路_id) VALUES ('February', 7126.79, '3', '4', NULL, 8, '1998991029', 6);

INSERT INTO 旅游信息 (旅游时间, 旅游费用, 保险, 服务等级, 旅游合同, 旅游团_id, 顾客_身份证号, 旅游线路_id) VALUES ('January', 6492.6, '3', '4', NULL, 1, '1032208022', 6);

INSERT INTO 旅游信息 (旅游时间, 旅游费用, 保险, 服务等级, 旅游合同, 旅游团_id, 顾客_身份证号, 旅游线路_id) VALUES ('September', 8277.43, '5', '3', NULL, 6, '2617824439', 3);

INSERT INTO 旅游信息 (旅游时间, 旅游费用, 保险, 服务等级, 旅游合同, 旅游团_id, 顾客_身份证号, 旅游线路_id) VALUES ('April', 8702.91, '4', '5', NULL, 5, '1012477284', 6);

INSERT INTO 旅游信息 (旅游时间, 旅游费用, 保险, 服务等级, 旅游合同, 旅游团_id, 顾客_身份证号, 旅游线路_id) VALUES ('August', 4906.37, '3', '4', NULL, 5, '2744778863', 6);

INSERT INTO 旅游信息 (旅游时间, 旅游费用, 保险, 服务等级, 旅游合同, 旅游团_id, 顾客_身份证号, 旅游线路_id) VALUES ('June', 8328.32, '4', '4', NULL, 2, '2207032553', 4);

INSERT INTO 旅游信息 (旅游时间, 旅游费用, 保险, 服务等级, 旅游合同, 旅游团_id, 顾客_身份证号, 旅游线路_id) VALUES ('January', 6052.85, '3', '3', NULL, 5, '2395307619', 9);

INSERT INTO 旅游信息 (旅游时间, 旅游费用, 保险, 服务等级, 旅游合同, 旅游团_id, 顾客_身份证号, 旅游线路_id) VALUES ('April', 8795.99, '5', '5', NULL, 2, '2211524785', 9);

INSERT INTO 旅游信息 (旅游时间, 旅游费用, 保险, 服务等级, 旅游合同, 旅游团_id, 顾客_身份证号, 旅游线路_id) VALUES ('July', 3203.83, '3', '4', NULL, 4, '2941330349', 8);

INSERT INTO 旅游信息 (旅游时间, 旅游费用, 保险, 服务等级, 旅游合同, 旅游团_id, 顾客_身份证号, 旅游线路_id) VALUES ('June', 7684.22, '3', '5', NULL, 7, '1243116584', 3);

INSERT INTO 旅游信息 (旅游时间, 旅游费用, 保险, 服务等级, 旅游合同, 旅游团_id, 顾客_身份证号, 旅游线路_id) VALUES ('September', 9804.12, '3', '5', NULL, 9, '2988711805', 2);

INSERT INTO 旅游信息 (旅游时间, 旅游费用, 保险, 服务等级, 旅游合同, 旅游团_id, 顾客_身份证号, 旅游线路_id) VALUES ('April', 6099.11, '1', '3', NULL, 5, '2930088822', 10);

INSERT INTO 旅游信息 (旅游时间, 旅游费用, 保险, 服务等级, 旅游合同, 旅游团_id, 顾客_身份证号, 旅游线路_id) VALUES ('August', 3103.47, '3', '4', NULL, 7, '1694945299', 5);

INSERT INTO 旅游信息 (旅游时间, 旅游费用, 保险, 服务等级, 旅游合同, 旅游团_id, 顾客_身份证号, 旅游线路_id) VALUES ('August', 6981.63, '5', '4', NULL, 1, '2779898237', 9);

INSERT INTO 旅游信息 (旅游时间, 旅游费用, 保险, 服务等级, 旅游合同, 旅游团_id, 顾客_身份证号, 旅游线路_id) VALUES ('October', 9257.1, '5', '3', NULL, 4, '2634721468', 9);

INSERT INTO 旅游信息 (旅游时间, 旅游费用, 保险, 服务等级, 旅游合同, 旅游团_id, 顾客_身份证号, 旅游线路_id) VALUES ('August', 5701.7, '2', '4', NULL, 2, '1540215633', 8);

INSERT INTO 旅游信息 (旅游时间, 旅游费用, 保险, 服务等级, 旅游合同, 旅游团_id, 顾客_身份证号, 旅游线路_id) VALUES ('June', 3194.44, '3', '3', NULL, 4, '2534571838', 6);

INSERT INTO 旅游信息 (旅游时间, 旅游费用, 保险, 服务等级, 旅游合同, 旅游团_id, 顾客_身份证号, 旅游线路_id) VALUES ('October', 5106.94, '3', '3', NULL, 5, '1976998625', 3);

INSERT INTO 旅游信息 (旅游时间, 旅游费用, 保险, 服务等级, 旅游合同, 旅游团_id, 顾客_身份证号, 旅游线路_id) VALUES ('June', 7482.96, '2', '4', NULL, 3, '1409106930', 3);

INSERT INTO 旅游信息 (旅游时间, 旅游费用, 保险, 服务等级, 旅游合同, 旅游团_id, 顾客_身份证号, 旅游线路_id) VALUES ('July', 4560.3, '2', '4', NULL, 2, '1531064608', 2);

INSERT INTO 旅游信息 (旅游时间, 旅游费用, 保险, 服务等级, 旅游合同, 旅游团_id, 顾客_身份证号, 旅游线路_id) VALUES ('February', 8996.35, '2', '4', NULL, 6, '3014359832', 4);

INSERT INTO 旅游信息 (旅游时间, 旅游费用, 保险, 服务等级, 旅游合同, 旅游团_id, 顾客_身份证号, 旅游线路_id) VALUES ('June', 8829.38, '5', '3', NULL, 5, '1482774905', 7);

INSERT INTO 旅游信息 (旅游时间, 旅游费用, 保险, 服务等级, 旅游合同, 旅游团_id, 顾客_身份证号, 旅游线路_id) VALUES ('June', 7517.89, '3', '4', NULL, 4, '1484381934', 7);

INSERT INTO 旅游信息 (旅游时间, 旅游费用, 保险, 服务等级, 旅游合同, 旅游团_id, 顾客_身份证号, 旅游线路_id) VALUES ('April', 3097.26, '2', '3', NULL, 7, '1503247625', 4);

INSERT INTO 旅游信息 (旅游时间, 旅游费用, 保险, 服务等级, 旅游合同, 旅游团_id, 顾客_身份证号, 旅游线路_id) VALUES ('February', 8440.37, '3', '4', NULL, 7, '3005453477', 5);

INSERT INTO 旅游信息 (旅游时间, 旅游费用, 保险, 服务等级, 旅游合同, 旅游团_id, 顾客_身份证号, 旅游线路_id) VALUES ('February', 6547.43, '1', '4', NULL, 2, '2399184017', 7);

INSERT INTO 旅游信息 (旅游时间, 旅游费用, 保险, 服务等级, 旅游合同, 旅游团_id, 顾客_身份证号, 旅游线路_id) VALUES ('August', 3825.21, '4', '3', NULL, 5, '1750323285', 1);

INSERT INTO 旅游信息 (旅游时间, 旅游费用, 保险, 服务等级, 旅游合同, 旅游团_id, 顾客_身份证号, 旅游线路_id) VALUES ('June', 3049.26, '2', '4', NULL, 9, '2529761927', 6);

INSERT INTO 旅游信息 (旅游时间, 旅游费用, 保险, 服务等级, 旅游合同, 旅游团_id, 顾客_身份证号, 旅游线路_id) VALUES ('August', 9500.04, '3', '4', NULL, 9, '2094927988', 4);

INSERT INTO 旅游信息 (旅游时间, 旅游费用, 保险, 服务等级, 旅游合同, 旅游团_id, 顾客_身份证号, 旅游线路_id) VALUES ('February', 9941.78, '4', '4', NULL, 8, '2047470042', 8);

INSERT INTO 旅游信息 (旅游时间, 旅游费用, 保险, 服务等级, 旅游合同, 旅游团_id, 顾客_身份证号, 旅游线路_id) VALUES ('May', 9795.61, '1', '5', NULL, 8, '1670856934', 8);

INSERT INTO 旅游信息 (旅游时间, 旅游费用, 保险, 服务等级, 旅游合同, 旅游团_id, 顾客_身份证号, 旅游线路_id) VALUES ('August', 9862.52, '3', '4', NULL, 6, '2532632910', 7);

INSERT INTO 旅游信息 (旅游时间, 旅游费用, 保险, 服务等级, 旅游合同, 旅游团_id, 顾客_身份证号, 旅游线路_id) VALUES ('September', 9167.35, '4', '5', NULL, 3, '3069281486', 7);

INSERT INTO 旅游信息 (旅游时间, 旅游费用, 保险, 服务等级, 旅游合同, 旅游团_id, 顾客_身份证号, 旅游线路_id) VALUES ('September', 7632.7, '4', '4', NULL, 7, '3141974858', 7);

INSERT INTO 旅游信息 (旅游时间, 旅游费用, 保险, 服务等级, 旅游合同, 旅游团_id, 顾客_身份证号, 旅游线路_id) VALUES ('May', 6144.58, '2', '5', NULL, 5, '2281610801', 7);

INSERT INTO 旅游信息 (旅游时间, 旅游费用, 保险, 服务等级, 旅游合同, 旅游团_id, 顾客_身份证号, 旅游线路_id) VALUES ('May', 4833.62, '2', '4', NULL, 2, '2933454676', 4);

INSERT INTO 旅游信息 (旅游时间, 旅游费用, 保险, 服务等级, 旅游合同, 旅游团_id, 顾客_身份证号, 旅游线路_id) VALUES ('February', 4044.82, '2', '4', NULL, 3, '2089293565', 6);

INSERT INTO 旅游信息 (旅游时间, 旅游费用, 保险, 服务等级, 旅游合同, 旅游团_id, 顾客_身份证号, 旅游线路_id) VALUES ('February', 3917.82, '3', '4', NULL, 8, '1902924423', 10);

INSERT INTO 旅游信息 (旅游时间, 旅游费用, 保险, 服务等级, 旅游合同, 旅游团_id, 顾客_身份证号, 旅游线路_id) VALUES ('March', 4903.16, '3', '5', NULL, 5, '1795416040', 6);

INSERT INTO 旅游信息 (旅游时间, 旅游费用, 保险, 服务等级, 旅游合同, 旅游团_id, 顾客_身份证号, 旅游线路_id) VALUES ('February', 6286.3, '4', '4', NULL, 6, '3017872765', 9);

INSERT INTO 旅游信息 (旅游时间, 旅游费用, 保险, 服务等级, 旅游合同, 旅游团_id, 顾客_身份证号, 旅游线路_id) VALUES ('January', 9928.19, '4', '5', NULL, 3, '2116462371', 10);

INSERT INTO 旅游信息 (旅游时间, 旅游费用, 保险, 服务等级, 旅游合同, 旅游团_id, 顾客_身份证号, 旅游线路_id) VALUES ('February', 5329.41, '2', '4', NULL, 6, '2762154633', 9);

INSERT INTO 旅游信息 (旅游时间, 旅游费用, 保险, 服务等级, 旅游合同, 旅游团_id, 顾客_身份证号, 旅游线路_id) VALUES ('January', 9493.7, '2', '4', NULL, 7, '1863683888', 7);

INSERT INTO 旅游信息 (旅游时间, 旅游费用, 保险, 服务等级, 旅游合同, 旅游团_id, 顾客_身份证号, 旅游线路_id) VALUES ('March', 6165.13, '4', '4', NULL, 2, '1602151684', 10);

INSERT INTO 旅游信息 (旅游时间, 旅游费用, 保险, 服务等级, 旅游合同, 旅游团_id, 顾客_身份证号, 旅游线路_id) VALUES ('May', 3001.12, '3', '5', NULL, 2, '2977890846', 8);

INSERT INTO 旅游信息 (旅游时间, 旅游费用, 保险, 服务等级, 旅游合同, 旅游团_id, 顾客_身份证号, 旅游线路_id) VALUES ('February', 4309.19, '4', '4', NULL, 3, '2649277461', 8);

INSERT INTO 旅游信息 (旅游时间, 旅游费用, 保险, 服务等级, 旅游合同, 旅游团_id, 顾客_身份证号, 旅游线路_id) VALUES ('August', 4293.37, '3', '5', NULL, 5, '1686775310', 6);

INSERT INTO 旅游信息 (旅游时间, 旅游费用, 保险, 服务等级, 旅游合同, 旅游团_id, 顾客_身份证号, 旅游线路_id) VALUES ('April', 6417.5, '4', '4', NULL, 4, '1219959288', 9);

INSERT INTO 旅游信息 (旅游时间, 旅游费用, 保险, 服务等级, 旅游合同, 旅游团_id, 顾客_身份证号, 旅游线路_id) VALUES ('June', 3036.84, '2', '4', NULL, 3, '2290047132', 7);

INSERT INTO 旅游信息 (旅游时间, 旅游费用, 保险, 服务等级, 旅游合同, 旅游团_id, 顾客_身份证号, 旅游线路_id) VALUES ('August', 4406.2, '4', '4', NULL, 10, '1553989244', 8);

INSERT INTO 旅游信息 (旅游时间, 旅游费用, 保险, 服务等级, 旅游合同, 旅游团_id, 顾客_身份证号, 旅游线路_id) VALUES ('August', 9928.3, '2', '4', NULL, 9, '1860249553', 10);

INSERT INTO 旅游信息 (旅游时间, 旅游费用, 保险, 服务等级, 旅游合同, 旅游团_id, 顾客_身份证号, 旅游线路_id) VALUES ('March', 6068.68, '4', '3', NULL, 10, '1863840842', 7);

INSERT INTO 旅游信息 (旅游时间, 旅游费用, 保险, 服务等级, 旅游合同, 旅游团_id, 顾客_身份证号, 旅游线路_id) VALUES ('September', 3033.15, '2', '4', NULL, 1, '1846416074', 6);

INSERT INTO 旅游信息 (旅游时间, 旅游费用, 保险, 服务等级, 旅游合同, 旅游团_id, 顾客_身份证号, 旅游线路_id) VALUES ('June', 7770.21, '5', '5', NULL, 6, '2439885932', 4);

INSERT INTO 旅游信息 (旅游时间, 旅游费用, 保险, 服务等级, 旅游合同, 旅游团_id, 顾客_身份证号, 旅游线路_id) VALUES ('August', 4825.14, '2', '5', NULL, 4, '1576351044', 9);

INSERT INTO 旅游信息 (旅游时间, 旅游费用, 保险, 服务等级, 旅游合同, 旅游团_id, 顾客_身份证号, 旅游线路_id) VALUES ('October', 4408.31, '2', '4', NULL, 6, '1968995671', 3);

INSERT INTO 旅游信息 (旅游时间, 旅游费用, 保险, 服务等级, 旅游合同, 旅游团_id, 顾客_身份证号, 旅游线路_id) VALUES ('March', 7179.44, '4', '3', NULL, 8, '1126974710', 8);

INSERT INTO 旅游信息 (旅游时间, 旅游费用, 保险, 服务等级, 旅游合同, 旅游团_id, 顾客_身份证号, 旅游线路_id) VALUES ('June', 7708.28, '5', '5', NULL, 2, '2119406002', 5);

INSERT INTO 旅游信息 (旅游时间, 旅游费用, 保险, 服务等级, 旅游合同, 旅游团_id, 顾客_身份证号, 旅游线路_id) VALUES ('July', 7013.49, '4', '5', NULL, 5, '1911275421', 6);

INSERT INTO 旅游信息 (旅游时间, 旅游费用, 保险, 服务等级, 旅游合同, 旅游团_id, 顾客_身份证号, 旅游线路_id) VALUES ('June', 9838.13, '2', '5', NULL, 2, '1190307431', 3);

INSERT INTO 旅游信息 (旅游时间, 旅游费用, 保险, 服务等级, 旅游合同, 旅游团_id, 顾客_身份证号, 旅游线路_id) VALUES ('July', 5676.11, '4', '5', NULL, 9, '1792193564', 2);

INSERT INTO 旅游信息 (旅游时间, 旅游费用, 保险, 服务等级, 旅游合同, 旅游团_id, 顾客_身份证号, 旅游线路_id) VALUES ('February', 4807.83, '1', '3', NULL, 7, '1573743480', 8);

INSERT INTO 旅游信息 (旅游时间, 旅游费用, 保险, 服务等级, 旅游合同, 旅游团_id, 顾客_身份证号, 旅游线路_id) VALUES ('January', 7247.12, '4', '5', NULL, 3, '1709422804', 8);

INSERT INTO 旅游信息 (旅游时间, 旅游费用, 保险, 服务等级, 旅游合同, 旅游团_id, 顾客_身份证号, 旅游线路_id) VALUES ('June', 4317.1, '4', '4', NULL, 3, '1814232820', 2);

INSERT INTO 旅游信息 (旅游时间, 旅游费用, 保险, 服务等级, 旅游合同, 旅游团_id, 顾客_身份证号, 旅游线路_id) VALUES ('January', 4255.22, '3', '4', NULL, 6, '1980166080', 3);

INSERT INTO 旅游信息 (旅游时间, 旅游费用, 保险, 服务等级, 旅游合同, 旅游团_id, 顾客_身份证号, 旅游线路_id) VALUES ('January', 9297.27, '3', '5', NULL, 5, '1631124318', 6);

INSERT INTO 旅游信息 (旅游时间, 旅游费用, 保险, 服务等级, 旅游合同, 旅游团_id, 顾客_身份证号, 旅游线路_id) VALUES ('October', 8389.54, '3', '5', NULL, 8, '2789229870', 8);

INSERT INTO 旅游信息 (旅游时间, 旅游费用, 保险, 服务等级, 旅游合同, 旅游团_id, 顾客_身份证号, 旅游线路_id) VALUES ('September', 8143.04, '1', '4', NULL, 3, '2760519256', 6);

INSERT INTO 旅游信息 (旅游时间, 旅游费用, 保险, 服务等级, 旅游合同, 旅游团_id, 顾客_身份证号, 旅游线路_id) VALUES ('May', 5768.14, '4', '4', NULL, 3, '1631124318', 3);

INSERT INTO 旅游信息 (旅游时间, 旅游费用, 保险, 服务等级, 旅游合同, 旅游团_id, 顾客_身份证号, 旅游线路_id) VALUES ('April', 6394.58, '5', '4', NULL, 4, '1384763284', 2);

INSERT INTO 旅游信息 (旅游时间, 旅游费用, 保险, 服务等级, 旅游合同, 旅游团_id, 顾客_身份证号, 旅游线路_id) VALUES ('February', 7716.3, '2', '5', NULL, 2, '3012492005', 2);

INSERT INTO 旅游信息 (旅游时间, 旅游费用, 保险, 服务等级, 旅游合同, 旅游团_id, 顾客_身份证号, 旅游线路_id) VALUES ('October', 6301.85, '3', '4', NULL, 7, '2719495895', 4);

INSERT INTO 旅游信息 (旅游时间, 旅游费用, 保险, 服务等级, 旅游合同, 旅游团_id, 顾客_身份证号, 旅游线路_id) VALUES ('March', 5024.5, '4', '3', NULL, 5, '2234724305', 2);

INSERT INTO 旅游信息 (旅游时间, 旅游费用, 保险, 服务等级, 旅游合同, 旅游团_id, 顾客_身份证号, 旅游线路_id) VALUES ('March', 6236.66, '4', '4', NULL, 8, '2264893003', 2);

INSERT INTO 旅游信息 (旅游时间, 旅游费用, 保险, 服务等级, 旅游合同, 旅游团_id, 顾客_身份证号, 旅游线路_id) VALUES ('June', 9183.03, '3', '3', NULL, 4, '2861148229', 8);

INSERT INTO 旅游信息 (旅游时间, 旅游费用, 保险, 服务等级, 旅游合同, 旅游团_id, 顾客_身份证号, 旅游线路_id) VALUES ('January', 7411.86, '2', '4', NULL, 5, '3077616843', 10);

INSERT INTO 旅游信息 (旅游时间, 旅游费用, 保险, 服务等级, 旅游合同, 旅游团_id, 顾客_身份证号, 旅游线路_id) VALUES ('February', 7277.09, '4', '4', NULL, 6, '2830759521', 8);

INSERT INTO 旅游信息 (旅游时间, 旅游费用, 保险, 服务等级, 旅游合同, 旅游团_id, 顾客_身份证号, 旅游线路_id) VALUES ('February', 8284.88, '5', '5', NULL, 7, '1619591103', 9);

INSERT INTO 旅游信息 (旅游时间, 旅游费用, 保险, 服务等级, 旅游合同, 旅游团_id, 顾客_身份证号, 旅游线路_id) VALUES ('March', 3090.06, '2', '4', NULL, 7, '1402297067', 6);

INSERT INTO 旅游信息 (旅游时间, 旅游费用, 保险, 服务等级, 旅游合同, 旅游团_id, 顾客_身份证号, 旅游线路_id) VALUES ('March', 3121.01, '2', '4', NULL, 8, '2553549832', 8);

INSERT INTO 旅游信息 (旅游时间, 旅游费用, 保险, 服务等级, 旅游合同, 旅游团_id, 顾客_身份证号, 旅游线路_id) VALUES ('February', 5909.38, '4', '4', NULL, 8, '1556042379', 9);

INSERT INTO 旅游信息 (旅游时间, 旅游费用, 保险, 服务等级, 旅游合同, 旅游团_id, 顾客_身份证号, 旅游线路_id) VALUES ('October', 6545.82, '2', '4', NULL, 5, '3144017318', 6);

INSERT INTO 旅游信息 (旅游时间, 旅游费用, 保险, 服务等级, 旅游合同, 旅游团_id, 顾客_身份证号, 旅游线路_id) VALUES ('June', 5950.02, '4', '4', NULL, 2, '1728180299', 8);

INSERT INTO 旅游信息 (旅游时间, 旅游费用, 保险, 服务等级, 旅游合同, 旅游团_id, 顾客_身份证号, 旅游线路_id) VALUES ('October', 7227.55, '1', '5', NULL, 8, '1984960943', 2);

INSERT INTO 旅游信息 (旅游时间, 旅游费用, 保险, 服务等级, 旅游合同, 旅游团_id, 顾客_身份证号, 旅游线路_id) VALUES ('May', 7356.47, '2', '3', NULL, 3, '1475962726', 5);

INSERT INTO 旅游信息 (旅游时间, 旅游费用, 保险, 服务等级, 旅游合同, 旅游团_id, 顾客_身份证号, 旅游线路_id) VALUES ('July', 3806.22, '4', '5', NULL, 9, '3026284666', 7);

INSERT INTO 旅游信息 (旅游时间, 旅游费用, 保险, 服务等级, 旅游合同, 旅游团_id, 顾客_身份证号, 旅游线路_id) VALUES ('July', 8572.11, '2', '4', NULL, 5, '2948103291', 9);

INSERT INTO 旅游信息 (旅游时间, 旅游费用, 保险, 服务等级, 旅游合同, 旅游团_id, 顾客_身份证号, 旅游线路_id) VALUES ('September', 8461.3, '2', '5', NULL, 6, '2184994901', 9);

INSERT INTO 旅游信息 (旅游时间, 旅游费用, 保险, 服务等级, 旅游合同, 旅游团_id, 顾客_身份证号, 旅游线路_id) VALUES ('August', 6535.81, '3', '5', NULL, 3, '2456696629', 9);

INSERT INTO 旅游信息 (旅游时间, 旅游费用, 保险, 服务等级, 旅游合同, 旅游团_id, 顾客_身份证号, 旅游线路_id) VALUES ('July', 8869.45, '2', '4', NULL, 1, '2650713895', 2);

INSERT INTO 旅游信息 (旅游时间, 旅游费用, 保险, 服务等级, 旅游合同, 旅游团_id, 顾客_身份证号, 旅游线路_id) VALUES ('August', 7335.38, '2', '5', NULL, 7, '2081125420', 1);

INSERT INTO 旅游信息 (旅游时间, 旅游费用, 保险, 服务等级, 旅游合同, 旅游团_id, 顾客_身份证号, 旅游线路_id) VALUES ('January', 7956.63, '4', '3', NULL, 7, '2813158123', 4);

INSERT INTO 旅游信息 (旅游时间, 旅游费用, 保险, 服务等级, 旅游合同, 旅游团_id, 顾客_身份证号, 旅游线路_id) VALUES ('May', 7851.28, '2', '3', NULL, 6, '2462529988', 6);

INSERT INTO 旅游信息 (旅游时间, 旅游费用, 保险, 服务等级, 旅游合同, 旅游团_id, 顾客_身份证号, 旅游线路_id) VALUES ('January', 4939.83, '3', '3', NULL, 4, '1465845741', 6);

INSERT INTO 旅游信息 (旅游时间, 旅游费用, 保险, 服务等级, 旅游合同, 旅游团_id, 顾客_身份证号, 旅游线路_id) VALUES ('September', 7754.79, '2', '5', NULL, 6, '1299183877', 5);

INSERT INTO 旅游信息 (旅游时间, 旅游费用, 保险, 服务等级, 旅游合同, 旅游团_id, 顾客_身份证号, 旅游线路_id) VALUES ('January', 4916.08, '2', '3', NULL, 6, '1315870491', 10);

INSERT INTO 旅游信息 (旅游时间, 旅游费用, 保险, 服务等级, 旅游合同, 旅游团_id, 顾客_身份证号, 旅游线路_id) VALUES ('April', 5816.22, '5', '5', NULL, 2, '2913183337', 1);

INSERT INTO 旅游信息 (旅游时间, 旅游费用, 保险, 服务等级, 旅游合同, 旅游团_id, 顾客_身份证号, 旅游线路_id) VALUES ('October', 5901.79, '1', '4', NULL, 4, '1683477299', 9);

INSERT INTO 旅游信息 (旅游时间, 旅游费用, 保险, 服务等级, 旅游合同, 旅游团_id, 顾客_身份证号, 旅游线路_id) VALUES ('January', 4253.59, '4', '5', NULL, 3, '1927981791', 4);

INSERT INTO 旅游信息 (旅游时间, 旅游费用, 保险, 服务等级, 旅游合同, 旅游团_id, 顾客_身份证号, 旅游线路_id) VALUES ('January', 7506.74, '4', '4', NULL, 7, '1828420942', 4);

INSERT INTO 旅游信息 (旅游时间, 旅游费用, 保险, 服务等级, 旅游合同, 旅游团_id, 顾客_身份证号, 旅游线路_id) VALUES ('July', 6279.44, '3', '5', NULL, 8, '2614963345', 5);

INSERT INTO 旅游信息 (旅游时间, 旅游费用, 保险, 服务等级, 旅游合同, 旅游团_id, 顾客_身份证号, 旅游线路_id) VALUES ('October', 3217.07, '4', '5', NULL, 7, '2934326258', 4);

INSERT INTO 旅游信息 (旅游时间, 旅游费用, 保险, 服务等级, 旅游合同, 旅游团_id, 顾客_身份证号, 旅游线路_id) VALUES ('October', 3606.82, '5', '4', NULL, 6, '2483250944', 7);

INSERT INTO 旅游信息 (旅游时间, 旅游费用, 保险, 服务等级, 旅游合同, 旅游团_id, 顾客_身份证号, 旅游线路_id) VALUES ('August', 3350.43, '2', '4', NULL, 7, '1606517966', 4);

INSERT INTO 旅游信息 (旅游时间, 旅游费用, 保险, 服务等级, 旅游合同, 旅游团_id, 顾客_身份证号, 旅游线路_id) VALUES ('September', 8602.64, '1', '5', NULL, 7, '2699914781', 10);

INSERT INTO 旅游信息 (旅游时间, 旅游费用, 保险, 服务等级, 旅游合同, 旅游团_id, 顾客_身份证号, 旅游线路_id) VALUES ('February', 9653.52, '4', '3', NULL, 5, '2185880310', 1);

INSERT INTO 旅游信息 (旅游时间, 旅游费用, 保险, 服务等级, 旅游合同, 旅游团_id, 顾客_身份证号, 旅游线路_id) VALUES ('July', 8273.41, '3', '3', NULL, 6, '1694945299', 8);

INSERT INTO 旅游信息 (旅游时间, 旅游费用, 保险, 服务等级, 旅游合同, 旅游团_id, 顾客_身份证号, 旅游线路_id) VALUES ('June', 5987.44, '2', '4', NULL, 3, '2933720926', 5);

INSERT INTO 旅游信息 (旅游时间, 旅游费用, 保险, 服务等级, 旅游合同, 旅游团_id, 顾客_身份证号, 旅游线路_id) VALUES ('July', 4914.16, '2', '3', NULL, 6, '1413201659', 9);

INSERT INTO 旅游信息 (旅游时间, 旅游费用, 保险, 服务等级, 旅游合同, 旅游团_id, 顾客_身份证号, 旅游线路_id) VALUES ('July', 8205.53, '3', '4', NULL, 7, '2779898237', 6);

INSERT INTO 旅游信息 (旅游时间, 旅游费用, 保险, 服务等级, 旅游合同, 旅游团_id, 顾客_身份证号, 旅游线路_id) VALUES ('July', 3470.38, '3', '4', NULL, 4, '1143663690', 10);

INSERT INTO 旅游信息 (旅游时间, 旅游费用, 保险, 服务等级, 旅游合同, 旅游团_id, 顾客_身份证号, 旅游线路_id) VALUES ('March', 3981.67, '5', '4', NULL, 3, '1950761357', 8);

INSERT INTO 旅游信息 (旅游时间, 旅游费用, 保险, 服务等级, 旅游合同, 旅游团_id, 顾客_身份证号, 旅游线路_id) VALUES ('March', 7656.41, '5', '3', NULL, 7, '2753305298', 8);

INSERT INTO 旅游信息 (旅游时间, 旅游费用, 保险, 服务等级, 旅游合同, 旅游团_id, 顾客_身份证号, 旅游线路_id) VALUES ('October', 4265.66, '4', '4', NULL, 5, '2641567138', 10);

INSERT INTO 旅游信息 (旅游时间, 旅游费用, 保险, 服务等级, 旅游合同, 旅游团_id, 顾客_身份证号, 旅游线路_id) VALUES ('January', 4064.42, '3', '5', NULL, 5, '2128101402', 6);

INSERT INTO 旅游信息 (旅游时间, 旅游费用, 保险, 服务等级, 旅游合同, 旅游团_id, 顾客_身份证号, 旅游线路_id) VALUES ('March', 5631.01, '5', '5', NULL, 3, '1046303673', 4);

INSERT INTO 旅游信息 (旅游时间, 旅游费用, 保险, 服务等级, 旅游合同, 旅游团_id, 顾客_身份证号, 旅游线路_id) VALUES ('June', 6396.61, '4', '5', NULL, 9, '1278620553', 2);

INSERT INTO 旅游信息 (旅游时间, 旅游费用, 保险, 服务等级, 旅游合同, 旅游团_id, 顾客_身份证号, 旅游线路_id) VALUES ('July', 6446.03, '4', '4', NULL, 3, '2185880310', 5);

INSERT INTO 旅游信息 (旅游时间, 旅游费用, 保险, 服务等级, 旅游合同, 旅游团_id, 顾客_身份证号, 旅游线路_id) VALUES ('September', 3389.16, '3', '5', NULL, 7, '2250359577', 9);

INSERT INTO 旅游信息 (旅游时间, 旅游费用, 保险, 服务等级, 旅游合同, 旅游团_id, 顾客_身份证号, 旅游线路_id) VALUES ('April', 5620.61, '3', '4', NULL, 9, '1607296817', 8);

INSERT INTO 旅游信息 (旅游时间, 旅游费用, 保险, 服务等级, 旅游合同, 旅游团_id, 顾客_身份证号, 旅游线路_id) VALUES ('March', 3232.32, '4', '4', NULL, 8, '1911275421', 9);

INSERT INTO 旅游信息 (旅游时间, 旅游费用, 保险, 服务等级, 旅游合同, 旅游团_id, 顾客_身份证号, 旅游线路_id) VALUES ('July', 5581.64, '4', '4', NULL, 4, '2991981430', 8);

INSERT INTO 旅游信息 (旅游时间, 旅游费用, 保险, 服务等级, 旅游合同, 旅游团_id, 顾客_身份证号, 旅游线路_id) VALUES ('April', 3312.04, '2', '3', NULL, 6, '2185880310', 7);

INSERT INTO 旅游信息 (旅游时间, 旅游费用, 保险, 服务等级, 旅游合同, 旅游团_id, 顾客_身份证号, 旅游线路_id) VALUES ('September', 5468.03, '3', '4', NULL, 7, '3123854395', 3);

INSERT INTO 旅游信息 (旅游时间, 旅游费用, 保险, 服务等级, 旅游合同, 旅游团_id, 顾客_身份证号, 旅游线路_id) VALUES ('June', 7476.22, '4', '4', NULL, 3, '1590485167', 5);

INSERT INTO 旅游信息 (旅游时间, 旅游费用, 保险, 服务等级, 旅游合同, 旅游团_id, 顾客_身份证号, 旅游线路_id) VALUES ('August', 6000.88, '4', '3', NULL, 8, '2929270155', 3);

INSERT INTO 旅游信息 (旅游时间, 旅游费用, 保险, 服务等级, 旅游合同, 旅游团_id, 顾客_身份证号, 旅游线路_id) VALUES ('June', 9022.38, '3', '5', NULL, 2, '2447109410', 9);

INSERT INTO 旅游信息 (旅游时间, 旅游费用, 保险, 服务等级, 旅游合同, 旅游团_id, 顾客_身份证号, 旅游线路_id) VALUES ('February', 3791.48, '5', '3', NULL, 1, '1766078120', 7);

INSERT INTO 旅游信息 (旅游时间, 旅游费用, 保险, 服务等级, 旅游合同, 旅游团_id, 顾客_身份证号, 旅游线路_id) VALUES ('January', 4965.8, '2', '5', NULL, 10, '1401740026', 4);

INSERT INTO 旅游信息 (旅游时间, 旅游费用, 保险, 服务等级, 旅游合同, 旅游团_id, 顾客_身份证号, 旅游线路_id) VALUES ('February', 3024.9, '5', '4', NULL, 3, '1676834025', 8);

INSERT INTO 旅游信息 (旅游时间, 旅游费用, 保险, 服务等级, 旅游合同, 旅游团_id, 顾客_身份证号, 旅游线路_id) VALUES ('May', 4449.86, '2', '5', NULL, 7, '2205317019', 8);

INSERT INTO 旅游信息 (旅游时间, 旅游费用, 保险, 服务等级, 旅游合同, 旅游团_id, 顾客_身份证号, 旅游线路_id) VALUES ('February', 8050.63, '5', '4', NULL, 2, '1767046011', 9);

INSERT INTO 旅游信息 (旅游时间, 旅游费用, 保险, 服务等级, 旅游合同, 旅游团_id, 顾客_身份证号, 旅游线路_id) VALUES ('August', 6215.74, '1', '4', NULL, 8, '1787657440', 9);

INSERT INTO 旅游信息 (旅游时间, 旅游费用, 保险, 服务等级, 旅游合同, 旅游团_id, 顾客_身份证号, 旅游线路_id) VALUES ('July', 6783.5, '4', '4', NULL, 2, '2086214333', 4);

INSERT INTO 旅游信息 (旅游时间, 旅游费用, 保险, 服务等级, 旅游合同, 旅游团_id, 顾客_身份证号, 旅游线路_id) VALUES ('June', 5410.86, '1', '4', NULL, 5, '1046925037', 6);

INSERT INTO 旅游信息 (旅游时间, 旅游费用, 保险, 服务等级, 旅游合同, 旅游团_id, 顾客_身份证号, 旅游线路_id) VALUES ('May', 4030.21, '4', '4', NULL, 6, '1900324294', 9);

INSERT INTO 旅游信息 (旅游时间, 旅游费用, 保险, 服务等级, 旅游合同, 旅游团_id, 顾客_身份证号, 旅游线路_id) VALUES ('June', 6391.87, '3', '4', NULL, 3, '1505656088', 4);

INSERT INTO 旅游信息 (旅游时间, 旅游费用, 保险, 服务等级, 旅游合同, 旅游团_id, 顾客_身份证号, 旅游线路_id) VALUES ('May', 9878.5, '5', '3', NULL, 7, '1863683888', 2);

INSERT INTO 旅游信息 (旅游时间, 旅游费用, 保险, 服务等级, 旅游合同, 旅游团_id, 顾客_身份证号, 旅游线路_id) VALUES ('January', 7746.47, '4', '4', NULL, 8, '2381573051', 10);

INSERT INTO 旅游信息 (旅游时间, 旅游费用, 保险, 服务等级, 旅游合同, 旅游团_id, 顾客_身份证号, 旅游线路_id) VALUES ('March', 7889.29, '3', '4', NULL, 5, '1661748892', 3);

INSERT INTO 旅游信息 (旅游时间, 旅游费用, 保险, 服务等级, 旅游合同, 旅游团_id, 顾客_身份证号, 旅游线路_id) VALUES ('September', 8770.25, '3', '5', NULL, 3, '1998991029', 3);

INSERT INTO 旅游信息 (旅游时间, 旅游费用, 保险, 服务等级, 旅游合同, 旅游团_id, 顾客_身份证号, 旅游线路_id) VALUES ('January', 7242.8, '3', '4', NULL, 8, '2608174216', 8);

INSERT INTO 旅游信息 (旅游时间, 旅游费用, 保险, 服务等级, 旅游合同, 旅游团_id, 顾客_身份证号, 旅游线路_id) VALUES ('February', 9758.84, '2', '4', NULL, 8, '1696813074', 9);

INSERT INTO 旅游信息 (旅游时间, 旅游费用, 保险, 服务等级, 旅游合同, 旅游团_id, 顾客_身份证号, 旅游线路_id) VALUES ('January', 3265.19, '2', '4', NULL, 7, '3001579334', 5);

INSERT INTO 旅游信息 (旅游时间, 旅游费用, 保险, 服务等级, 旅游合同, 旅游团_id, 顾客_身份证号, 旅游线路_id) VALUES ('January', 7039.25, '5', '5', NULL, 4, '1738649434', 9);

INSERT INTO 旅游信息 (旅游时间, 旅游费用, 保险, 服务等级, 旅游合同, 旅游团_id, 顾客_身份证号, 旅游线路_id) VALUES ('October', 6134.33, '1', '5', NULL, 9, '1564898725', 8);

INSERT INTO 旅游信息 (旅游时间, 旅游费用, 保险, 服务等级, 旅游合同, 旅游团_id, 顾客_身份证号, 旅游线路_id) VALUES ('May', 5405.26, '2', '3', NULL, 5, '3091778989', 4);

INSERT INTO 旅游信息 (旅游时间, 旅游费用, 保险, 服务等级, 旅游合同, 旅游团_id, 顾客_身份证号, 旅游线路_id) VALUES ('July', 9733.34, '3', '3', NULL, 9, '2047827335', 5);

INSERT INTO 旅游信息 (旅游时间, 旅游费用, 保险, 服务等级, 旅游合同, 旅游团_id, 顾客_身份证号, 旅游线路_id) VALUES ('August', 9640.34, '3', '5', NULL, 6, '2408588735', 2);

INSERT INTO 旅游信息 (旅游时间, 旅游费用, 保险, 服务等级, 旅游合同, 旅游团_id, 顾客_身份证号, 旅游线路_id) VALUES ('April', 9218.54, '2', '5', NULL, 4, '1766133742', 9);

INSERT INTO 旅游信息 (旅游时间, 旅游费用, 保险, 服务等级, 旅游合同, 旅游团_id, 顾客_身份证号, 旅游线路_id) VALUES ('August', 8245.6, '3', '4', NULL, 6, '3118369023', 5);

INSERT INTO 旅游信息 (旅游时间, 旅游费用, 保险, 服务等级, 旅游合同, 旅游团_id, 顾客_身份证号, 旅游线路_id) VALUES ('July', 4901.74, '2', '4', NULL, 6, '2318389240', 6);

INSERT INTO 旅游信息 (旅游时间, 旅游费用, 保险, 服务等级, 旅游合同, 旅游团_id, 顾客_身份证号, 旅游线路_id) VALUES ('June', 3694.17, '4', '3', NULL, 8, '1911275421', 5);

INSERT INTO 旅游信息 (旅游时间, 旅游费用, 保险, 服务等级, 旅游合同, 旅游团_id, 顾客_身份证号, 旅游线路_id) VALUES ('May', 6850.45, '5', '3', NULL, 5, '1884405325', 6);

INSERT INTO 旅游信息 (旅游时间, 旅游费用, 保险, 服务等级, 旅游合同, 旅游团_id, 顾客_身份证号, 旅游线路_id) VALUES ('February', 8307.6, '2', '4', NULL, 9, '1188638120', 2);

INSERT INTO 旅游信息 (旅游时间, 旅游费用, 保险, 服务等级, 旅游合同, 旅游团_id, 顾客_身份证号, 旅游线路_id) VALUES ('July', 3931.23, '5', '4', NULL, 3, '1626564697', 2);

INSERT INTO 旅游信息 (旅游时间, 旅游费用, 保险, 服务等级, 旅游合同, 旅游团_id, 顾客_身份证号, 旅游线路_id) VALUES ('May', 7598.28, '4', '4', NULL, 5, '2052418777', 9);

INSERT INTO 旅游信息 (旅游时间, 旅游费用, 保险, 服务等级, 旅游合同, 旅游团_id, 顾客_身份证号, 旅游线路_id) VALUES ('January', 4657.88, '2', '5', NULL, 6, '2614963345', 4);

INSERT INTO 旅游信息 (旅游时间, 旅游费用, 保险, 服务等级, 旅游合同, 旅游团_id, 顾客_身份证号, 旅游线路_id) VALUES ('July', 9676.73, '4', '4', NULL, 5, '2099250641', 8);

INSERT INTO 旅游信息 (旅游时间, 旅游费用, 保险, 服务等级, 旅游合同, 旅游团_id, 顾客_身份证号, 旅游线路_id) VALUES ('February', 6729.01, '3', '4', NULL, 8, '1572632406', 6);

INSERT INTO 旅游信息 (旅游时间, 旅游费用, 保险, 服务等级, 旅游合同, 旅游团_id, 顾客_身份证号, 旅游线路_id) VALUES ('April', 3424.16, '4', '4', NULL, 5, '2089293565', 6);

INSERT INTO 旅游信息 (旅游时间, 旅游费用, 保险, 服务等级, 旅游合同, 旅游团_id, 顾客_身份证号, 旅游线路_id) VALUES ('April', 9534.41, '4', '5', NULL, 5, '2131461895', 3);

INSERT INTO 旅游信息 (旅游时间, 旅游费用, 保险, 服务等级, 旅游合同, 旅游团_id, 顾客_身份证号, 旅游线路_id) VALUES ('June', 8039.5, '2', '4', NULL, 2, '2213358752', 7);

INSERT INTO 旅游信息 (旅游时间, 旅游费用, 保险, 服务等级, 旅游合同, 旅游团_id, 顾客_身份证号, 旅游线路_id) VALUES ('February', 3424.13, '3', '3', NULL, 2, '1446653457', 10);

INSERT INTO 旅游信息 (旅游时间, 旅游费用, 保险, 服务等级, 旅游合同, 旅游团_id, 顾客_身份证号, 旅游线路_id) VALUES ('February', 3514.4, '1', '4', NULL, 2, '1321512501', 5);

INSERT INTO 旅游信息 (旅游时间, 旅游费用, 保险, 服务等级, 旅游合同, 旅游团_id, 顾客_身份证号, 旅游线路_id) VALUES ('October', 6723.33, '3', '5', NULL, 1, '3138408817', 9);

INSERT INTO 旅游信息 (旅游时间, 旅游费用, 保险, 服务等级, 旅游合同, 旅游团_id, 顾客_身份证号, 旅游线路_id) VALUES ('June', 7319.95, '1', '3', NULL, 8, '2028367204', 7);

INSERT INTO 旅游信息 (旅游时间, 旅游费用, 保险, 服务等级, 旅游合同, 旅游团_id, 顾客_身份证号, 旅游线路_id) VALUES ('September', 5534.61, '2', '4', NULL, 5, '2161221803', 8);

INSERT INTO 旅游信息 (旅游时间, 旅游费用, 保险, 服务等级, 旅游合同, 旅游团_id, 顾客_身份证号, 旅游线路_id) VALUES ('April', 5810.57, '3', '3', NULL, 9, '1766078120', 7);

INSERT INTO 旅游信息 (旅游时间, 旅游费用, 保险, 服务等级, 旅游合同, 旅游团_id, 顾客_身份证号, 旅游线路_id) VALUES ('September', 8173.33, '5', '4', NULL, 8, '2391508122', 9);

INSERT INTO 旅游信息 (旅游时间, 旅游费用, 保险, 服务等级, 旅游合同, 旅游团_id, 顾客_身份证号, 旅游线路_id) VALUES ('January', 6892.48, '2', '4', NULL, 4, '2549850897', 3);

INSERT INTO 旅游信息 (旅游时间, 旅游费用, 保险, 服务等级, 旅游合同, 旅游团_id, 顾客_身份证号, 旅游线路_id) VALUES ('September', 4951.23, '3', '4', NULL, 9, '2250359577', 3);

INSERT INTO 旅游信息 (旅游时间, 旅游费用, 保险, 服务等级, 旅游合同, 旅游团_id, 顾客_身份证号, 旅游线路_id) VALUES ('January', 7110.05, '4', '3', NULL, 6, '2038049914', 6);

INSERT INTO 旅游信息 (旅游时间, 旅游费用, 保险, 服务等级, 旅游合同, 旅游团_id, 顾客_身份证号, 旅游线路_id) VALUES ('October', 8016.4, '5', '4', NULL, 6, '1991076697', 7);

INSERT INTO 旅游信息 (旅游时间, 旅游费用, 保险, 服务等级, 旅游合同, 旅游团_id, 顾客_身份证号, 旅游线路_id) VALUES ('September', 8772.36, '5', '4', NULL, 3, '1430095344', 6);

INSERT INTO 旅游信息 (旅游时间, 旅游费用, 保险, 服务等级, 旅游合同, 旅游团_id, 顾客_身份证号, 旅游线路_id) VALUES ('May', 7748.27, '3', '4', NULL, 5, '1701443157', 5);

INSERT INTO 旅游信息 (旅游时间, 旅游费用, 保险, 服务等级, 旅游合同, 旅游团_id, 顾客_身份证号, 旅游线路_id) VALUES ('September', 7512.42, '4', '5', NULL, 5, '2613637286', 3);

INSERT INTO 旅游信息 (旅游时间, 旅游费用, 保险, 服务等级, 旅游合同, 旅游团_id, 顾客_身份证号, 旅游线路_id) VALUES ('September', 7999.81, '3', '5', NULL, 6, '2184994901', 4);

INSERT INTO 旅游信息 (旅游时间, 旅游费用, 保险, 服务等级, 旅游合同, 旅游团_id, 顾客_身份证号, 旅游线路_id) VALUES ('August', 9455.95, '5', '5', NULL, 9, '1905139210', 5);

INSERT INTO 旅游信息 (旅游时间, 旅游费用, 保险, 服务等级, 旅游合同, 旅游团_id, 顾客_身份证号, 旅游线路_id) VALUES ('July', 3319.93, '3', '4', NULL, 6, '1668188044', 8);

INSERT INTO 旅游信息 (旅游时间, 旅游费用, 保险, 服务等级, 旅游合同, 旅游团_id, 顾客_身份证号, 旅游线路_id) VALUES ('April', 6050.9, '5', '5', NULL, 6, '1632849886', 7);

INSERT INTO 旅游信息 (旅游时间, 旅游费用, 保险, 服务等级, 旅游合同, 旅游团_id, 顾客_身份证号, 旅游线路_id) VALUES ('August', 5935.45, '3', '4', NULL, 3, '1373239634', 2);

INSERT INTO 旅游信息 (旅游时间, 旅游费用, 保险, 服务等级, 旅游合同, 旅游团_id, 顾客_身份证号, 旅游线路_id) VALUES ('July', 4628.62, '3', '5', NULL, 3, '2555925315', 9);

INSERT INTO 旅游信息 (旅游时间, 旅游费用, 保险, 服务等级, 旅游合同, 旅游团_id, 顾客_身份证号, 旅游线路_id) VALUES ('October', 4265.42, '2', '4', NULL, 4, '2044269317', 3);

INSERT INTO 旅游信息 (旅游时间, 旅游费用, 保险, 服务等级, 旅游合同, 旅游团_id, 顾客_身份证号, 旅游线路_id) VALUES ('April', 6472.9, '2', '3', NULL, 1, '1923482380', 3);

INSERT INTO 旅游信息 (旅游时间, 旅游费用, 保险, 服务等级, 旅游合同, 旅游团_id, 顾客_身份证号, 旅游线路_id) VALUES ('June', 3376.31, '3', '4', NULL, 9, '2198907505', 7);

INSERT INTO 旅游信息 (旅游时间, 旅游费用, 保险, 服务等级, 旅游合同, 旅游团_id, 顾客_身份证号, 旅游线路_id) VALUES ('January', 8744.97, '4', '3', NULL, 7, '1976998625', 1);

INSERT INTO 旅游信息 (旅游时间, 旅游费用, 保险, 服务等级, 旅游合同, 旅游团_id, 顾客_身份证号, 旅游线路_id) VALUES ('March', 5714.24, '5', '4', NULL, 4, '2699914781', 4);

INSERT INTO 旅游信息 (旅游时间, 旅游费用, 保险, 服务等级, 旅游合同, 旅游团_id, 顾客_身份证号, 旅游线路_id) VALUES ('October', 3618.49, '3', '5', NULL, 4, '2541266726', 9);

INSERT INTO 旅游信息 (旅游时间, 旅游费用, 保险, 服务等级, 旅游合同, 旅游团_id, 顾客_身份证号, 旅游线路_id) VALUES ('March', 7704.44, '3', '4', NULL, 8, '2488893973', 2);

INSERT INTO 旅游信息 (旅游时间, 旅游费用, 保险, 服务等级, 旅游合同, 旅游团_id, 顾客_身份证号, 旅游线路_id) VALUES ('February', 9356.02, '2', '3', NULL, 2, '1907545968', 7);

INSERT INTO 旅游信息 (旅游时间, 旅游费用, 保险, 服务等级, 旅游合同, 旅游团_id, 顾客_身份证号, 旅游线路_id) VALUES ('March', 4617.25, '1', '5', NULL, 5, '2678712661', 9);

INSERT INTO 旅游信息 (旅游时间, 旅游费用, 保险, 服务等级, 旅游合同, 旅游团_id, 顾客_身份证号, 旅游线路_id) VALUES ('July', 7054.64, '4', '5', NULL, 9, '2999711233', 9);

INSERT INTO 旅游信息 (旅游时间, 旅游费用, 保险, 服务等级, 旅游合同, 旅游团_id, 顾客_身份证号, 旅游线路_id) VALUES ('September', 9835.29, '1', '5', NULL, 1, '2963472402', 8);

INSERT INTO 旅游信息 (旅游时间, 旅游费用, 保险, 服务等级, 旅游合同, 旅游团_id, 顾客_身份证号, 旅游线路_id) VALUES ('June', 9895.09, '2', '4', NULL, 4, '1580955927', 9);

INSERT INTO 旅游信息 (旅游时间, 旅游费用, 保险, 服务等级, 旅游合同, 旅游团_id, 顾客_身份证号, 旅游线路_id) VALUES ('January', 5356.36, '1', '4', NULL, 8, '1728180299', 3);

INSERT INTO 旅游信息 (旅游时间, 旅游费用, 保险, 服务等级, 旅游合同, 旅游团_id, 顾客_身份证号, 旅游线路_id) VALUES ('September', 6280.87, '2', '5', NULL, 8, '2271134889', 7);

INSERT INTO 旅游信息 (旅游时间, 旅游费用, 保险, 服务等级, 旅游合同, 旅游团_id, 顾客_身份证号, 旅游线路_id) VALUES ('July', 4168.91, '3', '4', NULL, 3, '1538235101', 3);

INSERT INTO 旅游信息 (旅游时间, 旅游费用, 保险, 服务等级, 旅游合同, 旅游团_id, 顾客_身份证号, 旅游线路_id) VALUES ('July', 8667.41, '3', '3', NULL, 9, '1757374750', 8);

INSERT INTO 旅游信息 (旅游时间, 旅游费用, 保险, 服务等级, 旅游合同, 旅游团_id, 顾客_身份证号, 旅游线路_id) VALUES ('April', 6606.54, '5', '4', NULL, 6, '2253361078', 9);

INSERT INTO 旅游信息 (旅游时间, 旅游费用, 保险, 服务等级, 旅游合同, 旅游团_id, 顾客_身份证号, 旅游线路_id) VALUES ('February', 3394.91, '4', '4', NULL, 7, '2545728959', 2);

INSERT INTO 旅游信息 (旅游时间, 旅游费用, 保险, 服务等级, 旅游合同, 旅游团_id, 顾客_身份证号, 旅游线路_id) VALUES ('September', 5822.48, '2', '5', NULL, 8, '2876222879', 10);

INSERT INTO 旅游信息 (旅游时间, 旅游费用, 保险, 服务等级, 旅游合同, 旅游团_id, 顾客_身份证号, 旅游线路_id) VALUES ('March', 4971.76, '4', '4', NULL, 5, '2208507975', 10);

INSERT INTO 旅游信息 (旅游时间, 旅游费用, 保险, 服务等级, 旅游合同, 旅游团_id, 顾客_身份证号, 旅游线路_id) VALUES ('September', 9235.64, '2', '4', NULL, 5, '2707436795', 4);

INSERT INTO 旅游信息 (旅游时间, 旅游费用, 保险, 服务等级, 旅游合同, 旅游团_id, 顾客_身份证号, 旅游线路_id) VALUES ('August', 9641.05, '2', '3', NULL, 1, '1413201659', 3);

INSERT INTO 旅游信息 (旅游时间, 旅游费用, 保险, 服务等级, 旅游合同, 旅游团_id, 顾客_身份证号, 旅游线路_id) VALUES ('January', 9526.03, '2', '4', NULL, 9, '2304898615', 6);

INSERT INTO 旅游信息 (旅游时间, 旅游费用, 保险, 服务等级, 旅游合同, 旅游团_id, 顾客_身份证号, 旅游线路_id) VALUES ('July', 8147.08, '2', '4', NULL, 10, '2573145170', 7);

INSERT INTO 旅游信息 (旅游时间, 旅游费用, 保险, 服务等级, 旅游合同, 旅游团_id, 顾客_身份证号, 旅游线路_id) VALUES ('September', 3782.56, '5', '3', NULL, 10, '1211641454', 5);

INSERT INTO 旅游信息 (旅游时间, 旅游费用, 保险, 服务等级, 旅游合同, 旅游团_id, 顾客_身份证号, 旅游线路_id) VALUES ('March', 9166.5, '1', '4', NULL, 5, '2396210169', 5);

INSERT INTO 旅游信息 (旅游时间, 旅游费用, 保险, 服务等级, 旅游合同, 旅游团_id, 顾客_身份证号, 旅游线路_id) VALUES ('June', 8522.72, '5', '4', NULL, 3, '3123015069', 8);

INSERT INTO 旅游信息 (旅游时间, 旅游费用, 保险, 服务等级, 旅游合同, 旅游团_id, 顾客_身份证号, 旅游线路_id) VALUES ('April', 6941.38, '5', '5', NULL, 7, '1632849886', 1);

INSERT INTO 旅游信息 (旅游时间, 旅游费用, 保险, 服务等级, 旅游合同, 旅游团_id, 顾客_身份证号, 旅游线路_id) VALUES ('August', 4941.42, '1', '4', NULL, 6, '2033403989', 8);

INSERT INTO 旅游信息 (旅游时间, 旅游费用, 保险, 服务等级, 旅游合同, 旅游团_id, 顾客_身份证号, 旅游线路_id) VALUES ('July', 7070.85, '2', '3', NULL, 9, '2573145170', 7);

INSERT INTO 旅游信息 (旅游时间, 旅游费用, 保险, 服务等级, 旅游合同, 旅游团_id, 顾客_身份证号, 旅游线路_id) VALUES ('March', 6576.95, '3', '4', NULL, 4, '2462312772', 8);

INSERT INTO 旅游信息 (旅游时间, 旅游费用, 保险, 服务等级, 旅游合同, 旅游团_id, 顾客_身份证号, 旅游线路_id) VALUES ('January', 4139.31, '4', '5', NULL, 8, '1607296817', 9);

INSERT INTO 旅游信息 (旅游时间, 旅游费用, 保险, 服务等级, 旅游合同, 旅游团_id, 顾客_身份证号, 旅游线路_id) VALUES ('January', 5362.09, '1', '3', NULL, 8, '1038853989', 8);

INSERT INTO 旅游信息 (旅游时间, 旅游费用, 保险, 服务等级, 旅游合同, 旅游团_id, 顾客_身份证号, 旅游线路_id) VALUES ('February', 6497.72, '2', '5', NULL, 3, '1632849886', 7);

INSERT INTO 旅游信息 (旅游时间, 旅游费用, 保险, 服务等级, 旅游合同, 旅游团_id, 顾客_身份证号, 旅游线路_id) VALUES ('October', 7638.14, '3', '5', NULL, 3, '1783787283', 7);

INSERT INTO 旅游信息 (旅游时间, 旅游费用, 保险, 服务等级, 旅游合同, 旅游团_id, 顾客_身份证号, 旅游线路_id) VALUES ('January', 9384.25, '3', '4', NULL, 6, '1657422775', 4);

INSERT INTO 旅游信息 (旅游时间, 旅游费用, 保险, 服务等级, 旅游合同, 旅游团_id, 顾客_身份证号, 旅游线路_id) VALUES ('April', 8375.78, '2', '4', NULL, 6, '2019061357', 4);

INSERT INTO 旅游信息 (旅游时间, 旅游费用, 保险, 服务等级, 旅游合同, 旅游团_id, 顾客_身份证号, 旅游线路_id) VALUES ('July', 7721.25, '2', '3', NULL, 7, '3118793059', 7);

INSERT INTO 旅游信息 (旅游时间, 旅游费用, 保险, 服务等级, 旅游合同, 旅游团_id, 顾客_身份证号, 旅游线路_id) VALUES ('January', 4050.31, '5', '4', NULL, 8, '1296519340', 1);

INSERT INTO 旅游信息 (旅游时间, 旅游费用, 保险, 服务等级, 旅游合同, 旅游团_id, 顾客_身份证号, 旅游线路_id) VALUES ('April', 3981.69, '2', '4', NULL, 9, '2564002970', 3);

INSERT INTO 旅游信息 (旅游时间, 旅游费用, 保险, 服务等级, 旅游合同, 旅游团_id, 顾客_身份证号, 旅游线路_id) VALUES ('July', 4044.35, '1', '3', NULL, 3, '1385298149', 9);

INSERT INTO 旅游信息 (旅游时间, 旅游费用, 保险, 服务等级, 旅游合同, 旅游团_id, 顾客_身份证号, 旅游线路_id) VALUES ('June', 4557.48, '3', '5', NULL, 5, '1849560885', 7);

INSERT INTO 旅游信息 (旅游时间, 旅游费用, 保险, 服务等级, 旅游合同, 旅游团_id, 顾客_身份证号, 旅游线路_id) VALUES ('May', 9171.42, '4', '5', NULL, 10, '1988138262', 6);

INSERT INTO 旅游信息 (旅游时间, 旅游费用, 保险, 服务等级, 旅游合同, 旅游团_id, 顾客_身份证号, 旅游线路_id) VALUES ('June', 9009.34, '3', '4', NULL, 8, '1742185274', 9);

INSERT INTO 旅游信息 (旅游时间, 旅游费用, 保险, 服务等级, 旅游合同, 旅游团_id, 顾客_身份证号, 旅游线路_id) VALUES ('June', 7806.6, '5', '4', NULL, 8, '1388412082', 9);

INSERT INTO 旅游信息 (旅游时间, 旅游费用, 保险, 服务等级, 旅游合同, 旅游团_id, 顾客_身份证号, 旅游线路_id) VALUES ('January', 6838.15, '2', '5', NULL, 9, '1846416074', 2);

INSERT INTO 旅游信息 (旅游时间, 旅游费用, 保险, 服务等级, 旅游合同, 旅游团_id, 顾客_身份证号, 旅游线路_id) VALUES ('February', 3060.08, '3', '3', NULL, 6, '2749418689', 6);

INSERT INTO 旅游信息 (旅游时间, 旅游费用, 保险, 服务等级, 旅游合同, 旅游团_id, 顾客_身份证号, 旅游线路_id) VALUES ('July', 6482.39, '4', '4', NULL, 5, '2502096648', 5);

INSERT INTO 旅游信息 (旅游时间, 旅游费用, 保险, 服务等级, 旅游合同, 旅游团_id, 顾客_身份证号, 旅游线路_id) VALUES ('September', 4041.13, '4', '4', NULL, 3, '2488796213', 9);

INSERT INTO 旅游信息 (旅游时间, 旅游费用, 保险, 服务等级, 旅游合同, 旅游团_id, 顾客_身份证号, 旅游线路_id) VALUES ('February', 4259.12, '2', '5', NULL, 6, '1514564197', 10);

INSERT INTO 旅游信息 (旅游时间, 旅游费用, 保险, 服务等级, 旅游合同, 旅游团_id, 顾客_身份证号, 旅游线路_id) VALUES ('January', 6230.77, '3', '4', NULL, 2, '1271836641', 6);

INSERT INTO 旅游信息 (旅游时间, 旅游费用, 保险, 服务等级, 旅游合同, 旅游团_id, 顾客_身份证号, 旅游线路_id) VALUES ('April', 6244.76, '5', '4', NULL, 9, '1045084079', 8);

INSERT INTO 旅游信息 (旅游时间, 旅游费用, 保险, 服务等级, 旅游合同, 旅游团_id, 顾客_身份证号, 旅游线路_id) VALUES ('April', 3257.07, '2', '4', NULL, 1, '2577516948', 4);

INSERT INTO 旅游信息 (旅游时间, 旅游费用, 保险, 服务等级, 旅游合同, 旅游团_id, 顾客_身份证号, 旅游线路_id) VALUES ('May', 7324.07, '3', '4', NULL, 4, '2132288368', 6);

INSERT INTO 旅游信息 (旅游时间, 旅游费用, 保险, 服务等级, 旅游合同, 旅游团_id, 顾客_身份证号, 旅游线路_id) VALUES ('August', 8455.04, '3', '3', NULL, 2, '1011873347', 8);

INSERT INTO 旅游信息 (旅游时间, 旅游费用, 保险, 服务等级, 旅游合同, 旅游团_id, 顾客_身份证号, 旅游线路_id) VALUES ('April', 8472.54, '4', '5', NULL, 10, '1207893154', 1);

INSERT INTO 旅游信息 (旅游时间, 旅游费用, 保险, 服务等级, 旅游合同, 旅游团_id, 顾客_身份证号, 旅游线路_id) VALUES ('March', 6704.79, '3', '5', NULL, 8, '2462529988', 9);

INSERT INTO 旅游信息 (旅游时间, 旅游费用, 保险, 服务等级, 旅游合同, 旅游团_id, 顾客_身份证号, 旅游线路_id) VALUES ('February', 5057.31, '3', '3', NULL, 3, '2047827335', 8);

INSERT INTO 旅游信息 (旅游时间, 旅游费用, 保险, 服务等级, 旅游合同, 旅游团_id, 顾客_身份证号, 旅游线路_id) VALUES ('January', 5931.85, '3', '5', NULL, 2, '1445397933', 9);

INSERT INTO 旅游信息 (旅游时间, 旅游费用, 保险, 服务等级, 旅游合同, 旅游团_id, 顾客_身份证号, 旅游线路_id) VALUES ('August', 6715.68, '5', '4', NULL, 9, '2937219120', 2);

INSERT INTO 旅游信息 (旅游时间, 旅游费用, 保险, 服务等级, 旅游合同, 旅游团_id, 顾客_身份证号, 旅游线路_id) VALUES ('October', 3853.04, '3', '4', NULL, 10, '2912110417', 8);

INSERT INTO 旅游信息 (旅游时间, 旅游费用, 保险, 服务等级, 旅游合同, 旅游团_id, 顾客_身份证号, 旅游线路_id) VALUES ('June', 9603.9, '5', '5', NULL, 6, '2003372061', 4);

INSERT INTO 旅游信息 (旅游时间, 旅游费用, 保险, 服务等级, 旅游合同, 旅游团_id, 顾客_身份证号, 旅游线路_id) VALUES ('February', 9204.13, '4', '4', NULL, 3, '1998991029', 10);

INSERT INTO 旅游信息 (旅游时间, 旅游费用, 保险, 服务等级, 旅游合同, 旅游团_id, 顾客_身份证号, 旅游线路_id) VALUES ('January', 6965.13, '5', '4', NULL, 5, '1297163136', 3);

INSERT INTO 旅游信息 (旅游时间, 旅游费用, 保险, 服务等级, 旅游合同, 旅游团_id, 顾客_身份证号, 旅游线路_id) VALUES ('March', 6232.57, '3', '4', NULL, 2, '1710918293', 4);

INSERT INTO 旅游信息 (旅游时间, 旅游费用, 保险, 服务等级, 旅游合同, 旅游团_id, 顾客_身份证号, 旅游线路_id) VALUES ('February', 4269.94, '3', '4', NULL, 4, '2657614480', 4);

INSERT INTO 旅游信息 (旅游时间, 旅游费用, 保险, 服务等级, 旅游合同, 旅游团_id, 顾客_身份证号, 旅游线路_id) VALUES ('January', 3256.16, '4', '4', NULL, 7, '2759952834', 1);

INSERT INTO 旅游信息 (旅游时间, 旅游费用, 保险, 服务等级, 旅游合同, 旅游团_id, 顾客_身份证号, 旅游线路_id) VALUES ('July', 6138.86, '4', '4', NULL, 3, '2830759521', 4);

INSERT INTO 旅游信息 (旅游时间, 旅游费用, 保险, 服务等级, 旅游合同, 旅游团_id, 顾客_身份证号, 旅游线路_id) VALUES ('June', 5501.36, '1', '4', NULL, 6, '1978154873', 5);

INSERT INTO 旅游信息 (旅游时间, 旅游费用, 保险, 服务等级, 旅游合同, 旅游团_id, 顾客_身份证号, 旅游线路_id) VALUES ('September', 6719.21, '5', '3', NULL, 10, '1211641454', 5);

INSERT INTO 旅游信息 (旅游时间, 旅游费用, 保险, 服务等级, 旅游合同, 旅游团_id, 顾客_身份证号, 旅游线路_id) VALUES ('April', 3523.92, '3', '5', NULL, 1, '2253361078', 6);

INSERT INTO 旅游信息 (旅游时间, 旅游费用, 保险, 服务等级, 旅游合同, 旅游团_id, 顾客_身份证号, 旅游线路_id) VALUES ('October', 7299.2, '3', '4', NULL, 7, '3109245068', 6);

INSERT INTO 旅游信息 (旅游时间, 旅游费用, 保险, 服务等级, 旅游合同, 旅游团_id, 顾客_身份证号, 旅游线路_id) VALUES ('September', 3493.36, '4', '5', NULL, 3, '2671992641', 9);

INSERT INTO 旅游信息 (旅游时间, 旅游费用, 保险, 服务等级, 旅游合同, 旅游团_id, 顾客_身份证号, 旅游线路_id) VALUES ('October', 4577.02, '2', '3', NULL, 2, '1083529400', 2);

INSERT INTO 旅游信息 (旅游时间, 旅游费用, 保险, 服务等级, 旅游合同, 旅游团_id, 顾客_身份证号, 旅游线路_id) VALUES ('May', 9117.51, '4', '4', NULL, 9, '1787657440', 4);

INSERT INTO 旅游信息 (旅游时间, 旅游费用, 保险, 服务等级, 旅游合同, 旅游团_id, 顾客_身份证号, 旅游线路_id) VALUES ('May', 3111.78, '1', '3', NULL, 1, '3123697891', 3);

INSERT INTO 旅游信息 (旅游时间, 旅游费用, 保险, 服务等级, 旅游合同, 旅游团_id, 顾客_身份证号, 旅游线路_id) VALUES ('October', 5162.26, '3', '3', NULL, 8, '1738649434', 9);

INSERT INTO 旅游信息 (旅游时间, 旅游费用, 保险, 服务等级, 旅游合同, 旅游团_id, 顾客_身份证号, 旅游线路_id) VALUES ('March', 7497, '1', '4', NULL, 7, '2371831030', 3);

INSERT INTO 旅游信息 (旅游时间, 旅游费用, 保险, 服务等级, 旅游合同, 旅游团_id, 顾客_身份证号, 旅游线路_id) VALUES ('April', 4196.67, '5', '3', NULL, 5, '1672152481', 10);

INSERT INTO 旅游信息 (旅游时间, 旅游费用, 保险, 服务等级, 旅游合同, 旅游团_id, 顾客_身份证号, 旅游线路_id) VALUES ('January', 5985.27, '3', '4', NULL, 2, '1413201659', 10);

INSERT INTO 旅游信息 (旅游时间, 旅游费用, 保险, 服务等级, 旅游合同, 旅游团_id, 顾客_身份证号, 旅游线路_id) VALUES ('March', 8085.6, '5', '5', NULL, 3, '2391508122', 1);

INSERT INTO 旅游信息 (旅游时间, 旅游费用, 保险, 服务等级, 旅游合同, 旅游团_id, 顾客_身份证号, 旅游线路_id) VALUES ('August', 7199.58, '2', '3', NULL, 5, '2735865373', 5);

INSERT INTO 旅游信息 (旅游时间, 旅游费用, 保险, 服务等级, 旅游合同, 旅游团_id, 顾客_身份证号, 旅游线路_id) VALUES ('January', 7057.53, '4', '4', NULL, 1, '1806272161', 5);

INSERT INTO 旅游信息 (旅游时间, 旅游费用, 保险, 服务等级, 旅游合同, 旅游团_id, 顾客_身份证号, 旅游线路_id) VALUES ('August', 4588.12, '3', '5', NULL, 10, '2608679950', 8);

INSERT INTO 旅游信息 (旅游时间, 旅游费用, 保险, 服务等级, 旅游合同, 旅游团_id, 顾客_身份证号, 旅游线路_id) VALUES ('January', 4961.12, '5', '3', NULL, 6, '1031358786', 4);

INSERT INTO 旅游信息 (旅游时间, 旅游费用, 保险, 服务等级, 旅游合同, 旅游团_id, 顾客_身份证号, 旅游线路_id) VALUES ('June', 9031.62, '3', '4', NULL, 9, '2630493635', 9);

INSERT INTO 旅游信息 (旅游时间, 旅游费用, 保险, 服务等级, 旅游合同, 旅游团_id, 顾客_身份证号, 旅游线路_id) VALUES ('February', 4766.58, '2', '5', NULL, 1, '2739328882', 2);

INSERT INTO 旅游信息 (旅游时间, 旅游费用, 保险, 服务等级, 旅游合同, 旅游团_id, 顾客_身份证号, 旅游线路_id) VALUES ('January', 4760.45, '3', '4', NULL, 7, '1564898725', 9);

INSERT INTO 旅游信息 (旅游时间, 旅游费用, 保险, 服务等级, 旅游合同, 旅游团_id, 顾客_身份证号, 旅游线路_id) VALUES ('March', 3597.99, '4', '3', NULL, 3, '2215434370', 9);

INSERT INTO 旅游信息 (旅游时间, 旅游费用, 保险, 服务等级, 旅游合同, 旅游团_id, 顾客_身份证号, 旅游线路_id) VALUES ('August', 8016.29, '3', '5', NULL, 6, '1685146550', 8);

INSERT INTO 旅游信息 (旅游时间, 旅游费用, 保险, 服务等级, 旅游合同, 旅游团_id, 顾客_身份证号, 旅游线路_id) VALUES ('January', 8838.24, '3', '5', NULL, 3, '2100512349', 5);

INSERT INTO 旅游信息 (旅游时间, 旅游费用, 保险, 服务等级, 旅游合同, 旅游团_id, 顾客_身份证号, 旅游线路_id) VALUES ('March', 9306.35, '4', '4', NULL, 4, '2314622201', 10);

INSERT INTO 旅游信息 (旅游时间, 旅游费用, 保险, 服务等级, 旅游合同, 旅游团_id, 顾客_身份证号, 旅游线路_id) VALUES ('August', 4152.04, '4', '3', NULL, 3, '1561988215', 5);

INSERT INTO 旅游信息 (旅游时间, 旅游费用, 保险, 服务等级, 旅游合同, 旅游团_id, 顾客_身份证号, 旅游线路_id) VALUES ('September', 4324.74, '5', '3', NULL, 8, '2154729466', 2);

INSERT INTO 旅游信息 (旅游时间, 旅游费用, 保险, 服务等级, 旅游合同, 旅游团_id, 顾客_身份证号, 旅游线路_id) VALUES ('June', 4541.17, '4', '4', NULL, 1, '2166828358', 10);

INSERT INTO 旅游信息 (旅游时间, 旅游费用, 保险, 服务等级, 旅游合同, 旅游团_id, 顾客_身份证号, 旅游线路_id) VALUES ('March', 4249.43, '3', '3', NULL, 10, '1557704652', 3);

INSERT INTO 旅游信息 (旅游时间, 旅游费用, 保险, 服务等级, 旅游合同, 旅游团_id, 顾客_身份证号, 旅游线路_id) VALUES ('July', 7510.66, '3', '4', NULL, 3, '1005772359', 2);

INSERT INTO 旅游信息 (旅游时间, 旅游费用, 保险, 服务等级, 旅游合同, 旅游团_id, 顾客_身份证号, 旅游线路_id) VALUES ('October', 6456.36, '2', '3', NULL, 8, '2096665934', 9);

INSERT INTO 旅游信息 (旅游时间, 旅游费用, 保险, 服务等级, 旅游合同, 旅游团_id, 顾客_身份证号, 旅游线路_id) VALUES ('April', 7052.72, '3', '5', NULL, 8, '2983337533', 1);

INSERT INTO 旅游信息 (旅游时间, 旅游费用, 保险, 服务等级, 旅游合同, 旅游团_id, 顾客_身份证号, 旅游线路_id) VALUES ('August', 6039.94, '4', '4', NULL, 7, '1709422804', 9);

INSERT INTO 旅游信息 (旅游时间, 旅游费用, 保险, 服务等级, 旅游合同, 旅游团_id, 顾客_身份证号, 旅游线路_id) VALUES ('February', 3280.21, '3', '4', NULL, 8, '1898793745', 4);

INSERT INTO 旅游信息 (旅游时间, 旅游费用, 保险, 服务等级, 旅游合同, 旅游团_id, 顾客_身份证号, 旅游线路_id) VALUES ('July', 6813.98, '4', '5', NULL, 5, '1041736492', 9);

INSERT INTO 旅游信息 (旅游时间, 旅游费用, 保险, 服务等级, 旅游合同, 旅游团_id, 顾客_身份证号, 旅游线路_id) VALUES ('May', 3358.19, '3', '3', NULL, 10, '1861872901', 1);

INSERT INTO 旅游信息 (旅游时间, 旅游费用, 保险, 服务等级, 旅游合同, 旅游团_id, 顾客_身份证号, 旅游线路_id) VALUES ('August', 6522.16, '4', '4', NULL, 3, '2005853435', 9);

INSERT INTO 旅游信息 (旅游时间, 旅游费用, 保险, 服务等级, 旅游合同, 旅游团_id, 顾客_身份证号, 旅游线路_id) VALUES ('May', 7442.39, '2', '4', NULL, 8, '1365106995', 5);

INSERT INTO 旅游信息 (旅游时间, 旅游费用, 保险, 服务等级, 旅游合同, 旅游团_id, 顾客_身份证号, 旅游线路_id) VALUES ('September', 9623.47, '1', '5', NULL, 6, '2638222373', 3);

INSERT INTO 旅游信息 (旅游时间, 旅游费用, 保险, 服务等级, 旅游合同, 旅游团_id, 顾客_身份证号, 旅游线路_id) VALUES ('January', 9199.79, '3', '3', NULL, 8, '1669722854', 7);

INSERT INTO 旅游信息 (旅游时间, 旅游费用, 保险, 服务等级, 旅游合同, 旅游团_id, 顾客_身份证号, 旅游线路_id) VALUES ('April', 5236.26, '1', '4', NULL, 8, '2071113449', 4);

INSERT INTO 旅游信息 (旅游时间, 旅游费用, 保险, 服务等级, 旅游合同, 旅游团_id, 顾客_身份证号, 旅游线路_id) VALUES ('May', 5124.5, '3', '4', NULL, 6, '1032407086', 5);

INSERT INTO 旅游信息 (旅游时间, 旅游费用, 保险, 服务等级, 旅游合同, 旅游团_id, 顾客_身份证号, 旅游线路_id) VALUES ('January', 9382.67, '2', '4', NULL, 4, '1997403407', 3);

INSERT INTO 旅游信息 (旅游时间, 旅游费用, 保险, 服务等级, 旅游合同, 旅游团_id, 顾客_身份证号, 旅游线路_id) VALUES ('May', 5499.93, '2', '3', NULL, 10, '1189765576', 1);

INSERT INTO 旅游信息 (旅游时间, 旅游费用, 保险, 服务等级, 旅游合同, 旅游团_id, 顾客_身份证号, 旅游线路_id) VALUES ('February', 6165.75, '4', '4', NULL, 4, '2450986863', 6);

INSERT INTO 旅游信息 (旅游时间, 旅游费用, 保险, 服务等级, 旅游合同, 旅游团_id, 顾客_身份证号, 旅游线路_id) VALUES ('July', 8050.7, '4', '4', NULL, 2, '1159515602', 8);

INSERT INTO 旅游信息 (旅游时间, 旅游费用, 保险, 服务等级, 旅游合同, 旅游团_id, 顾客_身份证号, 旅游线路_id) VALUES ('April', 4306, '4', '4', NULL, 5, '2617824439', 9);

INSERT INTO 旅游信息 (旅游时间, 旅游费用, 保险, 服务等级, 旅游合同, 旅游团_id, 顾客_身份证号, 旅游线路_id) VALUES ('February', 6907.05, '1', '4', NULL, 4, '1748333109', 7);

INSERT INTO 旅游信息 (旅游时间, 旅游费用, 保险, 服务等级, 旅游合同, 旅游团_id, 顾客_身份证号, 旅游线路_id) VALUES ('August', 5608.14, '5', '4', NULL, 9, '1701443157', 6);

INSERT INTO 旅游信息 (旅游时间, 旅游费用, 保险, 服务等级, 旅游合同, 旅游团_id, 顾客_身份证号, 旅游线路_id) VALUES ('January', 3229.4, '2', '3', NULL, 3, '1667945744', 9);

INSERT INTO 旅游信息 (旅游时间, 旅游费用, 保险, 服务等级, 旅游合同, 旅游团_id, 顾客_身份证号, 旅游线路_id) VALUES ('July', 7531.53, '2', '3', NULL, 6, '2630493635', 8);

INSERT INTO 旅游信息 (旅游时间, 旅游费用, 保险, 服务等级, 旅游合同, 旅游团_id, 顾客_身份证号, 旅游线路_id) VALUES ('January', 7729.95, '2', '4', NULL, 1, '1975434532', 5);

INSERT INTO 旅游信息 (旅游时间, 旅游费用, 保险, 服务等级, 旅游合同, 旅游团_id, 顾客_身份证号, 旅游线路_id) VALUES ('June', 5755.8, '1', '3', NULL, 8, '2146535345', 10);

INSERT INTO 旅游信息 (旅游时间, 旅游费用, 保险, 服务等级, 旅游合同, 旅游团_id, 顾客_身份证号, 旅游线路_id) VALUES ('June', 6236.48, '4', '4', NULL, 3, '2483250944', 9);

INSERT INTO 旅游信息 (旅游时间, 旅游费用, 保险, 服务等级, 旅游合同, 旅游团_id, 顾客_身份证号, 旅游线路_id) VALUES ('April', 6035.2, '2', '4', NULL, 5, '2111004059', 7);

INSERT INTO 旅游信息 (旅游时间, 旅游费用, 保险, 服务等级, 旅游合同, 旅游团_id, 顾客_身份证号, 旅游线路_id) VALUES ('May', 7873.38, '3', '5', NULL, 5, '2240911586', 4);

INSERT INTO 旅游信息 (旅游时间, 旅游费用, 保险, 服务等级, 旅游合同, 旅游团_id, 顾客_身份证号, 旅游线路_id) VALUES ('February', 7506.33, '3', '5', NULL, 3, '1488957507', 4);

INSERT INTO 旅游信息 (旅游时间, 旅游费用, 保险, 服务等级, 旅游合同, 旅游团_id, 顾客_身份证号, 旅游线路_id) VALUES ('May', 4135.59, '3', '4', NULL, 5, '1439514663', 1);

INSERT INTO 旅游信息 (旅游时间, 旅游费用, 保险, 服务等级, 旅游合同, 旅游团_id, 顾客_身份证号, 旅游线路_id) VALUES ('October', 9714.3, '5', '4', NULL, 5, '1988138262', 3);

INSERT INTO 旅游信息 (旅游时间, 旅游费用, 保险, 服务等级, 旅游合同, 旅游团_id, 顾客_身份证号, 旅游线路_id) VALUES ('August', 3141.63, '4', '4', NULL, 3, '2261933882', 4);

INSERT INTO 旅游信息 (旅游时间, 旅游费用, 保险, 服务等级, 旅游合同, 旅游团_id, 顾客_身份证号, 旅游线路_id) VALUES ('January', 6216.33, '4', '5', NULL, 6, '1278620553', 1);

INSERT INTO 旅游信息 (旅游时间, 旅游费用, 保险, 服务等级, 旅游合同, 旅游团_id, 顾客_身份证号, 旅游线路_id) VALUES ('July', 7736.68, '1', '5', NULL, 7, '1557704652', 2);

INSERT INTO 旅游信息 (旅游时间, 旅游费用, 保险, 服务等级, 旅游合同, 旅游团_id, 顾客_身份证号, 旅游线路_id) VALUES ('May', 9969.27, '4', '5', NULL, 7, '2381573051', 10);

INSERT INTO 旅游信息 (旅游时间, 旅游费用, 保险, 服务等级, 旅游合同, 旅游团_id, 顾客_身份证号, 旅游线路_id) VALUES ('April', 3830.72, '4', '4', NULL, 7, '2568767704', 3);

INSERT INTO 旅游信息 (旅游时间, 旅游费用, 保险, 服务等级, 旅游合同, 旅游团_id, 顾客_身份证号, 旅游线路_id) VALUES ('September', 5229.12, '5', '4', NULL, 5, '2233138124', 9);

INSERT INTO 旅游信息 (旅游时间, 旅游费用, 保险, 服务等级, 旅游合同, 旅游团_id, 顾客_身份证号, 旅游线路_id) VALUES ('October', 6766.32, '4', '5', NULL, 4, '1959522660', 7);

INSERT INTO 旅游信息 (旅游时间, 旅游费用, 保险, 服务等级, 旅游合同, 旅游团_id, 顾客_身份证号, 旅游线路_id) VALUES ('September', 5572.49, '2', '4', NULL, 6, '3051066014', 8);

INSERT INTO 旅游信息 (旅游时间, 旅游费用, 保险, 服务等级, 旅游合同, 旅游团_id, 顾客_身份证号, 旅游线路_id) VALUES ('August', 8356.48, '4', '3', NULL, 9, '1332562569', 5);

INSERT INTO 旅游信息 (旅游时间, 旅游费用, 保险, 服务等级, 旅游合同, 旅游团_id, 顾客_身份证号, 旅游线路_id) VALUES ('September', 5404.45, '3', '4', NULL, 2, '2487576090', 2);

INSERT INTO 旅游信息 (旅游时间, 旅游费用, 保险, 服务等级, 旅游合同, 旅游团_id, 顾客_身份证号, 旅游线路_id) VALUES ('February', 5529.72, '1', '4', NULL, 5, '1423284658', 7);

INSERT INTO 旅游信息 (旅游时间, 旅游费用, 保险, 服务等级, 旅游合同, 旅游团_id, 顾客_身份证号, 旅游线路_id) VALUES ('August', 4534.61, '3', '3', NULL, 9, '2780735158', 6);

INSERT INTO 旅游信息 (旅游时间, 旅游费用, 保险, 服务等级, 旅游合同, 旅游团_id, 顾客_身份证号, 旅游线路_id) VALUES ('August', 8365.41, '2', '3', NULL, 3, '3012492005', 10);

INSERT INTO 旅游信息 (旅游时间, 旅游费用, 保险, 服务等级, 旅游合同, 旅游团_id, 顾客_身份证号, 旅游线路_id) VALUES ('June', 8334.51, '2', '4', NULL, 4, '1263225371', 2);

INSERT INTO 旅游信息 (旅游时间, 旅游费用, 保险, 服务等级, 旅游合同, 旅游团_id, 顾客_身份证号, 旅游线路_id) VALUES ('October', 5870.07, '2', '4', NULL, 9, '2830759521', 2);

INSERT INTO 旅游信息 (旅游时间, 旅游费用, 保险, 服务等级, 旅游合同, 旅游团_id, 顾客_身份证号, 旅游线路_id) VALUES ('March', 3363.46, '1', '4', NULL, 8, '1321512501', 3);

INSERT INTO 旅游信息 (旅游时间, 旅游费用, 保险, 服务等级, 旅游合同, 旅游团_id, 顾客_身份证号, 旅游线路_id) VALUES ('May', 6118.24, '4', '4', NULL, 1, '2204663433', 8);

INSERT INTO 旅游信息 (旅游时间, 旅游费用, 保险, 服务等级, 旅游合同, 旅游团_id, 顾客_身份证号, 旅游线路_id) VALUES ('February', 6531.76, '4', '3', NULL, 8, '2047827335', 7);

INSERT INTO 旅游信息 (旅游时间, 旅游费用, 保险, 服务等级, 旅游合同, 旅游团_id, 顾客_身份证号, 旅游线路_id) VALUES ('February', 8168.81, '3', '4', NULL, 8, '2947509711', 2);

INSERT INTO 旅游信息 (旅游时间, 旅游费用, 保险, 服务等级, 旅游合同, 旅游团_id, 顾客_身份证号, 旅游线路_id) VALUES ('May', 7859.04, '1', '4', NULL, 3, '1650427775', 2);

INSERT INTO 旅游信息 (旅游时间, 旅游费用, 保险, 服务等级, 旅游合同, 旅游团_id, 顾客_身份证号, 旅游线路_id) VALUES ('February', 3303.01, '3', '4', NULL, 9, '2071634781', 9);

INSERT INTO 旅游信息 (旅游时间, 旅游费用, 保险, 服务等级, 旅游合同, 旅游团_id, 顾客_身份证号, 旅游线路_id) VALUES ('January', 4416.67, '4', '4', NULL, 4, '1031358786', 6);

INSERT INTO 旅游信息 (旅游时间, 旅游费用, 保险, 服务等级, 旅游合同, 旅游团_id, 顾客_身份证号, 旅游线路_id) VALUES ('August', 5917, '3', '4', NULL, 8, '1479722733', 9);

INSERT INTO 旅游信息 (旅游时间, 旅游费用, 保险, 服务等级, 旅游合同, 旅游团_id, 顾客_身份证号, 旅游线路_id) VALUES ('May', 3666.02, '2', '4', NULL, 9, '2538727121', 7);

INSERT INTO 旅游信息 (旅游时间, 旅游费用, 保险, 服务等级, 旅游合同, 旅游团_id, 顾客_身份证号, 旅游线路_id) VALUES ('July', 6822.89, '1', '5', NULL, 6, '1296519340', 7);

INSERT INTO 旅游信息 (旅游时间, 旅游费用, 保险, 服务等级, 旅游合同, 旅游团_id, 顾客_身份证号, 旅游线路_id) VALUES ('September', 5614.13, '5', '4', NULL, 9, '1997403407', 3);

INSERT INTO 旅游信息 (旅游时间, 旅游费用, 保险, 服务等级, 旅游合同, 旅游团_id, 顾客_身份证号, 旅游线路_id) VALUES ('September', 6222.45, '1', '5', NULL, 2, '2146535345', 2);

INSERT INTO 旅游信息 (旅游时间, 旅游费用, 保险, 服务等级, 旅游合同, 旅游团_id, 顾客_身份证号, 旅游线路_id) VALUES ('April', 3342.87, '4', '4', NULL, 2, '1041450877', 5);

INSERT INTO 旅游信息 (旅游时间, 旅游费用, 保险, 服务等级, 旅游合同, 旅游团_id, 顾客_身份证号, 旅游线路_id) VALUES ('March', 9470.8, '4', '5', NULL, 2, '2234724305', 5);

INSERT INTO 旅游信息 (旅游时间, 旅游费用, 保险, 服务等级, 旅游合同, 旅游团_id, 顾客_身份证号, 旅游线路_id) VALUES ('July', 9800.74, '2', '3', NULL, 7, '2779898237', 6);

INSERT INTO 旅游信息 (旅游时间, 旅游费用, 保险, 服务等级, 旅游合同, 旅游团_id, 顾客_身份证号, 旅游线路_id) VALUES ('October', 8876.89, '2', '5', NULL, 4, '2041116339', 8);

INSERT INTO 旅游信息 (旅游时间, 旅游费用, 保险, 服务等级, 旅游合同, 旅游团_id, 顾客_身份证号, 旅游线路_id) VALUES ('March', 7099.39, '3', '4', NULL, 1, '2538727121', 7);

INSERT INTO 旅游信息 (旅游时间, 旅游费用, 保险, 服务等级, 旅游合同, 旅游团_id, 顾客_身份证号, 旅游线路_id) VALUES ('January', 9489.18, '2', '5', NULL, 4, '1663866841', 2);

INSERT INTO 旅游信息 (旅游时间, 旅游费用, 保险, 服务等级, 旅游合同, 旅游团_id, 顾客_身份证号, 旅游线路_id) VALUES ('July', 5445.33, '3', '5', NULL, 4, '1955679779', 9);

INSERT INTO 旅游信息 (旅游时间, 旅游费用, 保险, 服务等级, 旅游合同, 旅游团_id, 顾客_身份证号, 旅游线路_id) VALUES ('February', 6635.9, '3', '5', NULL, 3, '1219959288', 10);

INSERT INTO 旅游信息 (旅游时间, 旅游费用, 保险, 服务等级, 旅游合同, 旅游团_id, 顾客_身份证号, 旅游线路_id) VALUES ('March', 8831.92, '2', '4', NULL, 2, '1458713248', 5);

INSERT INTO 旅游信息 (旅游时间, 旅游费用, 保险, 服务等级, 旅游合同, 旅游团_id, 顾客_身份证号, 旅游线路_id) VALUES ('August', 8364.03, '1', '3', NULL, 1, '2021688427', 4);

INSERT INTO 旅游信息 (旅游时间, 旅游费用, 保险, 服务等级, 旅游合同, 旅游团_id, 顾客_身份证号, 旅游线路_id) VALUES ('January', 8983.51, '2', '4', NULL, 1, '2337225032', 2);

INSERT INTO 旅游信息 (旅游时间, 旅游费用, 保险, 服务等级, 旅游合同, 旅游团_id, 顾客_身份证号, 旅游线路_id) VALUES ('July', 4069.56, '2', '4', NULL, 8, '2653135058', 7);

INSERT INTO 旅游信息 (旅游时间, 旅游费用, 保险, 服务等级, 旅游合同, 旅游团_id, 顾客_身份证号, 旅游线路_id) VALUES ('April', 5395.21, '5', '4', NULL, 2, '2300497811', 9);

INSERT INTO 旅游信息 (旅游时间, 旅游费用, 保险, 服务等级, 旅游合同, 旅游团_id, 顾客_身份证号, 旅游线路_id) VALUES ('July', 4261.5, '3', '4', NULL, 9, '1914182413', 5);

INSERT INTO 旅游信息 (旅游时间, 旅游费用, 保险, 服务等级, 旅游合同, 旅游团_id, 顾客_身份证号, 旅游线路_id) VALUES ('January', 5592.94, '2', '4', NULL, 9, '1626564697', 8);

INSERT INTO 旅游信息 (旅游时间, 旅游费用, 保险, 服务等级, 旅游合同, 旅游团_id, 顾客_身份证号, 旅游线路_id) VALUES ('June', 6176.42, '1', '4', NULL, 10, '1814232820', 6);

INSERT INTO 旅游信息 (旅游时间, 旅游费用, 保险, 服务等级, 旅游合同, 旅游团_id, 顾客_身份证号, 旅游线路_id) VALUES ('June', 3607.93, '4', '5', NULL, 8, '2228303112', 10);

INSERT INTO 旅游信息 (旅游时间, 旅游费用, 保险, 服务等级, 旅游合同, 旅游团_id, 顾客_身份证号, 旅游线路_id) VALUES ('September', 4873.7, '2', '5', NULL, 8, '1041736492', 8);

INSERT INTO 旅游信息 (旅游时间, 旅游费用, 保险, 服务等级, 旅游合同, 旅游团_id, 顾客_身份证号, 旅游线路_id) VALUES ('September', 7624.29, '3', '4', NULL, 5, '1208483182', 8);

INSERT INTO 旅游信息 (旅游时间, 旅游费用, 保险, 服务等级, 旅游合同, 旅游团_id, 顾客_身份证号, 旅游线路_id) VALUES ('May', 7344.14, '4', '4', NULL, 1, '2219262961', 8);

INSERT INTO 旅游信息 (旅游时间, 旅游费用, 保险, 服务等级, 旅游合同, 旅游团_id, 顾客_身份证号, 旅游线路_id) VALUES ('July', 4166.93, '3', '4', NULL, 9, '3056777928', 1);

INSERT INTO 旅游信息 (旅游时间, 旅游费用, 保险, 服务等级, 旅游合同, 旅游团_id, 顾客_身份证号, 旅游线路_id) VALUES ('September', 3233.08, '3', '4', NULL, 2, '2617824439', 7);

INSERT INTO 旅游信息 (旅游时间, 旅游费用, 保险, 服务等级, 旅游合同, 旅游团_id, 顾客_身份证号, 旅游线路_id) VALUES ('April', 9337.74, '3', '3', NULL, 4, '1538235101', 7);

INSERT INTO 旅游信息 (旅游时间, 旅游费用, 保险, 服务等级, 旅游合同, 旅游团_id, 顾客_身份证号, 旅游线路_id) VALUES ('September', 3164.39, '2', '4', NULL, 7, '2941330349', 2);

INSERT INTO 旅游信息 (旅游时间, 旅游费用, 保险, 服务等级, 旅游合同, 旅游团_id, 顾客_身份证号, 旅游线路_id) VALUES ('April', 7241.46, '3', '3', NULL, 9, '2759952834', 5);

INSERT INTO 旅游信息 (旅游时间, 旅游费用, 保险, 服务等级, 旅游合同, 旅游团_id, 顾客_身份证号, 旅游线路_id) VALUES ('July', 4082.24, '4', '3', NULL, 3, '1631124318', 5);

INSERT INTO 旅游信息 (旅游时间, 旅游费用, 保险, 服务等级, 旅游合同, 旅游团_id, 顾客_身份证号, 旅游线路_id) VALUES ('January', 8539.76, '3', '4', NULL, 3, '2005853435', 1);

INSERT INTO 旅游信息 (旅游时间, 旅游费用, 保险, 服务等级, 旅游合同, 旅游团_id, 顾客_身份证号, 旅游线路_id) VALUES ('September', 3385.24, '4', '4', NULL, 9, '2564161487', 9);

INSERT INTO 旅游信息 (旅游时间, 旅游费用, 保险, 服务等级, 旅游合同, 旅游团_id, 顾客_身份证号, 旅游线路_id) VALUES ('October', 5428.14, '2', '4', NULL, 8, '3056777928', 9);

INSERT INTO 旅游信息 (旅游时间, 旅游费用, 保险, 服务等级, 旅游合同, 旅游团_id, 顾客_身份证号, 旅游线路_id) VALUES ('February', 7957.95, '4', '5', NULL, 2, '2439285648', 4);

INSERT INTO 旅游信息 (旅游时间, 旅游费用, 保险, 服务等级, 旅游合同, 旅游团_id, 顾客_身份证号, 旅游线路_id) VALUES ('July', 3306.82, '4', '4', NULL, 9, '2483250944', 7);

INSERT INTO 旅游信息 (旅游时间, 旅游费用, 保险, 服务等级, 旅游合同, 旅游团_id, 顾客_身份证号, 旅游线路_id) VALUES ('April', 8018.22, '2', '5', NULL, 9, '2631676509', 2);

INSERT INTO 旅游信息 (旅游时间, 旅游费用, 保险, 服务等级, 旅游合同, 旅游团_id, 顾客_身份证号, 旅游线路_id) VALUES ('July', 3329.75, '3', '4', NULL, 2, '1867724189', 3);

INSERT INTO 旅游信息 (旅游时间, 旅游费用, 保险, 服务等级, 旅游合同, 旅游团_id, 顾客_身份证号, 旅游线路_id) VALUES ('June', 4882.15, '4', '5', NULL, 8, '2089658218', 5);

INSERT INTO 旅游信息 (旅游时间, 旅游费用, 保险, 服务等级, 旅游合同, 旅游团_id, 顾客_身份证号, 旅游线路_id) VALUES ('August', 5732.84, '2', '4', NULL, 9, '2699914781', 2);

INSERT INTO 旅游信息 (旅游时间, 旅游费用, 保险, 服务等级, 旅游合同, 旅游团_id, 顾客_身份证号, 旅游线路_id) VALUES ('July', 9483.25, '5', '5', NULL, 10, '2216490444', 9);

INSERT INTO 旅游信息 (旅游时间, 旅游费用, 保险, 服务等级, 旅游合同, 旅游团_id, 顾客_身份证号, 旅游线路_id) VALUES ('July', 6357.65, '1', '4', NULL, 8, '2183691141', 9);

INSERT INTO 旅游信息 (旅游时间, 旅游费用, 保险, 服务等级, 旅游合同, 旅游团_id, 顾客_身份证号, 旅游线路_id) VALUES ('May', 5244.96, '3', '3', NULL, 6, '3016091476', 1);

INSERT INTO 旅游信息 (旅游时间, 旅游费用, 保险, 服务等级, 旅游合同, 旅游团_id, 顾客_身份证号, 旅游线路_id) VALUES ('July', 3426.14, '3', '3', NULL, 2, '1643850362', 5);

INSERT INTO 旅游信息 (旅游时间, 旅游费用, 保险, 服务等级, 旅游合同, 旅游团_id, 顾客_身份证号, 旅游线路_id) VALUES ('September', 7679.8, '4', '4', NULL, 7, '1649593152', 2);

INSERT INTO 旅游信息 (旅游时间, 旅游费用, 保险, 服务等级, 旅游合同, 旅游团_id, 顾客_身份证号, 旅游线路_id) VALUES ('August', 6970.16, '4', '3', NULL, 7, '3009094017', 4);

INSERT INTO 旅游信息 (旅游时间, 旅游费用, 保险, 服务等级, 旅游合同, 旅游团_id, 顾客_身份证号, 旅游线路_id) VALUES ('January', 7243.58, '3', '4', NULL, 5, '2052418777', 2);

INSERT INTO 旅游信息 (旅游时间, 旅游费用, 保险, 服务等级, 旅游合同, 旅游团_id, 顾客_身份证号, 旅游线路_id) VALUES ('August', 4376.12, '4', '5', NULL, 8, '2493722562', 6);

INSERT INTO 旅游信息 (旅游时间, 旅游费用, 保险, 服务等级, 旅游合同, 旅游团_id, 顾客_身份证号, 旅游线路_id) VALUES ('October', 4831.38, '4', '5', NULL, 4, '2735865373', 4);

INSERT INTO 旅游信息 (旅游时间, 旅游费用, 保险, 服务等级, 旅游合同, 旅游团_id, 顾客_身份证号, 旅游线路_id) VALUES ('October', 3429.29, '2', '4', NULL, 9, '2079045374', 6);

INSERT INTO 旅游信息 (旅游时间, 旅游费用, 保险, 服务等级, 旅游合同, 旅游团_id, 顾客_身份证号, 旅游线路_id) VALUES ('June', 4856.52, '2', '4', NULL, 6, '1138237033', 10);

INSERT INTO 旅游信息 (旅游时间, 旅游费用, 保险, 服务等级, 旅游合同, 旅游团_id, 顾客_身份证号, 旅游线路_id) VALUES ('March', 8916.56, '3', '4', NULL, 5, '2955834599', 9);

INSERT INTO 旅游信息 (旅游时间, 旅游费用, 保险, 服务等级, 旅游合同, 旅游团_id, 顾客_身份证号, 旅游线路_id) VALUES ('March', 6844.68, '4', '5', NULL, 8, '1480156570', 8);

INSERT INTO 旅游信息 (旅游时间, 旅游费用, 保险, 服务等级, 旅游合同, 旅游团_id, 顾客_身份证号, 旅游线路_id) VALUES ('September', 6436.02, '2', '3', NULL, 5, '2933454676', 9);

INSERT INTO 旅游信息 (旅游时间, 旅游费用, 保险, 服务等级, 旅游合同, 旅游团_id, 顾客_身份证号, 旅游线路_id) VALUES ('February', 7590.26, '4', '5', NULL, 3, '1388579143', 5);

INSERT INTO 旅游信息 (旅游时间, 旅游费用, 保险, 服务等级, 旅游合同, 旅游团_id, 顾客_身份证号, 旅游线路_id) VALUES ('March', 3154.99, '5', '5', NULL, 9, '1656496854', 3);

INSERT INTO 旅游信息 (旅游时间, 旅游费用, 保险, 服务等级, 旅游合同, 旅游团_id, 顾客_身份证号, 旅游线路_id) VALUES ('May', 4524.12, '4', '5', NULL, 5, '2995496451', 4);

INSERT INTO 旅游信息 (旅游时间, 旅游费用, 保险, 服务等级, 旅游合同, 旅游团_id, 顾客_身份证号, 旅游线路_id) VALUES ('May', 7111.82, '3', '4', NULL, 2, '1735028908', 3);

INSERT INTO 旅游信息 (旅游时间, 旅游费用, 保险, 服务等级, 旅游合同, 旅游团_id, 顾客_身份证号, 旅游线路_id) VALUES ('May', 3809.46, '5', '4', NULL, 4, '1891889574', 7);

INSERT INTO 旅游信息 (旅游时间, 旅游费用, 保险, 服务等级, 旅游合同, 旅游团_id, 顾客_身份证号, 旅游线路_id) VALUES ('May', 4186.08, '1', '4', NULL, 7, '1589685313', 6);

INSERT INTO 旅游信息 (旅游时间, 旅游费用, 保险, 服务等级, 旅游合同, 旅游团_id, 顾客_身份证号, 旅游线路_id) VALUES ('July', 4910.34, '5', '3', NULL, 6, '2647175269', 8);

INSERT INTO 旅游信息 (旅游时间, 旅游费用, 保险, 服务等级, 旅游合同, 旅游团_id, 顾客_身份证号, 旅游线路_id) VALUES ('February', 3836.81, '4', '5', NULL, 5, '1143663690', 5);

INSERT INTO 旅游信息 (旅游时间, 旅游费用, 保险, 服务等级, 旅游合同, 旅游团_id, 顾客_身份证号, 旅游线路_id) VALUES ('April', 8775.91, '4', '3', NULL, 4, '2934403127', 10);

INSERT INTO 旅游信息 (旅游时间, 旅游费用, 保险, 服务等级, 旅游合同, 旅游团_id, 顾客_身份证号, 旅游线路_id) VALUES ('August', 8111.68, '4', '4', NULL, 2, '2603036363', 5);

INSERT INTO 旅游信息 (旅游时间, 旅游费用, 保险, 服务等级, 旅游合同, 旅游团_id, 顾客_身份证号, 旅游线路_id) VALUES ('October', 3824.23, '4', '4', NULL, 10, '1045084079', 9);

INSERT INTO 旅游信息 (旅游时间, 旅游费用, 保险, 服务等级, 旅游合同, 旅游团_id, 顾客_身份证号, 旅游线路_id) VALUES ('July', 7931.32, '1', '4', NULL, 5, '1259040497', 1);

INSERT INTO 旅游信息 (旅游时间, 旅游费用, 保险, 服务等级, 旅游合同, 旅游团_id, 顾客_身份证号, 旅游线路_id) VALUES ('October', 8687.99, '4', '4', NULL, 7, '2903090526', 5);

INSERT INTO 旅游信息 (旅游时间, 旅游费用, 保险, 服务等级, 旅游合同, 旅游团_id, 顾客_身份证号, 旅游线路_id) VALUES ('June', 8280.7, '2', '4', NULL, 8, '2397182750', 2);

INSERT INTO 旅游信息 (旅游时间, 旅游费用, 保险, 服务等级, 旅游合同, 旅游团_id, 顾客_身份证号, 旅游线路_id) VALUES ('April', 9924.24, '5', '4', NULL, 8, '1541988354', 2);

INSERT INTO 旅游信息 (旅游时间, 旅游费用, 保险, 服务等级, 旅游合同, 旅游团_id, 顾客_身份证号, 旅游线路_id) VALUES ('July', 6764.6, '5', '3', NULL, 1, '2535160397', 8);

INSERT INTO 旅游信息 (旅游时间, 旅游费用, 保险, 服务等级, 旅游合同, 旅游团_id, 顾客_身份证号, 旅游线路_id) VALUES ('April', 6122.27, '4', '3', NULL, 9, '2999195657', 8);

INSERT INTO 旅游信息 (旅游时间, 旅游费用, 保险, 服务等级, 旅游合同, 旅游团_id, 顾客_身份证号, 旅游线路_id) VALUES ('June', 6478.17, '2', '5', NULL, 10, '1083529400', 7);

INSERT INTO 旅游信息 (旅游时间, 旅游费用, 保险, 服务等级, 旅游合同, 旅游团_id, 顾客_身份证号, 旅游线路_id) VALUES ('October', 3133.28, '5', '4', NULL, 6, '1218764373', 3);

INSERT INTO 旅游信息 (旅游时间, 旅游费用, 保险, 服务等级, 旅游合同, 旅游团_id, 顾客_身份证号, 旅游线路_id) VALUES ('March', 5644.82, '4', '5', NULL, 9, '1577416464', 5);

INSERT INTO 旅游信息 (旅游时间, 旅游费用, 保险, 服务等级, 旅游合同, 旅游团_id, 顾客_身份证号, 旅游线路_id) VALUES ('March', 4384.87, '4', '5', NULL, 5, '2826938596', 8);

INSERT INTO 旅游信息 (旅游时间, 旅游费用, 保险, 服务等级, 旅游合同, 旅游团_id, 顾客_身份证号, 旅游线路_id) VALUES ('March', 6690.63, '5', '4', NULL, 2, '2215434370', 8);

INSERT INTO 旅游信息 (旅游时间, 旅游费用, 保险, 服务等级, 旅游合同, 旅游团_id, 顾客_身份证号, 旅游线路_id) VALUES ('May', 4038.67, '2', '4', NULL, 9, '3036991558', 6);

INSERT INTO 旅游信息 (旅游时间, 旅游费用, 保险, 服务等级, 旅游合同, 旅游团_id, 顾客_身份证号, 旅游线路_id) VALUES ('July', 7458.8, '5', '3', NULL, 7, '1814232820', 5);

INSERT INTO 旅游信息 (旅游时间, 旅游费用, 保险, 服务等级, 旅游合同, 旅游团_id, 顾客_身份证号, 旅游线路_id) VALUES ('January', 3269.22, '3', '4', NULL, 2, '2290047132', 9);

INSERT INTO 旅游信息 (旅游时间, 旅游费用, 保险, 服务等级, 旅游合同, 旅游团_id, 顾客_身份证号, 旅游线路_id) VALUES ('June', 4751.07, '2', '5', NULL, 2, '1542379799', 6);

INSERT INTO 旅游信息 (旅游时间, 旅游费用, 保险, 服务等级, 旅游合同, 旅游团_id, 顾客_身份证号, 旅游线路_id) VALUES ('January', 5687.82, '3', '3', NULL, 4, '1290513124', 4);

INSERT INTO 旅游信息 (旅游时间, 旅游费用, 保险, 服务等级, 旅游合同, 旅游团_id, 顾客_身份证号, 旅游线路_id) VALUES ('October', 9331.45, '1', '3', NULL, 7, '2041116339', 9);

INSERT INTO 旅游信息 (旅游时间, 旅游费用, 保险, 服务等级, 旅游合同, 旅游团_id, 顾客_身份证号, 旅游线路_id) VALUES ('May', 3263.35, '5', '5', NULL, 2, '3107414589', 4);

INSERT INTO 旅游信息 (旅游时间, 旅游费用, 保险, 服务等级, 旅游合同, 旅游团_id, 顾客_身份证号, 旅游线路_id) VALUES ('April', 5945.57, '4', '4', NULL, 3, '2941330349', 4);

INSERT INTO 旅游信息 (旅游时间, 旅游费用, 保险, 服务等级, 旅游合同, 旅游团_id, 顾客_身份证号, 旅游线路_id) VALUES ('March', 9510.64, '4', '3', NULL, 2, '2989942298', 9);

INSERT INTO 旅游信息 (旅游时间, 旅游费用, 保险, 服务等级, 旅游合同, 旅游团_id, 顾客_身份证号, 旅游线路_id) VALUES ('May', 4260.37, '2', '3', NULL, 7, '1928611833', 5);

INSERT INTO 旅游信息 (旅游时间, 旅游费用, 保险, 服务等级, 旅游合同, 旅游团_id, 顾客_身份证号, 旅游线路_id) VALUES ('February', 7572.03, '1', '5', NULL, 6, '1069281062', 5);

INSERT INTO 旅游信息 (旅游时间, 旅游费用, 保险, 服务等级, 旅游合同, 旅游团_id, 顾客_身份证号, 旅游线路_id) VALUES ('February', 6086.44, '4', '3', NULL, 1, '1667945744', 8);

INSERT INTO 旅游信息 (旅游时间, 旅游费用, 保险, 服务等级, 旅游合同, 旅游团_id, 顾客_身份证号, 旅游线路_id) VALUES ('May', 4452.52, '5', '4', NULL, 6, '1138532389', 8);

INSERT INTO 旅游信息 (旅游时间, 旅游费用, 保险, 服务等级, 旅游合同, 旅游团_id, 顾客_身份证号, 旅游线路_id) VALUES ('July', 3971.18, '4', '4', NULL, 2, '3036991558', 6);

INSERT INTO 旅游信息 (旅游时间, 旅游费用, 保险, 服务等级, 旅游合同, 旅游团_id, 顾客_身份证号, 旅游线路_id) VALUES ('May', 6941.55, '2', '4', NULL, 8, '2950490589', 4);

INSERT INTO 旅游信息 (旅游时间, 旅游费用, 保险, 服务等级, 旅游合同, 旅游团_id, 顾客_身份证号, 旅游线路_id) VALUES ('September', 3083.36, '4', '4', NULL, 4, '2100512349', 7);

INSERT INTO 旅游信息 (旅游时间, 旅游费用, 保险, 服务等级, 旅游合同, 旅游团_id, 顾客_身份证号, 旅游线路_id) VALUES ('July', 9974.58, '2', '5', NULL, 7, '2832896985', 7);

INSERT INTO 旅游信息 (旅游时间, 旅游费用, 保险, 服务等级, 旅游合同, 旅游团_id, 顾客_身份证号, 旅游线路_id) VALUES ('April', 5614.7, '2', '4', NULL, 4, '2893081288', 8);

INSERT INTO 旅游信息 (旅游时间, 旅游费用, 保险, 服务等级, 旅游合同, 旅游团_id, 顾客_身份证号, 旅游线路_id) VALUES ('July', 8336.21, '4', '3', NULL, 9, '2218457767', 4);

INSERT INTO 旅游信息 (旅游时间, 旅游费用, 保险, 服务等级, 旅游合同, 旅游团_id, 顾客_身份证号, 旅游线路_id) VALUES ('May', 4638.09, '1', '3', NULL, 8, '2642077827', 6);

INSERT INTO 旅游信息 (旅游时间, 旅游费用, 保险, 服务等级, 旅游合同, 旅游团_id, 顾客_身份证号, 旅游线路_id) VALUES ('April', 4579.18, '2', '4', NULL, 4, '1256916668', 7);

INSERT INTO 旅游信息 (旅游时间, 旅游费用, 保险, 服务等级, 旅游合同, 旅游团_id, 顾客_身份证号, 旅游线路_id) VALUES ('May', 5229.32, '2', '4', NULL, 3, '1694259031', 7);

INSERT INTO 旅游信息 (旅游时间, 旅游费用, 保险, 服务等级, 旅游合同, 旅游团_id, 顾客_身份证号, 旅游线路_id) VALUES ('January', 4803.49, '4', '3', NULL, 7, '1746166032', 5);

INSERT INTO 旅游信息 (旅游时间, 旅游费用, 保险, 服务等级, 旅游合同, 旅游团_id, 顾客_身份证号, 旅游线路_id) VALUES ('June', 6438.67, '4', '4', NULL, 8, '1480156570', 2);

INSERT INTO 旅游信息 (旅游时间, 旅游费用, 保险, 服务等级, 旅游合同, 旅游团_id, 顾客_身份证号, 旅游线路_id) VALUES ('January', 7519.36, '1', '4', NULL, 8, '1510692686', 7);

INSERT INTO 旅游信息 (旅游时间, 旅游费用, 保险, 服务等级, 旅游合同, 旅游团_id, 顾客_身份证号, 旅游线路_id) VALUES ('October', 9596.55, '4', '4', NULL, 7, '1775684725', 3);

INSERT INTO 旅游信息 (旅游时间, 旅游费用, 保险, 服务等级, 旅游合同, 旅游团_id, 顾客_身份证号, 旅游线路_id) VALUES ('January', 7571.16, '3', '4', NULL, 7, '2395307619', 10);

INSERT INTO 旅游信息 (旅游时间, 旅游费用, 保险, 服务等级, 旅游合同, 旅游团_id, 顾客_身份证号, 旅游线路_id) VALUES ('September', 6152.3, '2', '3', NULL, 3, '2128088242', 4);

INSERT INTO 旅游信息 (旅游时间, 旅游费用, 保险, 服务等级, 旅游合同, 旅游团_id, 顾客_身份证号, 旅游线路_id) VALUES ('October', 4864.6, '3', '4', NULL, 2, '2402428731', 7);

INSERT INTO 旅游信息 (旅游时间, 旅游费用, 保险, 服务等级, 旅游合同, 旅游团_id, 顾客_身份证号, 旅游线路_id) VALUES ('August', 3084.2, '2', '4', NULL, 6, '2099250641', 2);

INSERT INTO 旅游信息 (旅游时间, 旅游费用, 保险, 服务等级, 旅游合同, 旅游团_id, 顾客_身份证号, 旅游线路_id) VALUES ('June', 3209.81, '2', '4', NULL, 6, '2523712405', 6);

INSERT INTO 旅游信息 (旅游时间, 旅游费用, 保险, 服务等级, 旅游合同, 旅游团_id, 顾客_身份证号, 旅游线路_id) VALUES ('July', 5299.33, '4', '3', NULL, 5, '1589685313', 4);

INSERT INTO 旅游信息 (旅游时间, 旅游费用, 保险, 服务等级, 旅游合同, 旅游团_id, 顾客_身份证号, 旅游线路_id) VALUES ('October', 3908.04, '2', '3', NULL, 8, '2780735158', 8);

INSERT INTO 旅游信息 (旅游时间, 旅游费用, 保险, 服务等级, 旅游合同, 旅游团_id, 顾客_身份证号, 旅游线路_id) VALUES ('May', 3958.82, '4', '4', NULL, 5, '2684230697', 2);

INSERT INTO 旅游信息 (旅游时间, 旅游费用, 保险, 服务等级, 旅游合同, 旅游团_id, 顾客_身份证号, 旅游线路_id) VALUES ('May', 8080.44, '5', '5', NULL, 1, '2808080940', 2);

INSERT INTO 旅游信息 (旅游时间, 旅游费用, 保险, 服务等级, 旅游合同, 旅游团_id, 顾客_身份证号, 旅游线路_id) VALUES ('February', 7116.63, '4', '3', NULL, 9, '2943239368', 2);

INSERT INTO 旅游信息 (旅游时间, 旅游费用, 保险, 服务等级, 旅游合同, 旅游团_id, 顾客_身份证号, 旅游线路_id) VALUES ('January', 4865.96, '5', '3', NULL, 4, '1266252378', 2);

INSERT INTO 旅游信息 (旅游时间, 旅游费用, 保险, 服务等级, 旅游合同, 旅游团_id, 顾客_身份证号, 旅游线路_id) VALUES ('March', 6436.47, '2', '4', NULL, 10, '1857410820', 7);

INSERT INTO 旅游信息 (旅游时间, 旅游费用, 保险, 服务等级, 旅游合同, 旅游团_id, 顾客_身份证号, 旅游线路_id) VALUES ('April', 7470.62, '2', '4', NULL, 9, '1896256687', 8);

INSERT INTO 旅游信息 (旅游时间, 旅游费用, 保险, 服务等级, 旅游合同, 旅游团_id, 顾客_身份证号, 旅游线路_id) VALUES ('July', 8540.68, '2', '3', NULL, 2, '1864072449', 2);

INSERT INTO 旅游信息 (旅游时间, 旅游费用, 保险, 服务等级, 旅游合同, 旅游团_id, 顾客_身份证号, 旅游线路_id) VALUES ('October', 9888.39, '1', '4', NULL, 9, '1720376932', 5);

INSERT INTO 旅游信息 (旅游时间, 旅游费用, 保险, 服务等级, 旅游合同, 旅游团_id, 顾客_身份证号, 旅游线路_id) VALUES ('July', 7153.53, '1', '3', NULL, 5, '1451381148', 9);

INSERT INTO 旅游信息 (旅游时间, 旅游费用, 保险, 服务等级, 旅游合同, 旅游团_id, 顾客_身份证号, 旅游线路_id) VALUES ('February', 8664.12, '5', '4', NULL, 6, '2770749175', 3);

INSERT INTO 旅游信息 (旅游时间, 旅游费用, 保险, 服务等级, 旅游合同, 旅游团_id, 顾客_身份证号, 旅游线路_id) VALUES ('March', 9789.11, '3', '4', NULL, 4, '2968490206', 9);

INSERT INTO 旅游信息 (旅游时间, 旅游费用, 保险, 服务等级, 旅游合同, 旅游团_id, 顾客_身份证号, 旅游线路_id) VALUES ('May', 9495.86, '3', '4', NULL, 7, '1076606551', 1);

INSERT INTO 旅游信息 (旅游时间, 旅游费用, 保险, 服务等级, 旅游合同, 旅游团_id, 顾客_身份证号, 旅游线路_id) VALUES ('September', 5028.18, '2', '5', NULL, 4, '1259616469', 5);

INSERT INTO 旅游信息 (旅游时间, 旅游费用, 保险, 服务等级, 旅游合同, 旅游团_id, 顾客_身份证号, 旅游线路_id) VALUES ('July', 8425.45, '2', '4', NULL, 5, '1005772359', 2);

INSERT INTO 旅游信息 (旅游时间, 旅游费用, 保险, 服务等级, 旅游合同, 旅游团_id, 顾客_身份证号, 旅游线路_id) VALUES ('January', 6523.41, '3', '5', NULL, 4, '1663866841', 4);

INSERT INTO 旅游信息 (旅游时间, 旅游费用, 保险, 服务等级, 旅游合同, 旅游团_id, 顾客_身份证号, 旅游线路_id) VALUES ('June', 5442.76, '1', '4', NULL, 3, '2730776200', 10);

INSERT INTO 旅游信息 (旅游时间, 旅游费用, 保险, 服务等级, 旅游合同, 旅游团_id, 顾客_身份证号, 旅游线路_id) VALUES ('September', 9195.24, '2', '3', NULL, 8, '1412913755', 7);

INSERT INTO 旅游信息 (旅游时间, 旅游费用, 保险, 服务等级, 旅游合同, 旅游团_id, 顾客_身份证号, 旅游线路_id) VALUES ('January', 8955.52, '4', '4', NULL, 3, '2545728959', 4);

INSERT INTO 旅游信息 (旅游时间, 旅游费用, 保险, 服务等级, 旅游合同, 旅游团_id, 顾客_身份证号, 旅游线路_id) VALUES ('June', 7933.05, '3', '4', NULL, 5, '2295790202', 2);

INSERT INTO 旅游信息 (旅游时间, 旅游费用, 保险, 服务等级, 旅游合同, 旅游团_id, 顾客_身份证号, 旅游线路_id) VALUES ('June', 4193.34, '3', '3', NULL, 10, '2741977850', 3);

INSERT INTO 旅游信息 (旅游时间, 旅游费用, 保险, 服务等级, 旅游合同, 旅游团_id, 顾客_身份证号, 旅游线路_id) VALUES ('May', 5060.64, '2', '4', NULL, 6, '1738649434', 9);

INSERT INTO 旅游信息 (旅游时间, 旅游费用, 保险, 服务等级, 旅游合同, 旅游团_id, 顾客_身份证号, 旅游线路_id) VALUES ('August', 6816.54, '3', '4', NULL, 5, '1757374750', 3);

INSERT INTO 旅游信息 (旅游时间, 旅游费用, 保险, 服务等级, 旅游合同, 旅游团_id, 顾客_身份证号, 旅游线路_id) VALUES ('October', 6773.98, '2', '4', NULL, 4, '1860249553', 7);

INSERT INTO 旅游信息 (旅游时间, 旅游费用, 保险, 服务等级, 旅游合同, 旅游团_id, 顾客_身份证号, 旅游线路_id) VALUES ('February', 9277.79, '3', '4', NULL, 2, '1846416074', 1);

INSERT INTO 旅游信息 (旅游时间, 旅游费用, 保险, 服务等级, 旅游合同, 旅游团_id, 顾客_身份证号, 旅游线路_id) VALUES ('April', 3030.59, '3', '5', NULL, 1, '1126974710', 8);

INSERT INTO 旅游信息 (旅游时间, 旅游费用, 保险, 服务等级, 旅游合同, 旅游团_id, 顾客_身份证号, 旅游线路_id) VALUES ('July', 4063.71, '3', '4', NULL, 8, '1846416074', 10);

INSERT INTO 旅游信息 (旅游时间, 旅游费用, 保险, 服务等级, 旅游合同, 旅游团_id, 顾客_身份证号, 旅游线路_id) VALUES ('July', 7185.16, '3', '3', NULL, 2, '2487576090', 2);

INSERT INTO 旅游信息 (旅游时间, 旅游费用, 保险, 服务等级, 旅游合同, 旅游团_id, 顾客_身份证号, 旅游线路_id) VALUES ('August', 7031.69, '1', '4', NULL, 9, '2348348914', 8);

INSERT INTO 旅游信息 (旅游时间, 旅游费用, 保险, 服务等级, 旅游合同, 旅游团_id, 顾客_身份证号, 旅游线路_id) VALUES ('April', 8247.61, '3', '3', NULL, 5, '1674429015', 9);

INSERT INTO 旅游信息 (旅游时间, 旅游费用, 保险, 服务等级, 旅游合同, 旅游团_id, 顾客_身份证号, 旅游线路_id) VALUES ('March', 5519.14, '2', '5', NULL, 6, '1207893154', 3);

INSERT INTO 旅游信息 (旅游时间, 旅游费用, 保险, 服务等级, 旅游合同, 旅游团_id, 顾客_身份证号, 旅游线路_id) VALUES ('September', 5513.03, '4', '4', NULL, 6, '2740015658', 1);

INSERT INTO 旅游信息 (旅游时间, 旅游费用, 保险, 服务等级, 旅游合同, 旅游团_id, 顾客_身份证号, 旅游线路_id) VALUES ('July', 9020.08, '3', '5', NULL, 9, '2577516948', 9);

INSERT INTO 旅游信息 (旅游时间, 旅游费用, 保险, 服务等级, 旅游合同, 旅游团_id, 顾客_身份证号, 旅游线路_id) VALUES ('June', 9717.01, '2', '5', NULL, 8, '2615762444', 7);

INSERT INTO 旅游信息 (旅游时间, 旅游费用, 保险, 服务等级, 旅游合同, 旅游团_id, 顾客_身份证号, 旅游线路_id) VALUES ('April', 5528.79, '2', '5', NULL, 8, '2731256401', 2);

INSERT INTO 旅游信息 (旅游时间, 旅游费用, 保险, 服务等级, 旅游合同, 旅游团_id, 顾客_身份证号, 旅游线路_id) VALUES ('February', 6634.55, '3', '4', NULL, 5, '1550519839', 1);

INSERT INTO 旅游信息 (旅游时间, 旅游费用, 保险, 服务等级, 旅游合同, 旅游团_id, 顾客_身份证号, 旅游线路_id) VALUES ('February', 9620.61, '3', '3', NULL, 1, '1672683903', 6);

INSERT INTO 旅游信息 (旅游时间, 旅游费用, 保险, 服务等级, 旅游合同, 旅游团_id, 顾客_身份证号, 旅游线路_id) VALUES ('July', 8994.97, '2', '4', NULL, 4, '1972420767', 4);

INSERT INTO 旅游信息 (旅游时间, 旅游费用, 保险, 服务等级, 旅游合同, 旅游团_id, 顾客_身份证号, 旅游线路_id) VALUES ('January', 9691.1, '3', '4', NULL, 5, '2364201335', 9);

INSERT INTO 旅游信息 (旅游时间, 旅游费用, 保险, 服务等级, 旅游合同, 旅游团_id, 顾客_身份证号, 旅游线路_id) VALUES ('August', 8627.78, '2', '4', NULL, 2, '1269434019', 9);

INSERT INTO 旅游信息 (旅游时间, 旅游费用, 保险, 服务等级, 旅游合同, 旅游团_id, 顾客_身份证号, 旅游线路_id) VALUES ('January', 7403.15, '4', '5', NULL, 3, '1710918293', 6);

INSERT INTO 旅游信息 (旅游时间, 旅游费用, 保险, 服务等级, 旅游合同, 旅游团_id, 顾客_身份证号, 旅游线路_id) VALUES ('June', 5476.25, '3', '4', NULL, 7, '1464009640', 3);

INSERT INTO 旅游信息 (旅游时间, 旅游费用, 保险, 服务等级, 旅游合同, 旅游团_id, 顾客_身份证号, 旅游线路_id) VALUES ('May', 5325.19, '2', '5', NULL, 4, '1837204475', 1);

INSERT INTO 旅游信息 (旅游时间, 旅游费用, 保险, 服务等级, 旅游合同, 旅游团_id, 顾客_身份证号, 旅游线路_id) VALUES ('February', 9053.9, '1', '4', NULL, 7, '2887957957', 3);

INSERT INTO 旅游信息 (旅游时间, 旅游费用, 保险, 服务等级, 旅游合同, 旅游团_id, 顾客_身份证号, 旅游线路_id) VALUES ('January', 5363.88, '4', '4', NULL, 1, '1243116584', 3);

INSERT INTO 旅游信息 (旅游时间, 旅游费用, 保险, 服务等级, 旅游合同, 旅游团_id, 顾客_身份证号, 旅游线路_id) VALUES ('September', 5012.12, '3', '4', NULL, 3, '2243929882', 2);

INSERT INTO 旅游信息 (旅游时间, 旅游费用, 保险, 服务等级, 旅游合同, 旅游团_id, 顾客_身份证号, 旅游线路_id) VALUES ('May', 9261.29, '3', '5', NULL, 6, '2121718348', 5);

INSERT INTO 旅游信息 (旅游时间, 旅游费用, 保险, 服务等级, 旅游合同, 旅游团_id, 顾客_身份证号, 旅游线路_id) VALUES ('February', 4846.11, '2', '4', NULL, 7, '2068575247', 3);

INSERT INTO 旅游信息 (旅游时间, 旅游费用, 保险, 服务等级, 旅游合同, 旅游团_id, 顾客_身份证号, 旅游线路_id) VALUES ('February', 6569.31, '1', '3', NULL, 7, '1341643821', 9);

INSERT INTO 旅游信息 (旅游时间, 旅游费用, 保险, 服务等级, 旅游合同, 旅游团_id, 顾客_身份证号, 旅游线路_id) VALUES ('September', 3573.46, '5', '5', NULL, 8, '2624365846', 8);

INSERT INTO 旅游信息 (旅游时间, 旅游费用, 保险, 服务等级, 旅游合同, 旅游团_id, 顾客_身份证号, 旅游线路_id) VALUES ('February', 8953.89, '3', '4', NULL, 7, '2264893003', 3);

INSERT INTO 旅游信息 (旅游时间, 旅游费用, 保险, 服务等级, 旅游合同, 旅游团_id, 顾客_身份证号, 旅游线路_id) VALUES ('August', 6296.68, '3', '4', NULL, 6, '2906913031', 3);

INSERT INTO 旅游信息 (旅游时间, 旅游费用, 保险, 服务等级, 旅游合同, 旅游团_id, 顾客_身份证号, 旅游线路_id) VALUES ('August', 4213.91, '1', '4', NULL, 9, '1446653457', 1);

INSERT INTO 旅游信息 (旅游时间, 旅游费用, 保险, 服务等级, 旅游合同, 旅游团_id, 顾客_身份证号, 旅游线路_id) VALUES ('April', 4049.8, '5', '3', NULL, 5, '3118793059', 6);

INSERT INTO 旅游信息 (旅游时间, 旅游费用, 保险, 服务等级, 旅游合同, 旅游团_id, 顾客_身份证号, 旅游线路_id) VALUES ('September', 8354.15, '1', '3', NULL, 3, '1657422775', 5);

INSERT INTO 旅游信息 (旅游时间, 旅游费用, 保险, 服务等级, 旅游合同, 旅游团_id, 顾客_身份证号, 旅游线路_id) VALUES ('January', 6496.94, '3', '3', NULL, 6, '1819345226', 7);

INSERT INTO 旅游信息 (旅游时间, 旅游费用, 保险, 服务等级, 旅游合同, 旅游团_id, 顾客_身份证号, 旅游线路_id) VALUES ('August', 3758.13, '3', '3', NULL, 6, '2082551390', 5);

INSERT INTO 旅游信息 (旅游时间, 旅游费用, 保险, 服务等级, 旅游合同, 旅游团_id, 顾客_身份证号, 旅游线路_id) VALUES ('August', 6947.34, '1', '5', NULL, 7, '1299383328', 8);

INSERT INTO 旅游信息 (旅游时间, 旅游费用, 保险, 服务等级, 旅游合同, 旅游团_id, 顾客_身份证号, 旅游线路_id) VALUES ('May', 8665.25, '4', '4', NULL, 4, '1296519340', 2);

INSERT INTO 旅游信息 (旅游时间, 旅游费用, 保险, 服务等级, 旅游合同, 旅游团_id, 顾客_身份证号, 旅游线路_id) VALUES ('January', 8270, '3', '4', NULL, 4, '2680596938', 9);

INSERT INTO 旅游信息 (旅游时间, 旅游费用, 保险, 服务等级, 旅游合同, 旅游团_id, 顾客_身份证号, 旅游线路_id) VALUES ('September', 8629.43, '4', '5', NULL, 4, '2749418689', 2);

INSERT INTO 旅游信息 (旅游时间, 旅游费用, 保险, 服务等级, 旅游合同, 旅游团_id, 顾客_身份证号, 旅游线路_id) VALUES ('March', 4142.78, '2', '4', NULL, 3, '2177101478', 6);

INSERT INTO 旅游信息 (旅游时间, 旅游费用, 保险, 服务等级, 旅游合同, 旅游团_id, 顾客_身份证号, 旅游线路_id) VALUES ('January', 3715.68, '1', '3', NULL, 6, '2874605946', 2);

INSERT INTO 旅游信息 (旅游时间, 旅游费用, 保险, 服务等级, 旅游合同, 旅游团_id, 顾客_身份证号, 旅游线路_id) VALUES ('June', 3685.49, '1', '5', NULL, 6, '1086352413', 2);

INSERT INTO 旅游信息 (旅游时间, 旅游费用, 保险, 服务等级, 旅游合同, 旅游团_id, 顾客_身份证号, 旅游线路_id) VALUES ('September', 8894.18, '1', '4', NULL, 10, '1465845741', 8);

INSERT INTO 旅游信息 (旅游时间, 旅游费用, 保险, 服务等级, 旅游合同, 旅游团_id, 顾客_身份证号, 旅游线路_id) VALUES ('February', 5058.07, '4', '3', NULL, 9, '1701443157', 4);

INSERT INTO 旅游信息 (旅游时间, 旅游费用, 保险, 服务等级, 旅游合同, 旅游团_id, 顾客_身份证号, 旅游线路_id) VALUES ('March', 7911.14, '4', '4', NULL, 6, '2450986863', 1);

INSERT INTO 旅游信息 (旅游时间, 旅游费用, 保险, 服务等级, 旅游合同, 旅游团_id, 顾客_身份证号, 旅游线路_id) VALUES ('August', 6298.17, '4', '4', NULL, 8, '1406619081', 10);

INSERT INTO 旅游信息 (旅游时间, 旅游费用, 保险, 服务等级, 旅游合同, 旅游团_id, 顾客_身份证号, 旅游线路_id) VALUES ('January', 6908.22, '3', '5', NULL, 7, '2671731213', 5);

INSERT INTO 旅游信息 (旅游时间, 旅游费用, 保险, 服务等级, 旅游合同, 旅游团_id, 顾客_身份证号, 旅游线路_id) VALUES ('February', 8525.35, '3', '4', NULL, 10, '1304268707', 5);

INSERT INTO 旅游信息 (旅游时间, 旅游费用, 保险, 服务等级, 旅游合同, 旅游团_id, 顾客_身份证号, 旅游线路_id) VALUES ('April', 7096.67, '5', '5', NULL, 6, '2212317069', 2);

INSERT INTO 旅游信息 (旅游时间, 旅游费用, 保险, 服务等级, 旅游合同, 旅游团_id, 顾客_身份证号, 旅游线路_id) VALUES ('January', 6920.05, '3', '4', NULL, 7, '2015526339', 3);

INSERT INTO 旅游信息 (旅游时间, 旅游费用, 保险, 服务等级, 旅游合同, 旅游团_id, 顾客_身份证号, 旅游线路_id) VALUES ('July', 4412.13, '2', '5', NULL, 10, '2680596938', 4);

INSERT INTO 旅游信息 (旅游时间, 旅游费用, 保险, 服务等级, 旅游合同, 旅游团_id, 顾客_身份证号, 旅游线路_id) VALUES ('July', 8452.6, '1', '5', NULL, 3, '2977890846', 4);

INSERT INTO 旅游信息 (旅游时间, 旅游费用, 保险, 服务等级, 旅游合同, 旅游团_id, 顾客_身份证号, 旅游线路_id) VALUES ('February', 3566.41, '1', '5', NULL, 6, '2094927988', 8);

INSERT INTO 旅游信息 (旅游时间, 旅游费用, 保险, 服务等级, 旅游合同, 旅游团_id, 顾客_身份证号, 旅游线路_id) VALUES ('August', 7882.62, '5', '5', NULL, 7, '3118369023', 9);

INSERT INTO 旅游信息 (旅游时间, 旅游费用, 保险, 服务等级, 旅游合同, 旅游团_id, 顾客_身份证号, 旅游线路_id) VALUES ('September', 8998.86, '3', '5', NULL, 2, '3017872765', 7);

INSERT INTO 旅游信息 (旅游时间, 旅游费用, 保险, 服务等级, 旅游合同, 旅游团_id, 顾客_身份证号, 旅游线路_id) VALUES ('May', 5155.69, '4', '4', NULL, 8, '3090754934', 4);

INSERT INTO 旅游信息 (旅游时间, 旅游费用, 保险, 服务等级, 旅游合同, 旅游团_id, 顾客_身份证号, 旅游线路_id) VALUES ('July', 7394.45, '3', '4', NULL, 9, '2684230697', 7);

INSERT INTO 旅游信息 (旅游时间, 旅游费用, 保险, 服务等级, 旅游合同, 旅游团_id, 顾客_身份证号, 旅游线路_id) VALUES ('February', 6139.19, '3', '3', NULL, 1, '2686357968', 2);

INSERT INTO 旅游信息 (旅游时间, 旅游费用, 保险, 服务等级, 旅游合同, 旅游团_id, 顾客_身份证号, 旅游线路_id) VALUES ('May', 8038.76, '3', '3', NULL, 1, '2462529988', 8);

INSERT INTO 旅游信息 (旅游时间, 旅游费用, 保险, 服务等级, 旅游合同, 旅游团_id, 顾客_身份证号, 旅游线路_id) VALUES ('July', 6288.52, '2', '4', NULL, 5, '1005750065', 8);

INSERT INTO 旅游信息 (旅游时间, 旅游费用, 保险, 服务等级, 旅游合同, 旅游团_id, 顾客_身份证号, 旅游线路_id) VALUES ('June', 8016.49, '4', '4', NULL, 9, '2082551390', 6);

INSERT INTO 旅游信息 (旅游时间, 旅游费用, 保险, 服务等级, 旅游合同, 旅游团_id, 顾客_身份证号, 旅游线路_id) VALUES ('February', 3165.79, '4', '4', NULL, 7, '1303095925', 8);

INSERT INTO 旅游信息 (旅游时间, 旅游费用, 保险, 服务等级, 旅游合同, 旅游团_id, 顾客_身份证号, 旅游线路_id) VALUES ('August', 5624.02, '4', '4', NULL, 8, '2082551390', 8);

INSERT INTO 旅游信息 (旅游时间, 旅游费用, 保险, 服务等级, 旅游合同, 旅游团_id, 顾客_身份证号, 旅游线路_id) VALUES ('April', 3181.27, '5', '4', NULL, 2, '1629550230', 6);

INSERT INTO 旅游信息 (旅游时间, 旅游费用, 保险, 服务等级, 旅游合同, 旅游团_id, 顾客_身份证号, 旅游线路_id) VALUES ('June', 7861.74, '3', '5', NULL, 2, '1143663690', 9);

INSERT INTO 旅游信息 (旅游时间, 旅游费用, 保险, 服务等级, 旅游合同, 旅游团_id, 顾客_身份证号, 旅游线路_id) VALUES ('January', 6682.65, '1', '4', NULL, 10, '1797717032', 3);

INSERT INTO 旅游信息 (旅游时间, 旅游费用, 保险, 服务等级, 旅游合同, 旅游团_id, 顾客_身份证号, 旅游线路_id) VALUES ('August', 5546.63, '2', '4', NULL, 10, '1036217391', 5);

INSERT INTO 旅游信息 (旅游时间, 旅游费用, 保险, 服务等级, 旅游合同, 旅游团_id, 顾客_身份证号, 旅游线路_id) VALUES ('October', 7636.99, '2', '3', NULL, 8, '2612424768', 4);

INSERT INTO 旅游信息 (旅游时间, 旅游费用, 保险, 服务等级, 旅游合同, 旅游团_id, 顾客_身份证号, 旅游线路_id) VALUES ('January', 7652.18, '5', '4', NULL, 4, '1668811412', 4);

INSERT INTO 旅游信息 (旅游时间, 旅游费用, 保险, 服务等级, 旅游合同, 旅游团_id, 顾客_身份证号, 旅游线路_id) VALUES ('April', 6403.09, '3', '3', NULL, 6, '2738596629', 2);

INSERT INTO 旅游信息 (旅游时间, 旅游费用, 保险, 服务等级, 旅游合同, 旅游团_id, 顾客_身份证号, 旅游线路_id) VALUES ('February', 4553.23, '3', '4', NULL, 4, '2497088725', 4);

INSERT INTO 旅游信息 (旅游时间, 旅游费用, 保险, 服务等级, 旅游合同, 旅游团_id, 顾客_身份证号, 旅游线路_id) VALUES ('July', 8662.32, '2', '5', NULL, 10, '1867724189', 3);

INSERT INTO 旅游信息 (旅游时间, 旅游费用, 保险, 服务等级, 旅游合同, 旅游团_id, 顾客_身份证号, 旅游线路_id) VALUES ('September', 8972.38, '1', '4', NULL, 8, '2931159763', 8);

INSERT INTO 旅游信息 (旅游时间, 旅游费用, 保险, 服务等级, 旅游合同, 旅游团_id, 顾客_身份证号, 旅游线路_id) VALUES ('May', 5145.49, '4', '5', NULL, 7, '2968490206', 7);

INSERT INTO 旅游信息 (旅游时间, 旅游费用, 保险, 服务等级, 旅游合同, 旅游团_id, 顾客_身份证号, 旅游线路_id) VALUES ('July', 4654.6, '4', '3', NULL, 3, '1211641454', 8);

INSERT INTO 旅游信息 (旅游时间, 旅游费用, 保险, 服务等级, 旅游合同, 旅游团_id, 顾客_身份证号, 旅游线路_id) VALUES ('September', 6763.7, '2', '4', NULL, 6, '2845675835', 4);

INSERT INTO 旅游信息 (旅游时间, 旅游费用, 保险, 服务等级, 旅游合同, 旅游团_id, 顾客_身份证号, 旅游线路_id) VALUES ('August', 8115.2, '2', '4', NULL, 7, '2154729466', 1);

INSERT INTO 旅游信息 (旅游时间, 旅游费用, 保险, 服务等级, 旅游合同, 旅游团_id, 顾客_身份证号, 旅游线路_id) VALUES ('August', 9130.52, '4', '3', NULL, 7, '1077172768', 1);

INSERT INTO 旅游信息 (旅游时间, 旅游费用, 保险, 服务等级, 旅游合同, 旅游团_id, 顾客_身份证号, 旅游线路_id) VALUES ('June', 6330.73, '4', '4', NULL, 2, '2456696629', 10);

INSERT INTO 旅游信息 (旅游时间, 旅游费用, 保险, 服务等级, 旅游合同, 旅游团_id, 顾客_身份证号, 旅游线路_id) VALUES ('June', 4897.92, '3', '5', NULL, 2, '2532632910', 2);

INSERT INTO 旅游信息 (旅游时间, 旅游费用, 保险, 服务等级, 旅游合同, 旅游团_id, 顾客_身份证号, 旅游线路_id) VALUES ('July', 9556.66, '5', '5', NULL, 2, '3089915047', 6);

INSERT INTO 旅游信息 (旅游时间, 旅游费用, 保险, 服务等级, 旅游合同, 旅游团_id, 顾客_身份证号, 旅游线路_id) VALUES ('March', 3828.15, '4', '5', NULL, 2, '2439285648', 9);

INSERT INTO 旅游信息 (旅游时间, 旅游费用, 保险, 服务等级, 旅游合同, 旅游团_id, 顾客_身份证号, 旅游线路_id) VALUES ('October', 8533.51, '3', '5', NULL, 5, '2359776499', 2);

INSERT INTO 旅游信息 (旅游时间, 旅游费用, 保险, 服务等级, 旅游合同, 旅游团_id, 顾客_身份证号, 旅游线路_id) VALUES ('August', 7654.6, '5', '3', NULL, 3, '1891046536', 9);

INSERT INTO 旅游信息 (旅游时间, 旅游费用, 保险, 服务等级, 旅游合同, 旅游团_id, 顾客_身份证号, 旅游线路_id) VALUES ('September', 6820.77, '2', '5', NULL, 8, '2063030453', 2);

INSERT INTO 旅游信息 (旅游时间, 旅游费用, 保险, 服务等级, 旅游合同, 旅游团_id, 顾客_身份证号, 旅游线路_id) VALUES ('June', 8598.85, '4', '5', NULL, 6, '2744466873', 6);

INSERT INTO 旅游信息 (旅游时间, 旅游费用, 保险, 服务等级, 旅游合同, 旅游团_id, 顾客_身份证号, 旅游线路_id) VALUES ('September', 4872.2, '3', '4', NULL, 4, '2665053289', 7);

INSERT INTO 旅游信息 (旅游时间, 旅游费用, 保险, 服务等级, 旅游合同, 旅游团_id, 顾客_身份证号, 旅游线路_id) VALUES ('October', 9835.27, '1', '4', NULL, 7, '1718765004', 4);

INSERT INTO 旅游信息 (旅游时间, 旅游费用, 保险, 服务等级, 旅游合同, 旅游团_id, 顾客_身份证号, 旅游线路_id) VALUES ('June', 3810.45, '3', '4', NULL, 1, '2874605946', 6);

INSERT INTO 旅游信息 (旅游时间, 旅游费用, 保险, 服务等级, 旅游合同, 旅游团_id, 顾客_身份证号, 旅游线路_id) VALUES ('September', 3037.63, '3', '4', NULL, 10, '1449742965', 6);

INSERT INTO 旅游信息 (旅游时间, 旅游费用, 保险, 服务等级, 旅游合同, 旅游团_id, 顾客_身份证号, 旅游线路_id) VALUES ('February', 5480.23, '5', '3', NULL, 6, '1374109645', 3);

INSERT INTO 旅游信息 (旅游时间, 旅游费用, 保险, 服务等级, 旅游合同, 旅游团_id, 顾客_身份证号, 旅游线路_id) VALUES ('June', 9782.46, '2', '4', NULL, 8, '2317028417', 3);

INSERT INTO 旅游信息 (旅游时间, 旅游费用, 保险, 服务等级, 旅游合同, 旅游团_id, 顾客_身份证号, 旅游线路_id) VALUES ('July', 9217.19, '1', '4', NULL, 4, '2573145170', 9);

INSERT INTO 旅游信息 (旅游时间, 旅游费用, 保险, 服务等级, 旅游合同, 旅游团_id, 顾客_身份证号, 旅游线路_id) VALUES ('July', 3324.73, '4', '4', NULL, 2, '1143663690', 3);

INSERT INTO 旅游信息 (旅游时间, 旅游费用, 保险, 服务等级, 旅游合同, 旅游团_id, 顾客_身份证号, 旅游线路_id) VALUES ('May', 5289.87, '4', '4', NULL, 7, '2234724305', 7);

INSERT INTO 旅游信息 (旅游时间, 旅游费用, 保险, 服务等级, 旅游合同, 旅游团_id, 顾客_身份证号, 旅游线路_id) VALUES ('May', 4771.46, '3', '3', NULL, 1, '1748716646', 1);

INSERT INTO 旅游信息 (旅游时间, 旅游费用, 保险, 服务等级, 旅游合同, 旅游团_id, 顾客_身份证号, 旅游线路_id) VALUES ('May', 7906.9, '2', '3', NULL, 3, '2880018847', 6);

INSERT INTO 旅游信息 (旅游时间, 旅游费用, 保险, 服务等级, 旅游合同, 旅游团_id, 顾客_身份证号, 旅游线路_id) VALUES ('February', 4188.07, '1', '5', NULL, 5, '3107414589', 6);

INSERT INTO 旅游信息 (旅游时间, 旅游费用, 保险, 服务等级, 旅游合同, 旅游团_id, 顾客_身份证号, 旅游线路_id) VALUES ('June', 9479.13, '1', '4', NULL, 10, '1631124318', 3);

INSERT INTO 旅游信息 (旅游时间, 旅游费用, 保险, 服务等级, 旅游合同, 旅游团_id, 顾客_身份证号, 旅游线路_id) VALUES ('February', 3843.84, '2', '3', NULL, 6, '2741732805', 7);

INSERT INTO 旅游信息 (旅游时间, 旅游费用, 保险, 服务等级, 旅游合同, 旅游团_id, 顾客_身份证号, 旅游线路_id) VALUES ('April', 3146.96, '4', '4', NULL, 10, '2222536545', 8);

INSERT INTO 旅游信息 (旅游时间, 旅游费用, 保险, 服务等级, 旅游合同, 旅游团_id, 顾客_身份证号, 旅游线路_id) VALUES ('September', 7011.49, '3', '4', NULL, 2, '2650713895', 9);

INSERT INTO 旅游信息 (旅游时间, 旅游费用, 保险, 服务等级, 旅游合同, 旅游团_id, 顾客_身份证号, 旅游线路_id) VALUES ('October', 9210.12, '4', '4', NULL, 10, '2890983142', 4);

INSERT INTO 旅游信息 (旅游时间, 旅游费用, 保险, 服务等级, 旅游合同, 旅游团_id, 顾客_身份证号, 旅游线路_id) VALUES ('October', 4629.4, '5', '4', NULL, 5, '2801562136', 6);

INSERT INTO 旅游信息 (旅游时间, 旅游费用, 保险, 服务等级, 旅游合同, 旅游团_id, 顾客_身份证号, 旅游线路_id) VALUES ('June', 6763.16, '4', '4', NULL, 8, '2095575373', 5);

INSERT INTO 旅游信息 (旅游时间, 旅游费用, 保险, 服务等级, 旅游合同, 旅游团_id, 顾客_身份证号, 旅游线路_id) VALUES ('June', 6800.25, '4', '4', NULL, 3, '2301685233', 7);

INSERT INTO 旅游信息 (旅游时间, 旅游费用, 保险, 服务等级, 旅游合同, 旅游团_id, 顾客_身份证号, 旅游线路_id) VALUES ('January', 7611.99, '2', '4', NULL, 9, '2447109410', 8);

INSERT INTO 旅游信息 (旅游时间, 旅游费用, 保险, 服务等级, 旅游合同, 旅游团_id, 顾客_身份证号, 旅游线路_id) VALUES ('August', 6436.49, '1', '5', NULL, 5, '1510692686', 5);

INSERT INTO 旅游信息 (旅游时间, 旅游费用, 保险, 服务等级, 旅游合同, 旅游团_id, 顾客_身份证号, 旅游线路_id) VALUES ('October', 6802.87, '5', '3', NULL, 4, '1276966262', 3);

INSERT INTO 旅游信息 (旅游时间, 旅游费用, 保险, 服务等级, 旅游合同, 旅游团_id, 顾客_身份证号, 旅游线路_id) VALUES ('October', 9031.54, '4', '4', NULL, 3, '2208507975', 6);

INSERT INTO 旅游信息 (旅游时间, 旅游费用, 保险, 服务等级, 旅游合同, 旅游团_id, 顾客_身份证号, 旅游线路_id) VALUES ('January', 6733.6, '2', '4', NULL, 8, '2296360531', 3);

INSERT INTO 旅游信息 (旅游时间, 旅游费用, 保险, 服务等级, 旅游合同, 旅游团_id, 顾客_身份证号, 旅游线路_id) VALUES ('March', 6216.08, '5', '4', NULL, 3, '2450986863', 3);

INSERT INTO 旅游信息 (旅游时间, 旅游费用, 保险, 服务等级, 旅游合同, 旅游团_id, 顾客_身份证号, 旅游线路_id) VALUES ('March', 6172.67, '5', '4', NULL, 7, '1032208022', 5);

INSERT INTO 旅游信息 (旅游时间, 旅游费用, 保险, 服务等级, 旅游合同, 旅游团_id, 顾客_身份证号, 旅游线路_id) VALUES ('February', 5754.99, '4', '4', NULL, 8, '1214503008', 7);

INSERT INTO 旅游信息 (旅游时间, 旅游费用, 保险, 服务等级, 旅游合同, 旅游团_id, 顾客_身份证号, 旅游线路_id) VALUES ('September', 8741.9, '3', '4', NULL, 7, '2735865373', 8);

INSERT INTO 旅游信息 (旅游时间, 旅游费用, 保险, 服务等级, 旅游合同, 旅游团_id, 顾客_身份证号, 旅游线路_id) VALUES ('February', 5977.97, '3', '5', NULL, 7, '2089658218', 4);

INSERT INTO 地点 (地点, 旅游线路_id) VALUES ('BeiJing', 1);

INSERT INTO 地点 (地点, 旅游线路_id) VALUES ('ChongQi', 8);

INSERT INTO 地点 (地点, 旅游线路_id) VALUES ('FuJia', 7);

INSERT INTO 地点 (地点, 旅游线路_id) VALUES ('GuangZhou', 3);

INSERT INTO 地点 (地点, 旅游线路_id) VALUES ('HaiNa', 6);

INSERT INTO 地点 (地点, 旅游线路_id) VALUES ('ShangHai', 2);

INSERT INTO 地点 (地点, 旅游线路_id) VALUES ('SiChua', 5);

INSERT INTO 地点 (地点, 旅游线路_id) VALUES ('TianJi', 4);

INSERT INTO 地点 (地点, 旅游线路_id) VALUES ('XinJiang', 9);

INSERT INTO 地点 (地点, 旅游线路_id) VALUES ('XiZang', 10);

INSERT INTO 景点 (景点, 旅游线路_id) VALUES ('Four Girls Mountai', 5);

INSERT INTO 景点 (景点, 旅游线路_id) VALUES ('Giant Buddhist Temple', 3);

INSERT INTO 景点 (景点, 旅游线路_id) VALUES ('Gulangyu Island', 7);

INSERT INTO 景点 (景点, 旅游线路_id) VALUES ('Hongya Cave', 8);

INSERT INTO 景点 (景点, 旅游线路_id) VALUES ('Potala Place', 10);

INSERT INTO 景点 (景点, 旅游线路_id) VALUES ('Sea Island', 6);

INSERT INTO 景点 (景点, 旅游线路_id) VALUES ('Shi Family Grand Courtyard', 4);

INSERT INTO 景点 (景点, 旅游线路_id) VALUES ('the Bund', 2);

INSERT INTO 景点 (景点, 旅游线路_id) VALUES ('The Palace Museum', 1);

INSERT INTO 景点 (景点, 旅游线路_id) VALUES ('Tian Sha', 9);

INSERT INTO 旅游时间段 (旅游时间段, 价格, 交通方式, 服务等级, 旅游线路_id)
VALUES
    ('April', 4700, 'Bus', 3, 4),
    ('August', 5200, 'Bus', 3, 8),
    ('Februray', 5500, 'airplane', 4, 2),
    ('January', 6000, 'Bus', 3, 1),
    ('July', 5000, 'Bus', 3, 7),
    ('June', 7700, 'airplane', 4, 6),
    ('March', 7000, 'Bus', 3, 3),
    ('May', 9000, 'airplane', 5, 5),
    ('October', 4300, 'Bus', 3, 10),
    ('September', 8000, 'airplane', 5, 9),
    ('April', 4900, 'Train', 4, 4),
    ('August', 5300, 'Car', 3, 8),
    ('Februray', 5600, 'airplane', 4, 2),
    ('January', 6100, 'Train', 3, 1),
    ('July', 5100, 'Car', 3, 7),
    ('June', 7800, 'Train', 4, 6),
    ('March', 7100, 'Car', 3, 3),
    ('May', 9200, 'Train', 5, 5),
    ('October', 4400, 'Car', 3, 10),
    ('September', 8100, 'Train', 5, 9),
    ('April', 4800, 'airplane', 3, 4),
    ('August', 5250, 'Boat', 3, 8),
    ('Februray', 5550, 'Train', 4, 2),
    ('January', 6050, 'Boat', 3, 1),
    ('July', 5050, 'airplane', 3, 7),
    ('June', 7750, 'Boat', 4, 6),
    ('March', 7050, 'airplane', 3, 3),
    ('May', 9050, 'Boat', 5, 5),
    ('October', 4350, 'airplane', 3, 10),
    ('September', 8050, 'Boat', 5, 9);

INSERT INTO 导游员工 (导游号, 身份证号, 导游资格等级, 业绩金额, 分公司_id, 旅游团_id) VALUES (1, '1035555550', '3', 12589, 1, 1);

INSERT INTO 导游员工 (导游号, 身份证号, 导游资格等级, 业绩金额, 分公司_id, 旅游团_id) VALUES (2, '1036217391', '4', 17888, 1, 1);

INSERT INTO 导游员工 (导游号, 身份证号, 导游资格等级, 业绩金额, 分公司_id, 旅游团_id) VALUES (3, '1038853989', '3', 15785, 2, 2);

INSERT INTO 导游员工 (导游号, 身份证号, 导游资格等级, 业绩金额, 分公司_id, 旅游团_id) VALUES (4, '1039800029', '3', 13242, 2, 2);

INSERT INTO 导游员工 (导游号, 身份证号, 导游资格等级, 业绩金额, 分公司_id, 旅游团_id) VALUES (5, '1040254104', '5', 24255, 3, 3);

INSERT INTO 导游员工 (导游号, 身份证号, 导游资格等级, 业绩金额, 分公司_id, 旅游团_id) VALUES (6, '1041450877', '5', 25688, 3, 3);

INSERT INTO 导游员工 (导游号, 身份证号, 导游资格等级, 业绩金额, 分公司_id, 旅游团_id) VALUES (7, '1041736492', '4', 19898, 4, 4);

INSERT INTO 导游员工 (导游号, 身份证号, 导游资格等级, 业绩金额, 分公司_id, 旅游团_id) VALUES (9, '1043694265', '3', 12144, 4, 4);

INSERT INTO 导游员工 (导游号, 身份证号, 导游资格等级, 业绩金额, 分公司_id, 旅游团_id) VALUES (10, '1045084079', '4', 17872, 5, 5);

INSERT INTO 导游员工 (导游号, 身份证号, 导游资格等级, 业绩金额, 分公司_id, 旅游团_id) VALUES (11, '1046303673', '3', 12345, 5, 5);

INSERT INTO 导游员工 (导游号, 身份证号, 导游资格等级, 业绩金额, 分公司_id, 旅游团_id) VALUES (12, '1046925037', '5', 24345, 6, 6);

INSERT INTO 导游员工 (导游号, 身份证号, 导游资格等级, 业绩金额, 分公司_id, 旅游团_id) VALUES (13, '1048125202', '5', 25454, 6, 6);

INSERT INTO 导游员工 (导游号, 身份证号, 导游资格等级, 业绩金额, 分公司_id, 旅游团_id) VALUES (14, '1049225981', '3', 14232, 7, 7);

INSERT INTO 导游员工 (导游号, 身份证号, 导游资格等级, 业绩金额, 分公司_id, 旅游团_id) VALUES (15, '1051317239', '5', 24354, 7, 7);

INSERT INTO 导游员工 (导游号, 身份证号, 导游资格等级, 业绩金额, 分公司_id, 旅游团_id) VALUES (16, '1054413360', '3', 11122, 8, 8);

INSERT INTO 导游员工 (导游号, 身份证号, 导游资格等级, 业绩金额, 分公司_id, 旅游团_id) VALUES (17, '1058707520', '3', 10232, 8, 8);

INSERT INTO 导游员工 (导游号, 身份证号, 导游资格等级, 业绩金额, 分公司_id, 旅游团_id) VALUES (18, '1062174013', '4', 18858, 9, 9);

INSERT INTO 导游员工 (导游号, 身份证号, 导游资格等级, 业绩金额, 分公司_id, 旅游团_id) VALUES (19, '1063782783', '5', 23222, 9, 9);

INSERT INTO 导游员工 (导游号, 身份证号, 导游资格等级, 业绩金额, 分公司_id, 旅游团_id) VALUES (20, '1066392595', '3', 10214, 10, 10);
