USE tour;

INSERT INTO 总公司 (总公司名)
VALUES ('ABC Travel Company');

INSERT INTO 旅游分公司 (分公司名, 总公司_id)
VALUES ('分公司A', 1),
       ('分公司B', 1),
       ('分公司C', 1),
       ('分公司D', 1),
       ('分公司E', 1),
       ('分公司F', 1),
       ('分公司G', 1),
       ('分公司H', 1),
       ('分公司I', 1),
       ('分公司J', 1);

INSERT INTO 身份信息 (身份证号, 姓名, 工作单位, 职业)
VALUES ('1003773759', 'Noah', 'Travel Agency A', 'travel manager'),
       ('1005750065', 'Emma', 'Travel Agency B', 'travel manager'),
       ('1005772359', 'Olivia', 'Travel Agency C', 'travel manager'),
       ('1007356365', 'Liam', 'Travel Agency D', 'travel manager'),
       ('1011873347', 'Olivia', 'Travel Agency E', 'travel manager'),
       ('1012477284', 'Joh', 'Travel Agency F', 'travel manager'),
       ('1021372339', 'Mary', 'Travel Agency G', 'travel manager'),
       ('1031358786', 'Joh', 'Travel Agency H', 'travel manager'),
       ('1032208022', 'Joh', 'Travel Agency I', 'travel manager'),
       ('1032407086', 'Mary', 'Travel Agency J', 'travel manager'),
       ('1035555550', 'Olivia', 'Travel Agency A', 'travel officer'),
       ('1036217391', 'Noah', 'Travel Agency A', 'travel officer'),
       ('1038853989', 'Liam', 'Travel Agency B', 'travel officer'),
       ('1039800029', 'Sophia', 'Travel Agency B', 'travel officer'),
       ('1040254104', 'Noah', 'Travel Agency C', 'travel officer'),
       ('1041450877', 'Olivia', 'Travel Agency C', 'travel officer'),
       ('1041736492', 'Liam', 'Travel Agency D', 'travel officer'),
       ('1043694265', 'Joh', 'Travel Agency D', 'travel officer'),
       ('1045084079', 'Olivia', 'Travel Agency E', 'travel officer'),
       ('1046303673', 'Olivia', 'Travel Agency E', 'travel officer'),
       ('1046925037', 'Mary', 'Travel Agency F', 'travel officer'),
       ('1048125202', 'Liam', 'Travel Agency F', 'travel officer'),
       ('1049225981', 'Olivia', 'Travel Agency G', 'travel officer'),
       ('1051317239', 'William', 'Travel Agency G', 'travel officer'),
       ('1054413360', 'Sophia', 'Travel Agency H', 'travel officer'),
       ('1058707520', 'Joh', 'Travel Agency H', 'travel officer'),
       ('1062174013', 'Olivia', 'Travel Agency I', 'travel officer'),
       ('1063782783', 'Olivia', 'Travel Agency I', 'travel officer'),
       ('1066392595', 'Isabella', 'Travel Agency J', 'travel officer'),
       ('1069281062', 'William', 'Travel Agency J', 'travel officer'),
       ('1070061626', 'William', 'Info Systems', 'Manager'),
       ('1073140077', 'Mary', 'Byte Solutions', 'Writer'),
       ('1073256974', 'Sophia', 'Data Works', 'Writer'),
       ('1074933336', 'James', 'Info Systems', 'Accountant'),
       ('1076606551', 'Isabella', 'Byte Solutions', 'Teacher'),
       ('1077172768', 'Emma', 'Data Works', 'Chef'),
       ('1083529400', 'Mary', 'Byte Solutions', 'Chef'),
       ('1083940560', 'Liam', 'Info Systems', 'Manager'),
       ('1084398475', 'Isabella', 'Info Systems', 'Teacher'),
       ('1085665393', 'Sophia', 'Global Net', 'Writer'),
       ('1086352413', 'Joh', 'Info Systems', 'Accountant'),
       ('1093925867', 'James', 'Tech Corp', 'Developer'),
       ('1103975555', 'Liam', 'Byte Solutions', 'Chef'),
       ('1112366885', 'Sophia', 'Info Systems', 'Engineer'),
       ('1113605195', 'Emma', 'Global Net', 'Engineer'),
       ('1126974710', 'Emma', 'Innovate Co', 'Designer'),
       ('1138237033', 'Liam', 'Tech Corp', 'Developer'),
       ('1138532389', 'Noah', 'Byte Solutions', 'Teacher'),
       ('1138908407', 'Mary', 'Global Net', 'Developer'),
       ('1142308920', 'Olivia', 'Global Net', 'Doctor'),
       ('1142485150', 'Olivia', 'Sky Soft', 'Artist'),
       ('1143663690', 'Noah', 'Data Works', 'Developer'),
       ('1150281835', 'William', 'Data Works', 'Chef'),
       ('1155951124', 'James', 'Info Systems', 'Writer'),
       ('1159515602', 'Joh', 'Info Systems', 'Designer'),
       ('1163255087', 'Sophia', 'Sky Soft', 'Accountant'),
       ('1164264876', 'Emma', 'Data Works', 'Designer'),
       ('1170617504', 'Liam', 'Info Systems', 'Artist'),
       ('1171837322', 'Mary', 'Innovate Co', 'Engineer'),
       ('1175529921', 'Noah', 'Global Net', 'Doctor'),
       ('1179019698', 'Liam', 'Byte Solutions', 'Artist'),
       ('1188638120', 'William', 'Byte Solutions', 'Chef'),
       ('1189765576', 'Joh', 'Global Net', 'Manager'),
       ('1190307431', 'William', 'Global Net', 'Designer'),
       ('1192704074', 'Emma', 'Info Systems', 'Teacher'),
       ('1193001222', 'Isabella', 'Tech Corp', 'Doctor'),
       ('1193204715', 'Joh', 'Global Net', 'Engineer'),
       ('1195157245', 'Emma', 'Innovate Co', 'Designer'),
       ('1203548735', 'Olivia', 'Byte Solutions', 'Teacher'),
       ('1204319158', 'Liam', 'Global Net', 'Engineer'),
       ('1207893154', 'Joh', 'Tech Corp', 'Artist'),
       ('1208483182', 'Sophia', 'Tech Corp', 'Accountant'),
       ('1211641454', 'Emma', 'Tech Corp', 'Chef'),
       ('1214503008', 'Noah', 'Sky Soft', 'Engineer'),
       ('1218764373', 'Joh', 'Sky Soft', 'Designer'),
       ('1219959288', 'Isabella', 'Info Systems', 'Artist'),
       ('1221336556', 'Isabella', 'Sky Soft', 'Engineer'),
       ('1221833669', 'Isabella', 'Data Works', 'Designer'),
       ('1235486039', 'James', 'Global Net', 'Artist'),
       ('1243116584', 'Liam', 'Info Systems', 'Chef'),
       ('1244596923', 'William', 'Byte Solutions', 'Designer'),
       ('1253183280', 'Joh', 'Global Net', 'Teacher'),
       ('1254990179', 'William', 'Global Net', 'Doctor'),
       ('1256916668', 'William', 'Sky Soft', 'Designer'),
       ('1257881839', 'William', 'Info Systems', 'Accountant'),
       ('1259040497', 'Liam', 'Innovate Co', 'Teacher'),
       ('1259616469', 'Sophia', 'Byte Solutions', 'Accountant'),
       ('1260573608', 'Olivia', 'Data Works', 'Doctor'),
       ('1263225371', 'William', 'Data Works', 'Engineer'),
       ('1264859969', 'Joh', 'Sky Soft', 'Manager'),
       ('1266252378', 'James', 'Tech Corp', 'Designer'),
       ('1269434019', 'Isabella', 'Global Net', 'Artist'),
       ('1270891160', 'James', 'Data Works', 'Doctor'),
       ('1271836641', 'Isabella', 'Tech Corp', 'Accountant'),
       ('1272551926', 'Joh', 'Sky Soft', 'Chef'),
       ('1274433192', 'Joh', 'Info Systems', 'Writer'),
       ('1276966262', 'James', 'Sky Soft', 'Engineer'),
       ('1277039596', 'Joh', 'Global Net', 'Doctor'),
       ('1278620553', 'Emma', 'Sky Soft', 'Artist'),
       ('1281915447', 'Noah', 'Innovate Co', 'Manager'),
       ('1284026640', 'James', 'Global Net', 'Designer'),
       ('1290513124', 'Emma', 'Tech Corp', 'Doctor'),
       ('1291069963', 'William', 'Byte Solutions', 'Writer'),
       ('1295265693', 'Olivia', 'Sky Soft', 'Developer'),
       ('1296519340', 'Isabella', 'Data Works', 'Chef'),
       ('1297163136', 'Noah', 'Sky Soft', 'Chef'),
       ('1297303491', 'Olivia', 'Byte Solutions', 'Teacher'),
       ('1299183877', 'Emma', 'Byte Solutions', 'Chef'),
       ('1299383328', 'Joh', 'Byte Solutions', 'Teacher'),
       ('1302146226', 'James', 'Info Systems', 'Teacher'),
       ('1303095925', 'Joh', 'Data Works', 'Teacher'),
       ('1304268707', 'Liam', 'Info Systems', 'Accountant'),
       ('1305236720', 'Mary', 'Global Net', 'Chef'),
       ('1308602472', 'Mary', 'Sky Soft', 'Developer'),
       ('1311461652', 'Isabella', 'Global Net', 'Chef'),
       ('1313861729', 'James', 'Tech Corp', 'Writer'),
       ('1315870491', 'Joh', 'Byte Solutions', 'Engineer'),
       ('1316545156', 'Mary', 'Sky Soft', 'Teacher'),
       ('1321512501', 'Sophia', 'Tech Corp', 'Teacher'),
       ('1329914421', 'Joh', 'Sky Soft', 'Manager'),
       ('1332562569', 'Olivia', 'Data Works', 'Manager'),
       ('1334985072', 'James', 'Info Systems', 'Chef'),
       ('1340029856', 'Joh', 'Data Works', 'Accountant'),
       ('1341643821', 'Olivia', 'Tech Corp', 'Accountant'),
       ('1348565977', 'Sophia', 'Sky Soft', 'Manager'),
       ('1349832535', 'William', 'Global Net', 'Teacher'),
       ('1351737085', 'Mary', 'Data Works', 'Manager'),
       ('1359933679', 'Olivia', 'Global Net', 'Manager'),
       ('1361017863', 'Noah', 'Tech Corp', 'Chef'),
       ('1365106995', 'Noah', 'Info Systems', 'Doctor'),
       ('1366035026', 'Isabella', 'Innovate Co', 'Artist'),
       ('1369319251', 'Liam', 'Sky Soft', 'Chef'),
       ('1373239634', 'Liam', 'Innovate Co', 'Accountant'),
       ('1374109645', 'James', 'Innovate Co', 'Developer'),
       ('1374979675', 'Emma', 'Tech Corp', 'Writer'),
       ('1376937463', 'Mary', 'Innovate Co', 'Artist'),
       ('1379160409', 'Noah', 'Tech Corp', 'Engineer'),
       ('1382796355', 'William', 'Data Works', 'Designer'),
       ('1383361188', 'Mary', 'Global Net', 'Doctor'),
       ('1384070207', 'Olivia', 'Info Systems', 'Engineer'),
       ('1384763284', 'Joh', 'Sky Soft', 'Teacher'),
       ('1385298149', 'James', 'Innovate Co', 'Manager'),
       ('1388412082', 'Olivia', 'Tech Corp', 'Teacher'),
       ('1388579143', 'Liam', 'Data Works', 'Writer'),
       ('1390142215', 'Olivia', 'Global Net', 'Chef'),
       ('1398841587', 'Olivia', 'Data Works', 'Artist'),
       ('1401740026', 'James', 'Global Net', 'Artist'),
       ('1402297067', 'Joh', 'Global Net', 'Designer'),
       ('1403753548', 'Isabella', 'Innovate Co', 'Engineer'),
       ('1405974098', 'Joh', 'Info Systems', 'Teacher'),
       ('1406104264', 'Joh', 'Info Systems', 'Accountant'),
       ('1406619081', 'Noah', 'Global Net', 'Writer'),
       ('1409106930', 'Sophia', 'Info Systems', 'Writer'),
       ('1412913755', 'Noah', 'Sky Soft', 'Engineer'),
       ('1413201659', 'Sophia', 'Global Net', 'Manager'),
       ('1414392160', 'Emma', 'Info Systems', 'Chef'),
       ('1414914922', 'Noah', 'Byte Solutions', 'Manager'),
       ('1414965774', 'Noah', 'Sky Soft', 'Developer'),
       ('1421644656', 'Liam', 'Byte Solutions', 'Writer'),
       ('1423284658', 'Isabella', 'Info Systems', 'Writer'),
       ('1430095344', 'Liam', 'Innovate Co', 'Manager'),
       ('1434123226', 'William', 'Info Systems', 'Writer'),
       ('1439514663', 'Sophia', 'Global Net', 'Doctor'),
       ('1444198228', 'Isabella', 'Info Systems', 'Designer'),
       ('1445397933', 'Mary', 'Global Net', 'Teacher'),
       ('1446653457', 'Joh', 'Byte Solutions', 'Doctor'),
       ('1449742965', 'Isabella', 'Info Systems', 'Doctor'),
       ('1449815617', 'Liam', 'Info Systems', 'Artist'),
       ('1451381148', 'Sophia', 'Sky Soft', 'Engineer'),
       ('1451811398', 'James', 'Info Systems', 'Doctor'),
       ('1453082921', 'Joh', 'Info Systems', 'Manager'),
       ('1458713248', 'Joh', 'Tech Corp', 'Accountant'),
       ('1464009640', 'Isabella', 'Tech Corp', 'Engineer'),
       ('1465845741', 'Sophia', 'Innovate Co', 'Teacher'),
       ('1468697130', 'Emma', 'Innovate Co', 'Developer'),
       ('1470870199', 'Isabella', 'Global Net', 'Accountant'),
       ('1475552819', 'Joh', 'Tech Corp', 'Writer'),
       ('1475962726', 'William', 'Innovate Co', 'Teacher'),
       ('1479722733', 'William', 'Byte Solutions', 'Manager'),
       ('1480156570', 'Noah', 'Tech Corp', 'Developer'),
       ('1480388585', 'Sophia', 'Global Net', 'Developer'),
       ('1482774905', 'Mary', 'Global Net', 'Teacher'),
       ('1484381934', 'William', 'Innovate Co', 'Manager'),
       ('1487450605', 'Emma', 'Sky Soft', 'Designer'),
       ('1488957507', 'Sophia', 'Innovate Co', 'Doctor'),
       ('1490185179', 'Joh', 'Byte Solutions', 'Writer'),
       ('1491262870', 'Joh', 'Sky Soft', 'Engineer'),
       ('1495643735', 'Mary', 'Byte Solutions', 'Teacher'),
       ('1497553030', 'James', 'Global Net', 'Manager'),
       ('1503247625', 'Sophia', 'Innovate Co', 'Accountant'),
       ('1505235646', 'Liam', 'Tech Corp', 'Writer'),
       ('1505656088', 'Mary', 'Byte Solutions', 'Developer'),
       ('1507222866', 'Emma', 'Sky Soft', 'Accountant'),
       ('1508707533', 'Noah', 'Global Net', 'Artist'),
       ('1510692686', 'William', 'Byte Solutions', 'Accountant'),
       ('1514564197', 'Isabella', 'Sky Soft', 'Accountant'),
       ('1514582016', 'Sophia', 'Info Systems', 'Artist'),
       ('1514772262', 'James', 'Global Net', 'Chef'),
       ('1520674817', 'William', 'Tech Corp', 'Developer'),
       ('1528629764', 'Emma', 'Data Works', 'Chef'),
       ('1528661803', 'Mary', 'Tech Corp', 'Developer'),
       ('1530342258', 'Mary', 'Byte Solutions', 'Doctor'),
       ('1531064608', 'William', 'Global Net', 'Accountant'),
       ('1533191715', 'Noah', 'Data Works', 'Manager'),
       ('1538034350', 'Mary', 'Global Net', 'Writer'),
       ('1538235101', 'Noah', 'Info Systems', 'Designer'),
       ('1538429700', 'William', 'Byte Solutions', 'Accountant'),
       ('1540215633', 'Noah', 'Tech Corp', 'Developer'),
       ('1541988354', 'Isabella', 'Data Works', 'Manager'),
       ('1542379799', 'Isabella', 'Sky Soft', 'Developer'),
       ('1550519839', 'Joh', 'Sky Soft', 'Doctor'),
       ('1553114650', 'Joh', 'Info Systems', 'Artist'),
       ('1553989244', 'James', 'Global Net', 'Teacher'),
       ('1555043312', 'Olivia', 'Innovate Co', 'Teacher'),
       ('1556042379', 'Olivia', 'Info Systems', 'Developer'),
       ('1557023003', 'Isabella', 'Data Works', 'Writer'),
       ('1557704652', 'Mary', 'Tech Corp', 'Teacher'),
       ('1561441207', 'Emma', 'Global Net', 'Artist'),
       ('1561988215', 'Joh', 'Data Works', 'Engineer'),
       ('1564510483', 'Noah', 'Info Systems', 'Accountant'),
       ('1564898725', 'Emma', 'Byte Solutions', 'Artist'),
       ('1569249620', 'Isabella', 'Innovate Co', 'Accountant'),
       ('1572415630', 'Olivia', 'Innovate Co', 'Manager'),
       ('1572632406', 'Liam', 'Innovate Co', 'Artist'),
       ('1573743480', 'William', 'Info Systems', 'Engineer'),
       ('1575788107', 'Joh', 'Tech Corp', 'Doctor'),
       ('1576351044', 'Olivia', 'Info Systems', 'Teacher'),
       ('1577416464', 'Emma', 'Info Systems', 'Accountant'),
       ('1580916868', 'Emma', 'Innovate Co', 'Designer'),
       ('1580955927', 'James', 'Info Systems', 'Chef'),
       ('1583412294', 'Olivia', 'Data Works', 'Chef'),
       ('1588369355', 'James', 'Tech Corp', 'Writer'),
       ('1588843998', 'Sophia', 'Info Systems', 'Developer'),
       ('1589685313', 'Olivia', 'Global Net', 'Engineer'),
       ('1590485167', 'Noah', 'Tech Corp', 'Doctor'),
       ('1597127676', 'Noah', 'Byte Solutions', 'Manager'),
       ('1602151684', 'Isabella', 'Tech Corp', 'Developer'),
       ('1606517966', 'James', 'Byte Solutions', 'Accountant'),
       ('1607296817', 'Noah', 'Global Net', 'Manager'),
       ('1612624483', 'Olivia', 'Tech Corp', 'Designer'),
       ('1613345272', 'Mary', 'Data Works', 'Teacher'),
       ('1613553178', 'Noah', 'Tech Corp', 'Manager'),
       ('1616953744', 'Sophia', 'Byte Solutions', 'Artist'),
       ('1619591103', 'James', 'Info Systems', 'Teacher'),
       ('1620316331', 'Emma', 'Innovate Co', 'Accountant'),
       ('1626564697', 'Joh', 'Data Works', 'Manager'),
       ('1626764206', 'Liam', 'Byte Solutions', 'Accountant'),
       ('1629550230', 'Sophia', 'Global Net', 'Chef'),
       ('1631124318', 'James', 'Data Works', 'Developer'),
       ('1632849886', 'James', 'Byte Solutions', 'Doctor'),
       ('1638520819', 'James', 'Tech Corp', 'Artist'),
       ('1643850362', 'Emma', 'Tech Corp', 'Chef'),
       ('1646189177', 'Liam', 'Global Net', 'Developer'),
       ('1649593152', 'William', 'Global Net', 'Doctor'),
       ('1650427775', 'Emma', 'Global Net', 'Doctor'),
       ('1653292359', 'Liam', 'Global Net', 'Engineer'),
       ('1656235478', 'Sophia', 'Innovate Co', 'Writer'),
       ('1656496854', 'James', 'Info Systems', 'Developer'),
       ('1657422775', 'William', 'Byte Solutions', 'Chef'),
       ('1661748892', 'Joh', 'Data Works', 'Chef'),
       ('1663866841', 'Noah', 'Sky Soft', 'Artist'),
       ('1667945744', 'Emma', 'Global Net', 'Manager'),
       ('1668188044', 'Mary', 'Tech Corp', 'Artist'),
       ('1668811412', 'Liam', 'Sky Soft', 'Developer'),
       ('1669722854', 'Joh', 'Sky Soft', 'Writer'),
       ('1670856934', 'Isabella', 'Sky Soft', 'Chef'),
       ('1672152481', 'Emma', 'Byte Solutions', 'Teacher'),
       ('1672683903', 'Liam', 'Global Net', 'Teacher'),
       ('1674429015', 'William', 'Sky Soft', 'Writer'),
       ('1676834025', 'James', 'Global Net', 'Artist'),
       ('1679014945', 'Emma', 'Byte Solutions', 'Chef'),
       ('1683477299', 'Sophia', 'Global Net', 'Designer'),
       ('1685146550', 'Mary', 'Data Works', 'Manager'),
       ('1686775310', 'Sophia', 'Innovate Co', 'Writer'),
       ('1694259031', 'Olivia', 'Info Systems', 'Teacher'),
       ('1694945299', 'Olivia', 'Sky Soft', 'Teacher'),
       ('1695595395', 'Emma', 'Byte Solutions', 'Engineer'),
       ('1695935705', 'Liam', 'Info Systems', 'Manager'),
       ('1696813074', 'Mary', 'Byte Solutions', 'Developer'),
       ('1696842947', 'Liam', 'Innovate Co', 'Engineer'),
       ('1697588022', 'Noah', 'Global Net', 'Artist'),
       ('1701443157', 'William', 'Sky Soft', 'Teacher'),
       ('1702257732', 'Sophia', 'Info Systems', 'Chef'),
       ('1703819610', 'Sophia', 'Info Systems', 'Chef'),
       ('1706470632', 'James', 'Data Works', 'Developer'),
       ('1709154465', 'Noah', 'Byte Solutions', 'Artist'),
       ('1709422804', 'James', 'Global Net', 'Engineer'),
       ('1710918293', 'Mary', 'Info Systems', 'Chef'),
       ('1711690280', 'James', 'Data Works', 'Artist'),
       ('1713496232', 'Emma', 'Global Net', 'Artist'),
       ('1714047586', 'Emma', 'Innovate Co', 'Artist'),
       ('1714912159', 'Olivia', 'Byte Solutions', 'Engineer'),
       ('1718294789', 'Noah', 'Byte Solutions', 'Accountant'),
       ('1718504956', 'William', 'Info Systems', 'Teacher'),
       ('1718765004', 'Olivia', 'Innovate Co', 'Engineer'),
       ('1719826543', 'Joh', 'Info Systems', 'Doctor'),
       ('1719846108', 'Isabella', 'Innovate Co', 'Accountant'),
       ('1720376932', 'Noah', 'Innovate Co', 'Developer'),
       ('1728180299', 'Liam', 'Tech Corp', 'Manager'),
       ('1735028908', 'James', 'Sky Soft', 'Designer'),
       ('1738133161', 'Isabella', 'Data Works', 'Artist'),
       ('1738649434', 'Sophia', 'Info Systems', 'Writer'),
       ('1739288221', 'William', 'Sky Soft', 'Engineer'),
       ('1742185274', 'Liam', 'Global Net', 'Manager'),
       ('1746166032', 'Isabella', 'Info Systems', 'Chef'),
       ('1747431050', 'Mary', 'Byte Solutions', 'Designer'),
       ('1748333109', 'Mary', 'Innovate Co', 'Developer'),
       ('1748716646', 'Liam', 'Info Systems', 'Doctor'),
       ('1749362187', 'Mary', 'Innovate Co', 'Doctor'),
       ('1750323285', 'Liam', 'Sky Soft', 'Chef'),
       ('1753628178', 'James', 'Tech Corp', 'Manager'),
       ('1755508488', 'Sophia', 'Data Works', 'Teacher'),
       ('1757029347', 'William', 'Tech Corp', 'Engineer'),
       ('1757374750', 'Olivia', 'Sky Soft', 'Chef'),
       ('1762606963', 'Mary', 'Innovate Co', 'Manager'),
       ('1766078120', 'William', 'Data Works', 'Accountant'),
       ('1766133742', 'William', 'Info Systems', 'Manager'),
       ('1767046011', 'James', 'Data Works', 'Accountant'),
       ('1769850144', 'James', 'Sky Soft', 'Engineer'),
       ('1772718967', 'Liam', 'Byte Solutions', 'Teacher'),
       ('1773801777', 'James', 'Innovate Co', 'Engineer'),
       ('1775684725', 'Sophia', 'Global Net', 'Artist'),
       ('1777863626', 'Emma', 'Tech Corp', 'Doctor'),
       ('1782156444', 'Mary', 'Byte Solutions', 'Chef'),
       ('1783787283', 'Noah', 'Innovate Co', 'Writer'),
       ('1784771540', 'Liam', 'Innovate Co', 'Writer'),
       ('1784913992', 'Liam', 'Data Works', 'Artist'),
       ('1785651981', 'Sophia', 'Sky Soft', 'Chef'),
       ('1787657440', 'Isabella', 'Innovate Co', 'Doctor'),
       ('1787905106', 'William', 'Innovate Co', 'Chef'),
       ('1790070732', 'Emma', 'Data Works', 'Doctor'),
       ('1791235258', 'Olivia', 'Tech Corp', 'Writer'),
       ('1792008352', 'Sophia', 'Data Works', 'Designer'),
       ('1792193564', 'Isabella', 'Global Net', 'Artist'),
       ('1795416040', 'Mary', 'Tech Corp', 'Chef'),
       ('1795444052', 'Sophia', 'Info Systems', 'Teacher'),
       ('1797717032', 'William', 'Sky Soft', 'Artist'),
       ('1799324914', 'William', 'Byte Solutions', 'Developer'),
       ('1805220441', 'Emma', 'Tech Corp', 'Teacher'),
       ('1806272161', 'William', 'Tech Corp', 'Developer'),
       ('1808200141', 'Sophia', 'Data Works', 'Developer'),
       ('1808239748', 'Emma', 'Byte Solutions', 'Doctor'),
       ('1808461265', 'William', 'Tech Corp', 'Writer'),
       ('1810525614', 'Sophia', 'Innovate Co', 'Writer'),
       ('1810981996', 'William', 'Innovate Co', 'Doctor'),
       ('1812143443', 'Mary', 'Info Systems', 'Designer'),
       ('1812963357', 'Emma', 'Tech Corp', 'Teacher'),
       ('1813245202', 'Liam', 'Byte Solutions', 'Doctor'),
       ('1813767187', 'Mary', 'Global Net', 'Teacher'),
       ('1813902522', 'James', 'Global Net', 'Teacher'),
       ('1814232820', 'Mary', 'Data Works', 'Chef'),
       ('1819345226', 'Liam', 'Data Works', 'Writer'),
       ('1819570763', 'William', 'Global Net', 'Manager'),
       ('1825337046', 'Sophia', 'Global Net', 'Engineer'),
       ('1828420942', 'Olivia', 'Data Works', 'Accountant'),
       ('1833304899', 'Noah', 'Sky Soft', 'Developer'),
       ('1836009686', 'Noah', 'Tech Corp', 'Chef'),
       ('1837120727', 'Joh', 'Sky Soft', 'Doctor'),
       ('1837204475', 'Mary', 'Tech Corp', 'Manager'),
       ('1842032700', 'James', 'Tech Corp', 'Designer'),
       ('1845461740', 'Emma', 'Data Works', 'Writer'),
       ('1846416074', 'Joh', 'Tech Corp', 'Developer'),
       ('1846565115', 'Joh', 'Sky Soft', 'Developer'),
       ('1849198864', 'Sophia', 'Tech Corp', 'Chef'),
       ('1849560885', 'Isabella', 'Sky Soft', 'Designer'),
       ('1850620593', 'Mary', 'Byte Solutions', 'Accountant'),
       ('1857410820', 'Joh', 'Data Works', 'Developer'),
       ('1860249553', 'Liam', 'Tech Corp', 'Accountant'),
       ('1861872901', 'Emma', 'Info Systems', 'Writer'),
       ('1863683888', 'Olivia', 'Sky Soft', 'Accountant'),
       ('1863840842', 'Olivia', 'Global Net', 'Engineer'),
       ('1864072449', 'Sophia', 'Data Works', 'Engineer'),
       ('1867724189', 'Emma', 'Data Works', 'Doctor'),
       ('1869425884', 'Liam', 'Global Net', 'Teacher'),
       ('1875190414', 'Sophia', 'Info Systems', 'Artist'),
       ('1879415632', 'Olivia', 'Sky Soft', 'Artist'),
       ('1883722865', 'Emma', 'Innovate Co', 'Accountant'),
       ('1884405325', 'Isabella', 'Byte Solutions', 'Writer'),
       ('1891046536', 'Olivia', 'Byte Solutions', 'Manager'),
       ('1891889574', 'William', 'Innovate Co', 'Developer'),
       ('1896006992', 'James', 'Sky Soft', 'Writer'),
       ('1896256687', 'Emma', 'Tech Corp', 'Chef'),
       ('1897776644', 'Liam', 'Sky Soft', 'Doctor'),
       ('1898793745', 'Noah', 'Byte Solutions', 'Writer'),
       ('1899583856', 'Olivia', 'Data Works', 'Accountant'),
       ('1900200311', 'Joh', 'Info Systems', 'Developer'),
       ('1900324294', 'Noah', 'Sky Soft', 'Chef'),
       ('1902924423', 'Liam', 'Tech Corp', 'Artist'),
       ('1905139210', 'William', 'Info Systems', 'Designer'),
       ('1905947317', 'William', 'Innovate Co', 'Writer'),
       ('1907545968', 'Noah', 'Tech Corp', 'Teacher'),
       ('1911275421', 'Sophia', 'Global Net', 'Designer'),
       ('1913904605', 'James', 'Sky Soft', 'Writer'),
       ('1914182413', 'Sophia', 'Tech Corp', 'Artist'),
       ('1915794627', 'Emma', 'Byte Solutions', 'Teacher'),
       ('1917916310', 'William', 'Innovate Co', 'Artist'),
       ('1921853399', 'Isabella', 'Byte Solutions', 'Teacher'),
       ('1923482380', 'Noah', 'Info Systems', 'Chef'),
       ('1927981791', 'Mary', 'Innovate Co', 'Chef'),
       ('1928611833', 'Olivia', 'Innovate Co', 'Engineer'),
       ('1936798703', 'James', 'Tech Corp', 'Accountant'),
       ('1945825956', 'Joh', 'Global Net', 'Teacher'),
       ('1950761357', 'Emma', 'Info Systems', 'Engineer'),
       ('1953984884', 'Olivia', 'Data Works', 'Manager'),
       ('1955679779', 'Mary', 'Info Systems', 'Chef'),
       ('1959522660', 'Olivia', 'Info Systems', 'Accountant'),
       ('1966998089', 'Olivia', 'Info Systems', 'Developer'),
       ('1968995671', 'Mary', 'Info Systems', 'Writer'),
       ('1972420767', 'Liam', 'Info Systems', 'Chef'),
       ('1975434532', 'Sophia', 'Sky Soft', 'Designer'),
       ('1976685776', 'Noah', 'Sky Soft', 'Artist'),
       ('1976820313', 'Isabella', 'Sky Soft', 'Artist'),
       ('1976998625', 'Emma', 'Innovate Co', 'Designer'),
       ('1977479956', 'William', 'Byte Solutions', 'Accountant'),
       ('1978065718', 'Isabella', 'Sky Soft', 'Doctor'),
       ('1978154873', 'Mary', 'Info Systems', 'Writer'),
       ('1980166080', 'Noah', 'Tech Corp', 'Designer'),
       ('1983003496', 'Mary', 'Data Works', 'Chef'),
       ('1984960943', 'James', 'Byte Solutions', 'Chef'),
       ('1987473551', 'Olivia', 'Innovate Co', 'Developer'),
       ('1988138262', 'Isabella', 'Global Net', 'Doctor'),
       ('1988557754', 'Olivia', 'Innovate Co', 'Manager'),
       ('1991076697', 'William', 'Sky Soft', 'Doctor'),
       ('1992260324', 'Isabella', 'Tech Corp', 'Teacher'),
       ('1992775904', 'Isabella', 'Innovate Co', 'Artist'),
       ('1997403407', 'Noah', 'Global Net', 'Developer'),
       ('1997917030', 'William', 'Info Systems', 'Designer'),
       ('1998360287', 'Isabella', 'Tech Corp', 'Writer'),
       ('1998991029', 'Sophia', 'Sky Soft', 'Developer'),
       ('1999910927', 'Sophia', 'Global Net', 'Doctor'),
       ('2003122667', 'Liam', 'Data Works', 'Developer'),
       ('2003372061', 'Emma', 'Data Works', 'Accountant'),
       ('2005853435', 'Noah', 'Info Systems', 'Artist'),
       ('2007379024', 'Mary', 'Tech Corp', 'Manager'),
       ('2008736797', 'Olivia', 'Global Net', 'Writer'),
       ('2012242527', 'James', 'Info Systems', 'Manager'),
       ('2015526339', 'William', 'Byte Solutions', 'Engineer'),
       ('2019061357', 'Sophia', 'Sky Soft', 'Teacher'),
       ('2019503777', 'Joh', 'Innovate Co', 'Manager'),
       ('2021688427', 'Sophia', 'Global Net', 'Accountant'),
       ('2028367204', 'Sophia', 'Innovate Co', 'Teacher'),
       ('2029168209', 'Olivia', 'Sky Soft', 'Chef'),
       ('2033403989', 'Olivia', 'Data Works', 'Manager'),
       ('2035299424', 'Emma', 'Innovate Co', 'Teacher'),
       ('2036909096', 'Noah', 'Innovate Co', 'Teacher'),
       ('2037027663', 'Mary', 'Info Systems', 'Manager'),
       ('2037718090', 'Liam', 'Sky Soft', 'Writer'),
       ('2038049914', 'Noah', 'Global Net', 'Developer'),
       ('2041116339', 'Emma', 'Innovate Co', 'Manager'),
       ('2041322958', 'Liam', 'Global Net', 'Artist'),
       ('2044152457', 'William', 'Innovate Co', 'Designer'),
       ('2044269317', 'Emma', 'Byte Solutions', 'Manager'),
       ('2047470042', 'Olivia', 'Byte Solutions', 'Doctor'),
       ('2047827335', 'Isabella', 'Sky Soft', 'Designer'),
       ('2052418777', 'Olivia', 'Global Net', 'Doctor'),
       ('2052617671', 'Isabella', 'Global Net', 'Manager'),
       ('2054429262', 'Olivia', 'Info Systems', 'Doctor'),
       ('2056215686', 'Isabella', 'Innovate Co', 'Designer'),
       ('2062464820', 'Mary', 'Innovate Co', 'Chef'),
       ('2063030453', 'Sophia', 'Byte Solutions', 'Doctor'),
       ('2066298573', 'Mary', 'Tech Corp', 'Accountant'),
       ('2068575247', 'Joh', 'Global Net', 'Artist'),
       ('2069868187', 'William', 'Tech Corp', 'Teacher'),
       ('2070283788', 'Isabella', 'Innovate Co', 'Designer'),
       ('2071113449', 'Emma', 'Tech Corp', 'Engineer'),
       ('2071634781', 'Sophia', 'Sky Soft', 'Developer'),
       ('2077814195', 'Noah', 'Global Net', 'Engineer'),
       ('2078552463', 'William', 'Global Net', 'Designer'),
       ('2078970944', 'Isabella', 'Data Works', 'Chef'),
       ('2079045374', 'Joh', 'Data Works', 'Manager'),
       ('2081125420', 'Sophia', 'Global Net', 'Writer'),
       ('2082551390', 'William', 'Innovate Co', 'Writer'),
       ('2083118004', 'James', 'Data Works', 'Doctor'),
       ('2086214333', 'James', 'Tech Corp', 'Artist'),
       ('2086582909', 'James', 'Data Works', 'Accountant'),
       ('2087808542', 'Joh', 'Global Net', 'Engineer'),
       ('2089293565', 'Noah', 'Tech Corp', 'Doctor'),
       ('2089658218', 'Noah', 'Info Systems', 'Doctor'),
       ('2089724226', 'Joh', 'Innovate Co', 'Designer'),
       ('2094385377', 'William', 'Global Net', 'Doctor'),
       ('2094927988', 'Joh', 'Data Works', 'Engineer'),
       ('2095575373', 'James', 'Innovate Co', 'Accountant'),
       ('2095663189', 'William', 'Tech Corp', 'Chef'),
       ('2096235930', 'James', 'Info Systems', 'Manager'),
       ('2096665934', 'Emma', 'Info Systems', 'Chef'),
       ('2099250641', 'Mary', 'Info Systems', 'Writer'),
       ('2100512349', 'Joh', 'Byte Solutions', 'Accountant'),
       ('2108877206', 'Mary', 'Global Net', 'Engineer'),
       ('2109674912', 'William', 'Data Works', 'Accountant'),
       ('2111004059', 'Joh', 'Byte Solutions', 'Artist'),
       ('2114889328', 'Olivia', 'Sky Soft', 'Developer'),
       ('2115202568', 'James', 'Sky Soft', 'Accountant'),
       ('2116462371', 'Olivia', 'Sky Soft', 'Developer'),
       ('2119406002', 'Liam', 'Innovate Co', 'Writer'),
       ('2119871510', 'James', 'Byte Solutions', 'Designer'),
       ('2121718348', 'Joh', 'Tech Corp', 'Designer'),
       ('2123318420', 'Joh', 'Global Net', 'Manager'),
       ('2124840584', 'Liam', 'Tech Corp', 'Manager'),
       ('2128088242', 'Emma', 'Byte Solutions', 'Artist'),
       ('2128101402', 'William', 'Innovate Co', 'Artist'),
       ('2130269549', 'Mary', 'Data Works', 'Chef'),
       ('2131461895', 'Noah', 'Tech Corp', 'Manager'),
       ('2132288368', 'Mary', 'Byte Solutions', 'Chef'),
       ('2135601809', 'James', 'Info Systems', 'Manager'),
       ('2137468353', 'Mary', 'Sky Soft', 'Developer'),
       ('2140995845', 'Olivia', 'Tech Corp', 'Doctor'),
       ('2142047032', 'Noah', 'Byte Solutions', 'Manager'),
       ('2142840952', 'William', 'Info Systems', 'Designer'),
       ('2143968080', 'Liam', 'Tech Corp', 'Developer'),
       ('2144854333', 'Olivia', 'Tech Corp', 'Manager'),
       ('2145041959', 'Liam', 'Sky Soft', 'Artist'),
       ('2146535345', 'Mary', 'Byte Solutions', 'Engineer'),
       ('2148141603', 'Joh', 'Info Systems', 'Engineer'),
       ('2149701888', 'Isabella', 'Tech Corp', 'Teacher'),
       ('2153800394', 'William', 'Info Systems', 'Manager'),
       ('2154431801', 'William', 'Tech Corp', 'Doctor'),
       ('2154729466', 'Joh', 'Global Net', 'Chef'),
       ('2158488222', 'James', 'Info Systems', 'Accountant'),
       ('2161221803', 'Mary', 'Byte Solutions', 'Teacher'),
       ('2166828358', 'William', 'Global Net', 'Writer'),
       ('2167620420', 'Noah', 'Sky Soft', 'Chef'),
       ('2168959027', 'Sophia', 'Tech Corp', 'Chef'),
       ('2170663267', 'William', 'Info Systems', 'Artist'),
       ('2170717132', 'Emma', 'Global Net', 'Artist'),
       ('2173355452', 'Emma', 'Tech Corp', 'Writer'),
       ('2175445208', 'James', 'Innovate Co', 'Artist'),
       ('2177101478', 'Olivia', 'Global Net', 'Manager'),
       ('2178651332', 'Joh', 'Byte Solutions', 'Teacher'),
       ('2183691141', 'Liam', 'Innovate Co', 'Manager'),
       ('2184994901', 'Liam', 'Tech Corp', 'Developer'),
       ('2185880310', 'William', 'Innovate Co', 'Designer'),
       ('2186139973', 'Sophia', 'Byte Solutions', 'Writer'),
       ('2189803051', 'Olivia', 'Global Net', 'Teacher'),
       ('2191383476', 'Mary', 'Info Systems', 'Manager'),
       ('2193242583', 'Emma', 'Data Works', 'Writer'),
       ('2193645430', 'Isabella', 'Byte Solutions', 'Artist'),
       ('2196832771', 'Joh', 'Innovate Co', 'Teacher'),
       ('2198068646', 'William', 'Data Works', 'Artist'),
       ('2198690052', 'Liam', 'Innovate Co', 'Manager'),
       ('2198907505', 'William', 'Global Net', 'Doctor'),
       ('2203782226', 'William', 'Sky Soft', 'Teacher'),
       ('2204663433', 'Emma', 'Data Works', 'Chef'),
       ('2205317019', 'Sophia', 'Byte Solutions', 'Accountant'),
       ('2205355460', 'Noah', 'Sky Soft', 'Accountant'),
       ('2206651333', 'Mary', 'Tech Corp', 'Writer'),
       ('2207032553', 'Emma', 'Data Works', 'Manager'),
       ('2208507975', 'Noah', 'Data Works', 'Doctor'),
       ('2211524785', 'Noah', 'Sky Soft', 'Manager'),
       ('2211949624', 'Isabella', 'Tech Corp', 'Accountant'),
       ('2212317069', 'Liam', 'Sky Soft', 'Artist'),
       ('2213358752', 'Emma', 'Innovate Co', 'Teacher'),
       ('2215434370', 'Liam', 'Info Systems', 'Accountant'),
       ('2216490444', 'Isabella', 'Data Works', 'Artist'),
       ('2216784403', 'William', 'Innovate Co', 'Designer'),
       ('2218457767', 'Emma', 'Data Works', 'Accountant'),
       ('2219262961', 'Mary', 'Sky Soft', 'Manager'),
       ('2220175749', 'William', 'Sky Soft', 'Engineer'),
       ('2222536545', 'Liam', 'Sky Soft', 'Accountant'),
       ('2226038602', 'Mary', 'Innovate Co', 'Artist'),
       ('2228303112', 'Joh', 'Tech Corp', 'Doctor'),
       ('2233138124', 'Mary', 'Sky Soft', 'Teacher'),
       ('2233430777', 'Noah', 'Info Systems', 'Engineer'),
       ('2234724305', 'Noah', 'Tech Corp', 'Doctor'),
       ('2235904159', 'Emma', 'Innovate Co', 'Teacher'),
       ('2237574702', 'William', 'Sky Soft', 'Accountant'),
       ('2240911586', 'William', 'Info Systems', 'Manager'),
       ('2242916253', 'Sophia', 'Info Systems', 'Designer'),
       ('2243929882', 'Isabella', 'Global Net', 'Engineer'),
       ('2247641109', 'Mary', 'Innovate Co', 'Chef'),
       ('2247759424', 'James', 'Global Net', 'Chef'),
       ('2249371411', 'Joh', 'Tech Corp', 'Engineer'),
       ('2250359577', 'Sophia', 'Global Net', 'Writer'),
       ('2253361078', 'Mary', 'Data Works', 'Chef'),
       ('2257263680', 'Olivia', 'Byte Solutions', 'Artist'),
       ('2261933882', 'Mary', 'Data Works', 'Chef'),
       ('2264163058', 'Olivia', 'Sky Soft', 'Manager'),
       ('2264893003', 'James', 'Tech Corp', 'Designer'),
       ('2265814169', 'Isabella', 'Info Systems', 'Designer'),
       ('2271134889', 'Mary', 'Data Works', 'Teacher'),
       ('2274496611', 'Olivia', 'Info Systems', 'Accountant'),
       ('2277704036', 'Olivia', 'Sky Soft', 'Doctor'),
       ('2279551667', 'Joh', 'Info Systems', 'Teacher'),
       ('2281610801', 'Isabella', 'Tech Corp', 'Chef'),
       ('2288052727', 'Isabella', 'Byte Solutions', 'Artist'),
       ('2288705682', 'Liam', 'Byte Solutions', 'Developer'),
       ('2290047132', 'Isabella', 'Data Works', 'Designer'),
       ('2290363675', 'Sophia', 'Sky Soft', 'Engineer'),
       ('2292207618', 'James', 'Global Net', 'Chef'),
       ('2292515784', 'Olivia', 'Data Works', 'Chef'),
       ('2295140293', 'Liam', 'Info Systems', 'Teacher'),
       ('2295790202', 'Liam', 'Global Net', 'Doctor'),
       ('2296114760', 'Sophia', 'Sky Soft', 'Teacher'),
       ('2296360531', 'Sophia', 'Sky Soft', 'Chef'),
       ('2297281858', 'Mary', 'Sky Soft', 'Engineer'),
       ('2298122553', 'Noah', 'Innovate Co', 'Developer'),
       ('2300497811', 'Liam', 'Innovate Co', 'Manager'),
       ('2301685233', 'Mary', 'Sky Soft', 'Engineer'),
       ('2304898615', 'Liam', 'Global Net', 'Artist'),
       ('2308688862', 'Noah', 'Data Works', 'Engineer'),
       ('2310035910', 'Olivia', 'Sky Soft', 'Artist'),
       ('2314622201', 'Olivia', 'Data Works', 'Writer'),
       ('2314867525', 'Noah', 'Tech Corp', 'Doctor'),
       ('2314983244', 'James', 'Global Net', 'Writer'),
       ('2316886121', 'Sophia', 'Global Net', 'Engineer'),
       ('2317028417', 'Mary', 'Info Systems', 'Teacher'),
       ('2318389240', 'Mary', 'Byte Solutions', 'Manager'),
       ('2319227649', 'James', 'Tech Corp', 'Teacher'),
       ('2319647647', 'Mary', 'Data Works', 'Accountant'),
       ('2319957004', 'William', 'Byte Solutions', 'Manager'),
       ('2323542864', 'Isabella', 'Byte Solutions', 'Artist'),
       ('2327607446', 'Mary', 'Global Net', 'Doctor'),
       ('2331577935', 'Noah', 'Global Net', 'Chef'),
       ('2332480303', 'Mary', 'Innovate Co', 'Designer'),
       ('2337225032', 'Noah', 'Data Works', 'Writer'),
       ('2341830675', 'Noah', 'Sky Soft', 'Writer'),
       ('2344595336', 'Emma', 'Data Works', 'Engineer'),
       ('2348348914', 'Sophia', 'Tech Corp', 'Writer'),
       ('2348805582', 'Olivia', 'Global Net', 'Writer'),
       ('2349070873', 'Joh', 'Global Net', 'Engineer'),
       ('2355513401', 'Sophia', 'Global Net', 'Artist'),
       ('2359776499', 'Mary', 'Info Systems', 'Doctor'),
       ('2364201335', 'William', 'Global Net', 'Artist'),
       ('2365837862', 'Liam', 'Info Systems', 'Doctor'),
       ('2366288929', 'Olivia', 'Info Systems', 'Engineer'),
       ('2368289045', 'Liam', 'Global Net', 'Accountant'),
       ('2368628072', 'Noah', 'Global Net', 'Developer'),
       ('2371831030', 'Noah', 'Tech Corp', 'Developer'),
       ('2373219776', 'Noah', 'Innovate Co', 'Accountant'),
       ('2376750888', 'William', 'Global Net', 'Engineer'),
       ('2378989398', 'Joh', 'Byte Solutions', 'Artist'),
       ('2380230681', 'Mary', 'Tech Corp', 'Manager'),
       ('2380385482', 'Liam', 'Info Systems', 'Doctor'),
       ('2381573051', 'Liam', 'Info Systems', 'Designer'),
       ('2386743179', 'William', 'Tech Corp', 'Designer'),
       ('2391508122', 'Noah', 'Innovate Co', 'Developer'),
       ('2394310543', 'Joh', 'Byte Solutions', 'Developer'),
       ('2395307619', 'Joh', 'Global Net', 'Writer'),
       ('2396210169', 'Emma', 'Info Systems', 'Artist'),
       ('2397182750', 'Sophia', 'Innovate Co', 'Manager'),
       ('2399184017', 'Mary', 'Innovate Co', 'Doctor'),
       ('2401499269', 'Mary', 'Byte Solutions', 'Chef'),
       ('2401610689', 'Liam', 'Data Works', 'Manager'),
       ('2402428731', 'Mary', 'Data Works', 'Teacher'),
       ('2403115803', 'William', 'Byte Solutions', 'Artist'),
       ('2404424046', 'Liam', 'Innovate Co', 'Manager'),
       ('2405072673', 'Olivia', 'Data Works', 'Artist'),
       ('2405600529', 'Sophia', 'Data Works', 'Doctor'),
       ('2408588735', 'Olivia', 'Info Systems', 'Doctor'),
       ('2413266802', 'Sophia', 'Data Works', 'Engineer'),
       ('2417706048', 'Olivia', 'Innovate Co', 'Accountant'),
       ('2418954909', 'Joh', 'Info Systems', 'Accountant'),
       ('2428178896', 'Noah', 'Innovate Co', 'Teacher'),
       ('2429048092', 'Olivia', 'Data Works', 'Accountant'),
       ('2435960942', 'Sophia', 'Sky Soft', 'Developer'),
       ('2438000368', 'Isabella', 'Sky Soft', 'Manager'),
       ('2439285648', 'Mary', 'Innovate Co', 'Manager'),
       ('2439885932', 'Joh', 'Info Systems', 'Manager'),
       ('2442283144', 'Joh', 'Global Net', 'Developer'),
       ('2445652845', 'Noah', 'Byte Solutions', 'Developer'),
       ('2446993660', 'William', 'Data Works', 'Writer'),
       ('2447109410', 'William', 'Byte Solutions', 'Teacher'),
       ('2450986863', 'Liam', 'Tech Corp', 'Doctor'),
       ('2451678252', 'Mary', 'Innovate Co', 'Developer'),
       ('2456696629', 'Mary', 'Sky Soft', 'Engineer'),
       ('2461119798', 'James', 'Info Systems', 'Developer'),
       ('2462312772', 'Joh', 'Innovate Co', 'Doctor'),
       ('2462529988', 'Mary', 'Byte Solutions', 'Accountant'),
       ('2470879117', 'Liam', 'Sky Soft', 'Writer'),
       ('2483250944', 'Olivia', 'Info Systems', 'Artist'),
       ('2484258156', 'William', 'Info Systems', 'Teacher'),
       ('2485139331', 'James', 'Tech Corp', 'Doctor'),
       ('2486857900', 'Joh', 'Byte Solutions', 'Doctor'),
       ('2487476308', 'Olivia', 'Tech Corp', 'Designer'),
       ('2487576090', 'Mary', 'Info Systems', 'Teacher'),
       ('2487664931', 'Olivia', 'Data Works', 'Chef'),
       ('2488796213', 'Emma', 'Sky Soft', 'Teacher'),
       ('2488893973', 'Mary', 'Innovate Co', 'Writer'),
       ('2492646876', 'William', 'Info Systems', 'Engineer'),
       ('2493722562', 'Olivia', 'Data Works', 'Writer'),
       ('2497088725', 'Isabella', 'Info Systems', 'Developer'),
       ('2498739965', 'Liam', 'Innovate Co', 'Writer'),
       ('2501416165', 'Noah', 'Byte Solutions', 'Designer'),
       ('2502096648', 'James', 'Info Systems', 'Artist'),
       ('2505640878', 'James', 'Byte Solutions', 'Manager'),
       ('2509569673', 'Olivia', 'Global Net', 'Developer'),
       ('2510899517', 'Noah', 'Data Works', 'Artist'),
       ('2511063761', 'Isabella', 'Data Works', 'Accountant'),
       ('2513216783', 'Noah', 'Byte Solutions', 'Engineer'),
       ('2521862517', 'Mary', 'Byte Solutions', 'Chef'),
       ('2522268494', 'Olivia', 'Tech Corp', 'Developer'),
       ('2522552951', 'Isabella', 'Byte Solutions', 'Designer'),
       ('2523712405', 'Joh', 'Byte Solutions', 'Artist'),
       ('2524937098', 'Olivia', 'Innovate Co', 'Artist'),
       ('2529761927', 'Mary', 'Innovate Co', 'Designer'),
       ('2532632910', 'Isabella', 'Byte Solutions', 'Writer'),
       ('2534571838', 'James', 'Info Systems', 'Teacher'),
       ('2535160397', 'Liam', 'Info Systems', 'Accountant'),
       ('2537574820', 'Joh', 'Sky Soft', 'Designer'),
       ('2538727121', 'Mary', 'Data Works', 'Writer'),
       ('2541266726', 'Emma', 'Sky Soft', 'Accountant'),
       ('2542799250', 'Liam', 'Sky Soft', 'Accountant'),
       ('2545728959', 'Olivia', 'Sky Soft', 'Designer'),
       ('2549850897', 'Mary', 'Innovate Co', 'Artist'),
       ('2553549832', 'Noah', 'Sky Soft', 'Developer'),
       ('2555925315', 'James', 'Innovate Co', 'Artist'),
       ('2560776014', 'Olivia', 'Info Systems', 'Engineer'),
       ('2563836399', 'Liam', 'Data Works', 'Artist'),
       ('2564002970', 'William', 'Byte Solutions', 'Designer'),
       ('2564161487', 'Joh', 'Tech Corp', 'Manager'),
       ('2567283361', 'Isabella', 'Global Net', 'Accountant'),
       ('2568767704', 'Noah', 'Tech Corp', 'Developer'),
       ('2569210424', 'Isabella', 'Global Net', 'Writer'),
       ('2569600841', 'Joh', 'Tech Corp', 'Writer'),
       ('2573145170', 'Emma', 'Global Net', 'Designer'),
       ('2574121210', 'Emma', 'Tech Corp', 'Developer'),
       ('2576403754', 'Emma', 'Tech Corp', 'Developer'),
       ('2577075338', 'Liam', 'Global Net', 'Writer'),
       ('2577516948', 'Joh', 'Info Systems', 'Teacher'),
       ('2581329577', 'Noah', 'Tech Corp', 'Writer'),
       ('2584105065', 'William', 'Info Systems', 'Chef'),
       ('2588170538', 'Sophia', 'Innovate Co', 'Manager'),
       ('2588633093', 'Liam', 'Info Systems', 'Artist'),
       ('2589403971', 'Joh', 'Global Net', 'Engineer'),
       ('2591362364', 'William', 'Sky Soft', 'Developer'),
       ('2596561977', 'William', 'Info Systems', 'Chef'),
       ('2599865227', 'Noah', 'Innovate Co', 'Teacher'),
       ('2602129398', 'Emma', 'Sky Soft', 'Chef'),
       ('2602743212', 'Isabella', 'Tech Corp', 'Accountant'),
       ('2603036363', 'Isabella', 'Tech Corp', 'Writer'),
       ('2605038465', 'Noah', 'Global Net', 'Accountant'),
       ('2608174216', 'Emma', 'Global Net', 'Designer'),
       ('2608679950', 'Liam', 'Innovate Co', 'Writer'),
       ('2611191370', 'Mary', 'Data Works', 'Teacher'),
       ('2612424768', 'Joh', 'Info Systems', 'Chef'),
       ('2613637286', 'Mary', 'Sky Soft', 'Manager'),
       ('2614963345', 'Emma', 'Innovate Co', 'Artist'),
       ('2615762444', 'Noah', 'Info Systems', 'Writer'),
       ('2617824439', 'Joh', 'Byte Solutions', 'Writer'),
       ('2619434664', 'Noah', 'Data Works', 'Engineer'),
       ('2623413588', 'James', 'Byte Solutions', 'Teacher'),
       ('2624365846', 'Olivia', 'Global Net', 'Chef'),
       ('2629388479', 'Sophia', 'Info Systems', 'Engineer'),
       ('2630493635', 'Emma', 'Innovate Co', 'Writer'),
       ('2631676509', 'James', 'Sky Soft', 'Doctor'),
       ('2634721468', 'Olivia', 'Global Net', 'Artist'),
       ('2637726173', 'Noah', 'Data Works', 'Writer'),
       ('2638222373', 'Noah', 'Tech Corp', 'Manager'),
       ('2639929029', 'Olivia', 'Global Net', 'Artist'),
       ('2640125836', 'Emma', 'Data Works', 'Writer'),
       ('2640477255', 'Sophia', 'Byte Solutions', 'Doctor'),
       ('2641467536', 'Mary', 'Innovate Co', 'Designer'),
       ('2641567138', 'Emma', 'Tech Corp', 'Engineer'),
       ('2642077827', 'Joh', 'Sky Soft', 'Artist'),
       ('2647175269', 'Mary', 'Sky Soft', 'Designer'),
       ('2647721701', 'James', 'Tech Corp', 'Teacher'),
       ('2649277461', 'Sophia', 'Info Systems', 'Doctor'),
       ('2650713895', 'Sophia', 'Innovate Co', 'Manager'),
       ('2650746120', 'Sophia', 'Sky Soft', 'Designer'),
       ('2652873655', 'Olivia', 'Data Works', 'Doctor'),
       ('2653135058', 'Sophia', 'Info Systems', 'Chef'),
       ('2654012924', 'William', 'Innovate Co', 'Engineer'),
       ('2656454699', 'Emma', 'Innovate Co', 'Teacher'),
       ('2656974930', 'Mary', 'Tech Corp', 'Teacher'),
       ('2657614480', 'James', 'Sky Soft', 'Designer'),
       ('2658014152', 'William', 'Tech Corp', 'Accountant'),
       ('2660663583', 'Mary', 'Data Works', 'Accountant'),
       ('2663321579', 'Joh', 'Byte Solutions', 'Accountant'),
       ('2665053289', 'Emma', 'Innovate Co', 'Doctor'),
       ('2665478199', 'Joh', 'Global Net', 'Accountant'),
       ('2669607906', 'William', 'Sky Soft', 'Chef'),
       ('2671731213', 'Sophia', 'Innovate Co', 'Developer'),
       ('2671992641', 'William', 'Byte Solutions', 'Teacher'),
       ('2672359863', 'Mary', 'Sky Soft', 'Teacher'),
       ('2674844501', 'Mary', 'Tech Corp', 'Manager'),
       ('2676717960', 'William', 'Data Works', 'Chef'),
       ('2678712661', 'Noah', 'Sky Soft', 'Artist'),
       ('2679166840', 'Olivia', 'Byte Solutions', 'Teacher'),
       ('2680596938', 'William', 'Sky Soft', 'Writer'),
       ('2684230697', 'Olivia', 'Global Net', 'Designer'),
       ('2686357968', 'Isabella', 'Info Systems', 'Chef'),
       ('2691967593', 'Liam', 'Info Systems', 'Teacher'),
       ('2692858139', 'Noah', 'Byte Solutions', 'Doctor'),
       ('2695443619', 'Sophia', 'Global Net', 'Manager'),
       ('2699914781', 'William', 'Info Systems', 'Chef'),
       ('2701062420', 'Isabella', 'Sky Soft', 'Chef'),
       ('2703680365', 'William', 'Innovate Co', 'Manager'),
       ('2705625330', 'Mary', 'Info Systems', 'Developer'),
       ('2706075341', 'Sophia', 'Tech Corp', 'Artist'),
       ('2707436795', 'Liam', 'Innovate Co', 'Writer'),
       ('2707806003', 'James', 'Byte Solutions', 'Manager'),
       ('2709976668', 'Liam', 'Innovate Co', 'Writer'),
       ('2713446064', 'Noah', 'Sky Soft', 'Accountant'),
       ('2715194759', 'Isabella', 'Sky Soft', 'Doctor'),
       ('2718661179', 'Sophia', 'Info Systems', 'Designer'),
       ('2719495895', 'William', 'Innovate Co', 'Artist'),
       ('2730776200', 'Sophia', 'Sky Soft', 'Chef'),
       ('2731178880', 'Liam', 'Byte Solutions', 'Developer'),
       ('2731256401', 'William', 'Info Systems', 'Writer'),
       ('2733886809', 'William', 'Innovate Co', 'Accountant'),
       ('2735865373', 'Noah', 'Sky Soft', 'Designer'),
       ('2738596629', 'Mary', 'Data Works', 'Accountant'),
       ('2739328882', 'William', 'Tech Corp', 'Writer'),
       ('2740015658', 'Sophia', 'Innovate Co', 'Teacher'),
       ('2740306428', 'James', 'Innovate Co', 'Teacher'),
       ('2741732805', 'Olivia', 'Innovate Co', 'Designer'),
       ('2741977850', 'William', 'Tech Corp', 'Engineer'),
       ('2742610178', 'James', 'Sky Soft', 'Designer'),
       ('2744466873', 'Isabella', 'Innovate Co', 'Artist'),
       ('2744778863', 'Sophia', 'Info Systems', 'Manager'),
       ('2749418689', 'Sophia', 'Byte Solutions', 'Manager'),
       ('2749555846', 'William', 'Byte Solutions', 'Manager'),
       ('2751138468', 'Isabella', 'Tech Corp', 'Writer'),
       ('2753305298', 'Olivia', 'Innovate Co', 'Accountant'),
       ('2753830398', 'Noah', 'Global Net', 'Writer'),
       ('2754199982', 'Noah', 'Byte Solutions', 'Teacher'),
       ('2756300705', 'Emma', 'Data Works', 'Manager'),
       ('2757581879', 'Sophia', 'Byte Solutions', 'Teacher'),
       ('2757731090', 'William', 'Data Works', 'Accountant'),
       ('2759952834', 'Olivia', 'Byte Solutions', 'Developer'),
       ('2760519256', 'James', 'Innovate Co', 'Accountant'),
       ('2762154633', 'Noah', 'Byte Solutions', 'Manager'),
       ('2763858592', 'Emma', 'Global Net', 'Artist'),
       ('2766346456', 'Joh', 'Global Net', 'Artist'),
       ('2769345926', 'Liam', 'Byte Solutions', 'Writer'),
       ('2769531204', 'Liam', 'Data Works', 'Manager'),
       ('2770749175', 'Emma', 'Innovate Co', 'Designer'),
       ('2773005381', 'Olivia', 'Tech Corp', 'Engineer'),
       ('2776102204', 'Olivia', 'Global Net', 'Designer'),
       ('2776640231', 'William', 'Tech Corp', 'Designer'),
       ('2779898237', 'Isabella', 'Byte Solutions', 'Artist'),
       ('2780735158', 'Olivia', 'Innovate Co', 'Writer'),
       ('2788028328', 'Liam', 'Tech Corp', 'Designer'),
       ('2788380412', 'William', 'Data Works', 'Writer'),
       ('2789229870', 'Sophia', 'Byte Solutions', 'Doctor'),
       ('2796310813', 'William', 'Sky Soft', 'Doctor'),
       ('2796767013', 'Noah', 'Innovate Co', 'Artist'),
       ('2796928681', 'Sophia', 'Byte Solutions', 'Teacher'),
       ('2800074299', 'Emma', 'Tech Corp', 'Teacher'),
       ('2801562136', 'Mary', 'Info Systems', 'Manager'),
       ('2808080940', 'William', 'Tech Corp', 'Engineer'),
       ('2808624354', 'Isabella', 'Data Works', 'Accountant'),
       ('2809123215', 'Emma', 'Tech Corp', 'Accountant'),
       ('2813158123', 'Olivia', 'Data Works', 'Accountant'),
       ('2826838621', 'William', 'Info Systems', 'Manager'),
       ('2826938596', 'Isabella', 'Data Works', 'Writer'),
       ('2827762720', 'Noah', 'Byte Solutions', 'Designer'),
       ('2830226210', 'Sophia', 'Global Net', 'Accountant'),
       ('2830759521', 'Liam', 'Innovate Co', 'Accountant'),
       ('2831930688', 'Liam', 'Byte Solutions', 'Manager'),
       ('2832896985', 'Sophia', 'Global Net', 'Accountant'),
       ('2839663443', 'Liam', 'Data Works', 'Doctor'),
       ('2840932317', 'James', 'Info Systems', 'Engineer'),
       ('2843176091', 'Joh', 'Byte Solutions', 'Developer'),
       ('2845675835', 'Noah', 'Sky Soft', 'Manager'),
       ('2860243187', 'Joh', 'Sky Soft', 'Engineer'),
       ('2861148229', 'William', 'Byte Solutions', 'Designer'),
       ('2861440047', 'Sophia', 'Sky Soft', 'Designer'),
       ('2868233368', 'William', 'Byte Solutions', 'Developer'),
       ('2869959643', 'Joh', 'Byte Solutions', 'Engineer'),
       ('2872596719', 'Isabella', 'Sky Soft', 'Artist'),
       ('2874605946', 'Sophia', 'Sky Soft', 'Artist'),
       ('2876222879', 'Mary', 'Data Works', 'Writer'),
       ('2876439419', 'Noah', 'Sky Soft', 'Developer'),
       ('2876666271', 'William', 'Tech Corp', 'Teacher'),
       ('2880018847', 'Isabella', 'Info Systems', 'Artist'),
       ('2883180651', 'Joh', 'Data Works', 'Engineer'),
       ('2887957957', 'Emma', 'Global Net', 'Engineer'),
       ('2888976928', 'Noah', 'Data Works', 'Teacher'),
       ('2889052132', 'Joh', 'Innovate Co', 'Teacher'),
       ('2890983142', 'Joh', 'Data Works', 'Manager'),
       ('2891721391', 'Liam', 'Byte Solutions', 'Engineer'),
       ('2893081288', 'Olivia', 'Innovate Co', 'Writer'),
       ('2902321719', 'Joh', 'Sky Soft', 'Chef'),
       ('2903090526', 'Liam', 'Byte Solutions', 'Doctor'),
       ('2906913031', 'Liam', 'Info Systems', 'Writer'),
       ('2907534186', 'Olivia', 'Data Works', 'Artist'),
       ('2908096867', 'Joh', 'Byte Solutions', 'Artist'),
       ('2910335954', 'William', 'Byte Solutions', 'Artist'),
       ('2912110417', 'Isabella', 'Data Works', 'Artist'),
       ('2913183337', 'Sophia', 'Byte Solutions', 'Developer'),
       ('2914061870', 'Sophia', 'Data Works', 'Designer'),
       ('2916594710', 'Olivia', 'Global Net', 'Artist'),
       ('2917816605', 'Olivia', 'Global Net', 'Chef'),
       ('2923072270', 'James', 'Innovate Co', 'Accountant'),
       ('2926673343', 'Mary', 'Innovate Co', 'Engineer'),
       ('2929270155', 'Isabella', 'Data Works', 'Manager'),
       ('2930088822', 'Joh', 'Sky Soft', 'Teacher'),
       ('2931159763', 'Isabella', 'Byte Solutions', 'Designer'),
       ('2931663150', 'Mary', 'Data Works', 'Artist'),
       ('2933454676', 'Olivia', 'Innovate Co', 'Chef'),
       ('2933720926', 'Noah', 'Sky Soft', 'Teacher'),
       ('2934326258', 'Mary', 'Tech Corp', 'Developer'),
       ('2934403127', 'Noah', 'Tech Corp', 'Teacher'),
       ('2934754731', 'William', 'Byte Solutions', 'Engineer'),
       ('2934819258', 'Liam', 'Sky Soft', 'Artist'),
       ('2937219120', 'Noah', 'Byte Solutions', 'Writer'),
       ('2941330349', 'Emma', 'Tech Corp', 'Doctor'),
       ('2943239368', 'Olivia', 'Global Net', 'Engineer'),
       ('2945476857', 'Emma', 'Data Works', 'Teacher'),
       ('2945599524', 'Olivia', 'Global Net', 'Designer'),
       ('2945705985', 'James', 'Byte Solutions', 'Manager'),
       ('2947509711', 'Emma', 'Global Net', 'Doctor'),
       ('2948103291', 'William', 'Tech Corp', 'Accountant'),
       ('2950490589', 'James', 'Global Net', 'Teacher'),
       ('2950560813', 'William', 'Innovate Co', 'Accountant'),
       ('2951207050', 'Sophia', 'Innovate Co', 'Developer'),
       ('2952654999', 'Sophia', 'Sky Soft', 'Artist'),
       ('2955819436', 'William', 'Byte Solutions', 'Designer'),
       ('2955834599', 'Mary', 'Global Net', 'Designer'),
       ('2957723635', 'Isabella', 'Data Works', 'Writer'),
       ('2957746668', 'Olivia', 'Tech Corp', 'Chef'),
       ('2960580511', 'Emma', 'Tech Corp', 'Manager'),
       ('2963472402', 'Olivia', 'Byte Solutions', 'Manager'),
       ('2966350719', 'Liam', 'Tech Corp', 'Doctor'),
       ('2968077248', 'Noah', 'Innovate Co', 'Accountant'),
       ('2968490206', 'Liam', 'Info Systems', 'Teacher'),
       ('2969898639', 'Noah', 'Info Systems', 'Accountant'),
       ('2970175492', 'Olivia', 'Sky Soft', 'Accountant'),
       ('2972997587', 'Liam', 'Data Works', 'Teacher'),
       ('2974529466', 'Sophia', 'Sky Soft', 'Artist'),
       ('2977890846', 'William', 'Byte Solutions', 'Manager'),
       ('2979851135', 'Olivia', 'Info Systems', 'Doctor'),
       ('2982456149', 'Sophia', 'Byte Solutions', 'Accountant'),
       ('2983337533', 'Isabella', 'Innovate Co', 'Artist'),
       ('2984946486', 'Noah', 'Innovate Co', 'Accountant'),
       ('2988711805', 'Liam', 'Global Net', 'Developer'),
       ('2989199929', 'Emma', 'Info Systems', 'Designer'),
       ('2989471411', 'James', 'Byte Solutions', 'Developer'),
       ('2989942298', 'Liam', 'Byte Solutions', 'Engineer'),
       ('2989945071', 'William', 'Data Works', 'Chef'),
       ('2991639430', 'James', 'Byte Solutions', 'Accountant'),
       ('2991981430', 'Joh', 'Byte Solutions', 'Writer'),
       ('2992193903', 'Joh', 'Global Net', 'Writer'),
       ('2994632540', 'Sophia', 'Innovate Co', 'Writer'),
       ('2995496451', 'Noah', 'Innovate Co', 'Teacher'),
       ('2999195657', 'Olivia', 'Global Net', 'Engineer'),
       ('2999711233', 'Sophia', 'Global Net', 'Manager'),
       ('3001579334', 'Emma', 'Innovate Co', 'Designer'),
       ('3002393598', 'Liam', 'Data Works', 'Accountant'),
       ('3003332818', 'Mary', 'Info Systems', 'Doctor'),
       ('3005453477', 'Joh', 'Tech Corp', 'Accountant'),
       ('3009094017', 'Mary', 'Info Systems', 'Doctor'),
       ('3012492005', 'Emma', 'Byte Solutions', 'Developer'),
       ('3014359832', 'Emma', 'Sky Soft', 'Doctor'),
       ('3016091476', 'James', 'Tech Corp', 'Manager'),
       ('3017872765', 'Isabella', 'Byte Solutions', 'Chef'),
       ('3019749003', 'Joh', 'Byte Solutions', 'Writer'),
       ('3023154335', 'Liam', 'Byte Solutions', 'Chef'),
       ('3025752432', 'William', 'Global Net', 'Manager'),
       ('3026284666', 'Mary', 'Global Net', 'Artist'),
       ('3036196039', 'Liam', 'Tech Corp', 'Designer'),
       ('3036571370', 'Olivia', 'Global Net', 'Teacher'),
       ('3036991558', 'Liam', 'Innovate Co', 'Artist'),
       ('3044349465', 'Mary', 'Data Works', 'Engineer'),
       ('3048327826', 'Sophia', 'Innovate Co', 'Engineer'),
       ('3051066014', 'Noah', 'Byte Solutions', 'Teacher'),
       ('3053182402', 'Noah', 'Data Works', 'Writer'),
       ('3056381228', 'Noah', 'Byte Solutions', 'Manager'),
       ('3056777928', 'James', 'Global Net', 'Manager'),
       ('3057160507', 'Noah', 'Data Works', 'Developer'),
       ('3058792325', 'William', 'Info Systems', 'Doctor'),
       ('3064873112', 'Emma', 'Tech Corp', 'Engineer'),
       ('3069281486', 'Sophia', 'Info Systems', 'Artist'),
       ('3072147929', 'Noah', 'Tech Corp', 'Writer'),
       ('3072148515', 'Isabella', 'Innovate Co', 'Doctor'),
       ('3075352024', 'Sophia', 'Sky Soft', 'Chef'),
       ('3077616843', 'William', 'Byte Solutions', 'Teacher'),
       ('3078396866', 'Emma', 'Byte Solutions', 'Engineer'),
       ('3082199262', 'William', 'Global Net', 'Developer'),
       ('3082463094', 'James', 'Global Net', 'Manager'),
       ('3089915047', 'Liam', 'Info Systems', 'Manager'),
       ('3090754934', 'Emma', 'Global Net', 'Designer'),
       ('3091778989', 'Isabella', 'Sky Soft', 'Developer'),
       ('3093080715', 'Isabella', 'Innovate Co', 'Manager'),
       ('3107414589', 'Joh', 'Tech Corp', 'Designer'),
       ('3107425624', 'William', 'Info Systems', 'Manager'),
       ('3109245068', 'Liam', 'Innovate Co', 'Developer'),
       ('3113498019', 'Joh', 'Data Works', 'Accountant'),
       ('3113915504', 'Olivia', 'Global Net', 'Writer'),
       ('3115895897', 'Liam', 'Data Works', 'Teacher'),
       ('3118369023', 'Joh', 'Data Works', 'Manager'),
       ('3118793059', 'Mary', 'Sky Soft', 'Accountant'),
       ('3120067805', 'Noah', 'Global Net', 'Engineer'),
       ('3122805763', 'Joh', 'Byte Solutions', 'Chef'),
       ('3122839507', 'Liam', 'Global Net', 'Writer'),
       ('3123015069', 'Mary', 'Innovate Co', 'Writer'),
       ('3123697891', 'William', 'Info Systems', 'Developer'),
       ('3123854395', 'Sophia', 'Sky Soft', 'Developer'),
       ('3127870106', 'Joh', 'Info Systems', 'Writer'),
       ('3129374615', 'William', 'Global Net', 'Doctor'),
       ('3130137749', 'Emma', 'Info Systems', 'Engineer'),
       ('3131573697', 'Joh', 'Byte Solutions', 'Designer'),
       ('3131628988', 'Mary', 'Global Net', 'Engineer'),
       ('3133876544', 'Mary', 'Innovate Co', 'Designer'),
       ('3138408817', 'Mary', 'Tech Corp', 'Writer'),
       ('3141974858', 'Emma', 'Sky Soft', 'Chef'),
       ('3142193510', 'Isabella', 'Info Systems', 'Doctor'),
       ('3143002011', 'Isabella', 'Info Systems', 'Accountant'),
       ('3143071442', 'Liam', 'Tech Corp', 'Developer'),
       ('3144017318', 'Sophia', 'Data Works', 'Accountant');

INSERT INTO 经理 (经理号, 身份证号, 分公司_id)
VALUES (1002, '1003773759', 1),
       (1003, '1005750065', 2),
       (1004, '1005772359', 3),
       (1005, '1007356365', 4),
       (1006, '1011873347', 5),
       (1007, '1012477284', 6),
       (1008, '1021372339', 7),
       (1009, '1031358786', 8),
       (1010, '1032208022', 9);

INSERT INTO 旅游团 (分公司_id)
VALUES (1),
       (2),
       (3),
       (4),
       (5),
       (6),
       (7),
       (8),
       (9),
       (10);

INSERT INTO 导游员工 (导游号, 身份证号, 导游资格等级, 旅游团_id)
VALUES (1, '1035555550', '3', 1),
       (2, '1036217391', '4', 1),
       (3, '1038853989', '3', 2),
       (4, '1039800029', '3', 2),
       (5, '1040254104', '5', 3),
       (6, '1041450877', '5', 3),
       (7, '1041736492', '4', 4),
       (9, '1043694265', '3', 4),
       (10, '1045084079', '4', 5),
       (11, '1046303673', '3', 5),
       (12, '1046925037', '5', 6),
       (13, '1048125202', '5', 6),
       (14, '1049225981', '3', 7),
       (15, '1051317239', '5', 7),
       (16, '1054413360', '3', 8),
       (17, '1058707520', '3', 8),
       (18, '1062174013', '4', 9),
       (19, '1063782783', '5', 9),
       (20, '1066392595', '3', 10);


INSERT INTO 顾客 (身份证号, 旅游团_id)
VALUES ('1005772359', 1),
       ('1039800029', 1),
       ('1058707520', 1),
       ('1063782783', 1),
       ('1070061626', 1),
       ('1073256974', 1),
       ('1083529400', 1),
       ('1192704074', 1),
       ('1221336556', 1),
       ('1266252378', 1),
       ('1291069963', 1),
       ('1297163136', 1),
       ('1305236720', 1),
       ('1365106995', 1),
       ('1405974098', 1),
       ('1479722733', 1),
       ('1514772262', 1),
       ('1528629764', 1),
       ('1528661803', 1),
       ('1542379799', 1),
       ('1555043312', 1),
       ('1619591103', 1),
       ('1626564697', 1),
       ('1632849886', 1),
       ('1638520819', 1),
       ('1653292359', 1),
       ('1683477299', 1),
       ('1702257732', 1),
       ('1714912159', 1),
       ('1718765004', 1),
       ('1755508488', 1),
       ('1757374750', 1),
       ('1783787283', 1),
       ('1790070732', 1),
       ('1837204475', 1),
       ('1842032700', 1),
       ('1891889574', 1),
       ('1900324294', 1),
       ('1915794627', 1),
       ('1927981791', 1),
       ('1978154873', 1),
       ('1991076697', 1),
       ('1997917030', 1),
       ('2003122667', 1),
       ('2047827335', 1),
       ('2052418777', 1),
       ('2077814195', 1),
       ('2116462371', 1),
       ('2119871510', 1),
       ('2124840584', 1),
       ('2128088242', 1),
       ('2128101402', 1),
       ('2131461895', 1),
       ('2148141603', 1),
       ('2177101478', 1),
       ('2206651333', 1),
       ('2222536545', 1),
       ('2281610801', 1),
       ('2288052727', 1),
       ('2288705682', 1),
       ('2292515784', 1),
       ('2295790202', 1),
       ('2319227649', 1),
       ('2368289045', 1),
       ('2368628072', 1),
       ('2394310543', 1),
       ('2401610689', 1),
       ('2418954909', 1),
       ('2439285648', 1),
       ('2487664931', 1),
       ('2488893973', 1),
       ('2492646876', 1),
       ('2511063761', 1),
       ('2545728959', 1),
       ('2608174216', 1),
       ('2640477255', 1),
       ('2641467536', 1),
       ('2642077827', 1),
       ('2653135058', 1),
       ('2671992641', 1),
       ('2672359863', 1),
       ('2754199982', 1),
       ('2757581879', 1),
       ('2776102204', 1),
       ('2831930688', 1),
       ('2845675835', 1),
       ('2861148229', 1),
       ('2872596719', 1),
       ('2916594710', 1),
       ('2945599524', 1),
       ('2948103291', 1),
       ('2950490589', 1),
       ('2952654999', 1),
       ('2955819436', 1),
       ('2957723635', 1),
       ('2974529466', 1),
       ('3115895897', 1),
       ('3118369023', 1),
       ('3129374615', 1),
       ('3133876544', 1),
       ('1046303673', 2),
       ('1048125202', 2),
       ('1054413360', 2),
       ('1069281062', 2),
       ('1142308920', 2),
       ('1188638120', 2),
       ('1193204715', 2),
       ('1204319158', 2),
       ('1308602472', 2),
       ('1369319251', 2),
       ('1374109645', 2),
       ('1388412082', 2),
       ('1388579143', 2),
       ('1406104264', 2),
       ('1409106930', 2),
       ('1465845741', 2),
       ('1480156570', 2),
       ('1487450605', 2),
       ('1490185179', 2),
       ('1505235646', 2),
       ('1507222866', 2),
       ('1510692686', 2),
       ('1564510483', 2),
       ('1583412294', 2),
       ('1588369355', 2),
       ('1602151684', 2),
       ('1674429015', 2),
       ('1676834025', 2),
       ('1686775310', 2),
       ('1694259031', 2),
       ('1703819610', 2),
       ('1709154465', 2),
       ('1742185274', 2),
       ('1749362187', 2),
       ('1792193564', 2),
       ('1810981996', 2),
       ('1819345226', 2),
       ('1850620593', 2),
       ('1966998089', 2),
       ('1976685776', 2),
       ('1976998625', 2),
       ('1984960943', 2),
       ('2037718090', 2),
       ('2062464820', 2),
       ('2068575247', 2),
       ('2082551390', 2),
       ('2100512349', 2),
       ('2121718348', 2),
       ('2135601809', 2),
       ('2167620420', 2),
       ('2170663267', 2),
       ('2204663433', 2),
       ('2205317019', 2),
       ('2212317069', 2),
       ('2213358752', 2),
       ('2219262961', 2),
       ('2220175749', 2),
       ('2233430777', 2),
       ('2250359577', 2),
       ('2265814169', 2),
       ('2295140293', 2),
       ('2296360531', 2),
       ('2310035910', 2),
       ('2323542864', 2),
       ('2364201335', 2),
       ('2380230681', 2),
       ('2405600529', 2),
       ('2408588735', 2),
       ('2461119798', 2),
       ('2486857900', 2),
       ('2487576090', 2),
       ('2498739965', 2),
       ('2501416165', 2),
       ('2568767704', 2),
       ('2573145170', 2),
       ('2588633093', 2),
       ('2591362364', 2),
       ('2612424768', 2),
       ('2614963345', 2),
       ('2654012924', 2),
       ('2656454699', 2),
       ('2658014152', 2),
       ('2669607906', 2),
       ('2735865373', 2),
       ('2749418689', 2),
       ('2789229870', 2),
       ('2796928681', 2),
       ('2808624354', 2),
       ('2826838621', 2),
       ('2839663443', 2),
       ('2868233368', 2),
       ('2889052132', 2),
       ('2917816605', 2),
       ('2945705985', 2),
       ('2960580511', 2),
       ('2966350719', 2),
       ('2970175492', 2),
       ('2983337533', 2),
       ('2984946486', 2),
       ('3017872765', 2),
       ('3023154335', 2),
       ('3025752432', 2),
       ('3113915504', 2),
       ('3122839507', 2),
       ('3127870106', 2),
       ('3142193510', 2),
       ('1031358786', 3),
       ('1032407086', 3),
       ('1045084079', 3),
       ('1062174013', 3),
       ('1083940560', 3),
       ('1113605195', 3),
       ('1142485150', 3),
       ('1143663690', 3),
       ('1219959288', 3),
       ('1271836641', 3),
       ('1304268707', 3),
       ('1329914421', 3),
       ('1348565977', 3),
       ('1402297067', 3),
       ('1412913755', 3),
       ('1421644656', 3),
       ('1451381148', 3),
       ('1497553030', 3),
       ('1505656088', 3),
       ('1514564197', 3),
       ('1533191715', 3),
       ('1538429700', 3),
       ('1572415630', 3),
       ('1575788107', 3),
       ('1588843998', 3),
       ('1620316331', 3),
       ('1656235478', 3),
       ('1663866841', 3),
       ('1667945744', 3),
       ('1669722854', 3),
       ('1670856934', 3),
       ('1701443157', 3),
       ('1718294789', 3),
       ('1757029347', 3),
       ('1769850144', 3),
       ('1772718967', 3),
       ('1782156444', 3),
       ('1792008352', 3),
       ('1808239748', 3),
       ('1861872901', 3),
       ('1869425884', 3),
       ('1896256687', 3),
       ('1897776644', 3),
       ('1902924423', 3),
       ('1955679779', 3),
       ('1976820313', 3),
       ('2019061357', 3),
       ('2035299424', 3),
       ('2079045374', 3),
       ('2089724226', 3),
       ('2114889328', 3),
       ('2123318420', 3),
       ('2132288368', 3),
       ('2142840952', 3),
       ('2166828358', 3),
       ('2185880310', 3),
       ('2189803051', 3),
       ('2203782226', 3),
       ('2233138124', 3),
       ('2235904159', 3),
       ('2242916253', 3),
       ('2249371411', 3),
       ('2301685233', 3),
       ('2331577935', 3),
       ('2341830675', 3),
       ('2344595336', 3),
       ('2391508122', 3),
       ('2439885932', 3),
       ('2442283144', 3),
       ('2470879117', 3),
       ('2487476308', 3),
       ('2497088725', 3),
       ('2505640878', 3),
       ('2510899517', 3),
       ('2522268494', 3),
       ('2534571838', 3),
       ('2537574820', 3),
       ('2538727121', 3),
       ('2542799250', 3),
       ('2577516948', 3),
       ('2634721468', 3),
       ('2656974930', 3),
       ('2701062420', 3),
       ('2719495895', 3),
       ('2741732805', 3),
       ('2753830398', 3),
       ('2759952834', 3),
       ('2762154633', 3),
       ('2769531204', 3),
       ('2788380412', 3),
       ('2923072270', 3),
       ('2934403127', 3),
       ('2934754731', 3),
       ('2941330349', 3),
       ('2950560813', 3),
       ('2977890846', 3),
       ('2988711805', 3),
       ('3002393598', 3),
       ('3036196039', 3),
       ('3056381228', 3),
       ('3089915047', 3),
       ('3093080715', 3),
       ('3141974858', 3),
       ('1076606551', 4),
       ('1077172768', 4),
       ('1189765576', 4),
       ('1235486039', 4),
       ('1243116584', 4),
       ('1253183280', 4),
       ('1260573608', 4),
       ('1264859969', 4),
       ('1321512501', 4),
       ('1332562569', 4),
       ('1376937463', 4),
       ('1384070207', 4),
       ('1384763284', 4),
       ('1414965774', 4),
       ('1553114650', 4),
       ('1553989244', 4),
       ('1613553178', 4),
       ('1643850362', 4),
       ('1650427775', 4),
       ('1709422804', 4),
       ('1775684725', 4),
       ('1787657440', 4),
       ('1806272161', 4),
       ('1849198864', 4),
       ('1884405325', 4),
       ('1913904605', 4),
       ('1972420767', 4),
       ('1977479956', 4),
       ('2036909096', 4),
       ('2041322958', 4),
       ('2044152457', 4),
       ('2056215686', 4),
       ('2071113449', 4),
       ('2095663189', 4),
       ('2109674912', 4),
       ('2115202568', 4),
       ('2137468353', 4),
       ('2143968080', 4),
       ('2144854333', 4),
       ('2145041959', 4),
       ('2149701888', 4),
       ('2154431801', 4),
       ('2173355452', 4),
       ('2184994901', 4),
       ('2186139973', 4),
       ('2193242583', 4),
       ('2207032553', 4),
       ('2208507975', 4),
       ('2216784403', 4),
       ('2253361078', 4),
       ('2261933882', 4),
       ('2277704036', 4),
       ('2308688862', 4),
       ('2314867525', 4),
       ('2371831030', 4),
       ('2373219776', 4),
       ('2502096648', 4),
       ('2541266726', 4),
       ('2564002970', 4),
       ('2630493635', 4),
       ('2631676509', 4),
       ('2660663583', 4),
       ('2665478199', 4),
       ('2676717960', 4),
       ('2738596629', 4),
       ('2741977850', 4),
       ('2742610178', 4),
       ('2757731090', 4),
       ('2769345926', 4),
       ('2780735158', 4),
       ('2809123215', 4),
       ('2813158123', 4),
       ('2861440047', 4),
       ('2869959643', 4),
       ('2876666271', 4),
       ('2893081288', 4),
       ('2910335954', 4),
       ('2931663150', 4),
       ('2933720926', 4),
       ('2979851135', 4),
       ('2989471411', 4),
       ('2999711233', 4),
       ('3001579334', 4),
       ('3009094017', 4),
       ('3012492005', 4),
       ('3016091476', 4),
       ('3048327826', 4),
       ('3051066014', 4),
       ('3058792325', 4),
       ('3075352024', 4),
       ('3082463094', 4),
       ('3091778989', 4),
       ('3120067805', 4),
       ('3138408817', 4),
       ('3143071442', 4),
       ('3144017318', 4),
       ('1041736492', 5),
       ('1074933336', 5),
       ('1086352413', 5),
       ('1093925867', 5),
       ('1112366885', 5),
       ('1159515602', 5),
       ('1171837322', 5),
       ('1214503008', 5),
       ('1340029856', 5),
       ('1351737085', 5),
       ('1385298149', 5),
       ('1449815617', 5),
       ('1484381934', 5),
       ('1520674817', 5),
       ('1531064608', 5),
       ('1557704652', 5),
       ('1564898725', 5),
       ('1573743480', 5),
       ('1577416464', 5),
       ('1590485167', 5),
       ('1657422775', 5),
       ('1661748892', 5),
       ('1695935705', 5),
       ('1696813074', 5),
       ('1714047586', 5),
       ('1719846108', 5),
       ('1728180299', 5),
       ('1738133161', 5),
       ('1738649434', 5),
       ('1753628178', 5),
       ('1773801777', 5),
       ('1795444052', 5),
       ('1797717032', 5),
       ('1819570763', 5),
       ('1846416074', 5),
       ('1898793745', 5),
       ('1900200311', 5),
       ('1905139210', 5),
       ('1911275421', 5),
       ('1945825956', 5),
       ('1959522660', 5),
       ('1978065718', 5),
       ('1997403407', 5),
       ('2029168209', 5),
       ('2033403989', 5),
       ('2037027663', 5),
       ('2078970944', 5),
       ('2089658218', 5),
       ('2111004059', 5),
       ('2130269549', 5),
       ('2142047032', 5),
       ('2161221803', 5),
       ('2183691141', 5),
       ('2198690052', 5),
       ('2237574702', 5),
       ('2257263680', 5),
       ('2274496611', 5),
       ('2314983244', 5),
       ('2365837862', 5),
       ('2386743179', 5),
       ('2396210169', 5),
       ('2397182750', 5),
       ('2403115803', 5),
       ('2435960942', 5),
       ('2532632910', 5),
       ('2553549832', 5),
       ('2560776014', 5),
       ('2569210424', 5),
       ('2569600841', 5),
       ('2574121210', 5),
       ('2615762444', 5),
       ('2623413588', 5),
       ('2641567138', 5),
       ('2649277461', 5),
       ('2650713895', 5),
       ('2657614480', 5),
       ('2703680365', 5),
       ('2707436795', 5),
       ('2718661179', 5),
       ('2730776200', 5),
       ('2766346456', 5),
       ('2826938596', 5),
       ('2830759521', 5),
       ('2860243187', 5),
       ('2906913031', 5),
       ('2907534186', 5),
       ('2926673343', 5),
       ('2929270155', 5),
       ('2937219120', 5),
       ('2969898639', 5),
       ('2994632540', 5),
       ('3131628988', 5),
       ('1003773759', 6),
       ('1011873347', 6),
       ('1012477284', 6),
       ('1036217391', 6),
       ('1150281835', 6),
       ('1211641454', 6),
       ('1270891160', 6),
       ('1316545156', 6),
       ('1361017863', 6),
       ('1414914922', 6),
       ('1445397933', 6),
       ('1449742965', 6),
       ('1464009640', 6),
       ('1475552819', 6),
       ('1480388585', 6),
       ('1495643735', 6),
       ('1508707533', 6),
       ('1514582016', 6),
       ('1530342258', 6),
       ('1540215633', 6),
       ('1541988354', 6),
       ('1580916868', 6),
       ('1580955927', 6),
       ('1613345272', 6),
       ('1629550230', 6),
       ('1668811412', 6),
       ('1694945299', 6),
       ('1706470632', 6),
       ('1711690280', 6),
       ('1713496232', 6),
       ('1719826543', 6),
       ('1766078120', 6),
       ('1808461265', 6),
       ('1812963357', 6),
       ('1813245202', 6),
       ('1849560885', 6),
       ('1857410820', 6),
       ('1875190414', 6),
       ('1879415632', 6),
       ('1883722865', 6),
       ('1896006992', 6),
       ('1914182413', 6),
       ('1921853399', 6),
       ('1950761357', 6),
       ('1980166080', 6),
       ('1992260324', 6),
       ('2003372061', 6),
       ('2008736797', 6),
       ('2052617671', 6),
       ('2069868187', 6),
       ('2099250641', 6),
       ('2153800394', 6),
       ('2154729466', 6),
       ('2215434370', 6),
       ('2228303112', 6),
       ('2304898615', 6),
       ('2317028417', 6),
       ('2327607446', 6),
       ('2332480303', 6),
       ('2366288929', 6),
       ('2376750888', 6),
       ('2446993660', 6),
       ('2447109410', 6),
       ('2451678252', 6),
       ('2485139331', 6),
       ('2509569673', 6),
       ('2524937098', 6),
       ('2576403754', 6),
       ('2605038465', 6),
       ('2617824439', 6),
       ('2619434664', 6),
       ('2624365846', 6),
       ('2638222373', 6),
       ('2640125836', 6),
       ('2647721701', 6),
       ('2652873655', 6),
       ('2663321579', 6),
       ('2679166840', 6),
       ('2680596938', 6),
       ('2699914781', 6),
       ('2713446064', 6),
       ('2731178880', 6),
       ('2731256401', 6),
       ('2749555846', 6),
       ('2800074299', 6),
       ('2830226210', 6),
       ('2890983142', 6),
       ('2902321719', 6),
       ('2968077248', 6),
       ('2968490206', 6),
       ('2992193903', 6),
       ('2999195657', 6),
       ('3057160507', 6),
       ('3072147929', 6),
       ('3107414589', 6),
       ('3107425624', 6),
       ('1035555550', 7),
       ('1038853989', 7),
       ('1040254104', 7),
       ('1041450877', 7),
       ('1043694265', 7),
       ('1066392595', 7),
       ('1084398475', 7),
       ('1138237033', 7),
       ('1164264876', 7),
       ('1170617504', 7),
       ('1218764373', 7),
       ('1244596923', 7),
       ('1254990179', 7),
       ('1259616469', 7),
       ('1263225371', 7),
       ('1269434019', 7),
       ('1277039596', 7),
       ('1281915447', 7),
       ('1284026640', 7),
       ('1302146226', 7),
       ('1311461652', 7),
       ('1359933679', 7),
       ('1366035026', 7),
       ('1373239634', 7),
       ('1398841587', 7),
       ('1413201659', 7),
       ('1444198228', 7),
       ('1446653457', 7),
       ('1561441207', 7),
       ('1561988215', 7),
       ('1576351044', 7),
       ('1597127676', 7),
       ('1616953744', 7),
       ('1646189177', 7),
       ('1668188044', 7),
       ('1685146550', 7),
       ('1697588022', 7),
       ('1718504956', 7),
       ('1746166032', 7),
       ('1777863626', 7),
       ('1787905106', 7),
       ('1795416040', 7),
       ('1799324914', 7),
       ('1808200141', 7),
       ('1813767187', 7),
       ('1813902522', 7),
       ('1825337046', 7),
       ('1836009686', 7),
       ('1845461740', 7),
       ('1863840842', 7),
       ('1864072449', 7),
       ('1899583856', 7),
       ('1905947317', 7),
       ('1907545968', 7),
       ('1936798703', 7),
       ('1968995671', 7),
       ('1983003496', 7),
       ('1987473551', 7),
       ('1988557754', 7),
       ('1999910927', 7),
       ('2012242527', 7),
       ('2078552463', 7),
       ('2081125420', 7),
       ('2086214333', 7),
       ('2087808542', 7),
       ('2119406002', 7),
       ('2175445208', 7),
       ('2198068646', 7),
       ('2198907505', 7),
       ('2216490444', 7),
       ('2234724305', 7),
       ('2247759424', 7),
       ('2264893003', 7),
       ('2279551667', 7),
       ('2290363675', 7),
       ('2296114760', 7),
       ('2298122553', 7),
       ('2318389240', 7),
       ('2319647647', 7),
       ('2337225032', 7),
       ('2359776499', 7),
       ('2378989398', 7),
       ('2399184017', 7),
       ('2404424046', 7),
       ('2445652845', 7),
       ('2513216783', 7),
       ('2535160397', 7),
       ('2603036363', 7),
       ('2639929029', 7),
       ('2647175269', 7),
       ('2684230697', 7),
       ('2691967593', 7),
       ('2692858139', 7),
       ('2709976668', 7),
       ('2760519256', 7),
       ('2770749175', 7),
       ('2776640231', 7),
       ('2827762720', 7),
       ('2832896985', 7),
       ('2880018847', 7),
       ('2887957957', 7),
       ('2913183337', 7),
       ('2914061870', 7),
       ('2930088822', 7),
       ('2931159763', 7),
       ('2934326258', 7),
       ('2934819258', 7),
       ('2947509711', 7),
       ('2951207050', 7),
       ('2982456149', 7),
       ('2989945071', 7),
       ('2995496451', 7),
       ('3036991558', 7),
       ('3069281486', 7),
       ('3077616843', 7),
       ('3090754934', 7),
       ('3109245068', 7),
       ('3123697891', 7),
       ('1007356365', 8),
       ('1021372339', 8),
       ('1032208022', 8),
       ('1126974710', 8),
       ('1138532389', 8),
       ('1155951124', 8),
       ('1179019698', 8),
       ('1190307431', 8),
       ('1193001222', 8),
       ('1195157245', 8),
       ('1221833669', 8),
       ('1272551926', 8),
       ('1274433192', 8),
       ('1276966262', 8),
       ('1295265693', 8),
       ('1315870491', 8),
       ('1374979675', 8),
       ('1382796355', 8),
       ('1406619081', 8),
       ('1414392160', 8),
       ('1423284658', 8),
       ('1430095344', 8),
       ('1434123226', 8),
       ('1439514663', 8),
       ('1453082921', 8),
       ('1468697130', 8),
       ('1482774905', 8),
       ('1538034350', 8),
       ('1606517966', 8),
       ('1656496854', 8),
       ('1672683903', 8),
       ('1695595395', 8),
       ('1720376932', 8),
       ('1739288221', 8),
       ('1767046011', 8),
       ('1784771540', 8),
       ('1784913992', 8),
       ('1791235258', 8),
       ('1846565115', 8),
       ('1928611833', 8),
       ('1953984884', 8),
       ('1975434532', 8),
       ('1992775904', 8),
       ('1998360287', 8),
       ('2005853435', 8),
       ('2028367204', 8),
       ('2054429262', 8),
       ('2086582909', 8),
       ('2096235930', 8),
       ('2168959027', 8),
       ('2178651332', 8),
       ('2226038602', 8),
       ('2247641109', 8),
       ('2264163058', 8),
       ('2292207618', 8),
       ('2300497811', 8),
       ('2348348914', 8),
       ('2355513401', 8),
       ('2380385482', 8),
       ('2395307619', 8),
       ('2413266802', 8),
       ('2417706048', 8),
       ('2429048092', 8),
       ('2450986863', 8),
       ('2462529988', 8),
       ('2483250944', 8),
       ('2484258156', 8),
       ('2522552951', 8),
       ('2523712405', 8),
       ('2529761927', 8),
       ('2564161487', 8),
       ('2588170538', 8),
       ('2596561977', 8),
       ('2611191370', 8),
       ('2629388479', 8),
       ('2650746120', 8),
       ('2665053289', 8),
       ('2695443619', 8),
       ('2715194759', 8),
       ('2733886809', 8),
       ('2740015658', 8),
       ('2740306428', 8),
       ('2753305298', 8),
       ('2788028328', 8),
       ('2808080940', 8),
       ('2908096867', 8),
       ('2943239368', 8),
       ('2955834599', 8),
       ('2957746668', 8),
       ('2991981430', 8),
       ('3003332818', 8),
       ('3014359832', 8),
       ('3026284666', 8),
       ('3072148515', 8),
       ('3122805763', 8),
       ('3123854395', 8),
       ('1046925037', 9),
       ('1049225981', 9),
       ('1051317239', 9),
       ('1073140077', 9),
       ('1085665393', 9),
       ('1103975555', 9),
       ('1138908407', 9),
       ('1163255087', 9),
       ('1175529921', 9),
       ('1208483182', 9),
       ('1256916668', 9),
       ('1259040497', 9),
       ('1290513124', 9),
       ('1296519340', 9),
       ('1297303491', 9),
       ('1299183877', 9),
       ('1299383328', 9),
       ('1313861729', 9),
       ('1379160409', 9),
       ('1383361188', 9),
       ('1403753548', 9),
       ('1470870199', 9),
       ('1491262870', 9),
       ('1538235101', 9),
       ('1550519839', 9),
       ('1569249620', 9),
       ('1572632406', 9),
       ('1589685313', 9),
       ('1626764206', 9),
       ('1631124318', 9),
       ('1679014945', 9),
       ('1696842947', 9),
       ('1735028908', 9),
       ('1748716646', 9),
       ('1750323285', 9),
       ('1762606963', 9),
       ('1810525614', 9),
       ('1812143443', 9),
       ('1814232820', 9),
       ('1837120727', 9),
       ('1867724189', 9),
       ('1988138262', 9),
       ('2007379024', 9),
       ('2015526339', 9),
       ('2019503777', 9),
       ('2044269317', 9),
       ('2047470042', 9),
       ('2066298573', 9),
       ('2071634781', 9),
       ('2083118004', 9),
       ('2089293565', 9),
       ('2094385377', 9),
       ('2095575373', 9),
       ('2108877206', 9),
       ('2191383476', 9),
       ('2193645430', 9),
       ('2211524785', 9),
       ('2218457767', 9),
       ('2271134889', 9),
       ('2297281858', 9),
       ('2316886121', 9),
       ('2349070873', 9),
       ('2462312772', 9),
       ('2488796213', 9),
       ('2567283361', 9),
       ('2581329577', 9),
       ('2584105065', 9),
       ('2599865227', 9),
       ('2674844501', 9),
       ('2706075341', 9),
       ('2707806003', 9),
       ('2751138468', 9),
       ('2756300705', 9),
       ('2773005381', 9),
       ('2779898237', 9),
       ('2796310813', 9),
       ('2843176091', 9),
       ('2874605946', 9),
       ('2876222879', 9),
       ('2876439419', 9),
       ('2883180651', 9),
       ('2891721391', 9),
       ('2945476857', 9),
       ('2989199929', 9),
       ('2989942298', 9),
       ('2991639430', 9),
       ('3005453477', 9),
       ('3036571370', 9),
       ('3044349465', 9),
       ('3053182402', 9),
       ('3078396866', 9),
       ('3113498019', 9),
       ('3123015069', 9),
       ('3130137749', 9),
       ('3131573697', 9),
       ('1005750065', 10),
       ('1203548735', 10),
       ('1207893154', 10),
       ('1257881839', 10),
       ('1278620553', 10),
       ('1303095925', 10),
       ('1334985072', 10),
       ('1341643821', 10),
       ('1349832535', 10),
       ('1390142215', 10),
       ('1401740026', 10),
       ('1451811398', 10),
       ('1458713248', 10),
       ('1475962726', 10),
       ('1488957507', 10),
       ('1503247625', 10),
       ('1556042379', 10),
       ('1557023003', 10),
       ('1607296817', 10),
       ('1612624483', 10),
       ('1649593152', 10),
       ('1672152481', 10),
       ('1710918293', 10),
       ('1747431050', 10),
       ('1748333109', 10),
       ('1766133742', 10),
       ('1785651981', 10),
       ('1805220441', 10),
       ('1828420942', 10),
       ('1833304899', 10),
       ('1860249553', 10),
       ('1863683888', 10),
       ('1891046536', 10),
       ('1917916310', 10),
       ('1923482380', 10),
       ('1998991029', 10),
       ('2021688427', 10),
       ('2038049914', 10),
       ('2041116339', 10),
       ('2063030453', 10),
       ('2070283788', 10),
       ('2094927988', 10),
       ('2096665934', 10),
       ('2140995845', 10),
       ('2146535345', 10),
       ('2158488222', 10),
       ('2170717132', 10),
       ('2196832771', 10),
       ('2205355460', 10),
       ('2211949624', 10),
       ('2240911586', 10),
       ('2243929882', 10),
       ('2290047132', 10),
       ('2314622201', 10),
       ('2319957004', 10),
       ('2348805582', 10),
       ('2381573051', 10),
       ('2401499269', 10),
       ('2402428731', 10),
       ('2405072673', 10),
       ('2428178896', 10),
       ('2438000368', 10),
       ('2456696629', 10),
       ('2493722562', 10),
       ('2521862517', 10),
       ('2549850897', 10),
       ('2555925315', 10),
       ('2563836399', 10),
       ('2577075338', 10),
       ('2589403971', 10),
       ('2602129398', 10),
       ('2602743212', 10),
       ('2608679950', 10),
       ('2613637286', 10),
       ('2637726173', 10),
       ('2671731213', 10),
       ('2678712661', 10),
       ('2686357968', 10),
       ('2705625330', 10),
       ('2739328882', 10),
       ('2744466873', 10),
       ('2744778863', 10),
       ('2763858592', 10),
       ('2796767013', 10),
       ('2801562136', 10),
       ('2840932317', 10),
       ('2888976928', 10),
       ('2903090526', 10),
       ('2912110417', 10),
       ('2933454676', 10),
       ('2963472402', 10),
       ('2972997587', 10),
       ('3019749003', 10),
       ('3056777928', 10),
       ('3064873112', 10),
       ('3082199262', 10),
       ('3118793059', 10),
       ('3143002011', 10);

INSERT INTO 旅游线路 (总公司_id)
VALUES (1),
       (1),
       (1),
       (1),
       (1),
       (1),
       (1),
       (1),
       (1),
       (1);


INSERT INTO 地点 (地点, 旅游线路_id)
VALUES ('BeiJing', 1),
       ('ShangHai', 2),
       ('GuangZhou', 3),
       ('TianJi', 4),
       ('SiChua', 5),
       ('HaiNa', 6),
       ('FuJia', 7),
       ('ChongQi', 8),
       ('XinJiang', 9),
       ('XiZang', 10);

INSERT INTO 景点 (景点, 旅游线路_id)
VALUES ('The Palace Museum', 1),
       ('the Bund', 2),
       ('Giant Buddhist Temple', 3),
       ('Shi Family Grand Courtyard', 4),
       ('Four Girls Mountai', 5),
       ('Sea Island', 6),
       ('Gulangyu Island', 7),
       ('Hongya Cave', 8),
       ('Tian Sha', 9),
       ('Potala Place', 10);

INSERT INTO 旅游时间段 (时间段, 价格, 交通方式, 服务等级)
VALUES ('April', 4700, 'Bus', 3),
       ('May', 5200, 'Bus', 3),
       ('June', 5500, 'airplane', 4),
       ('July', 6000, 'Bus', 3),
       ('August', 5000, 'Bus', 3),
       ('September', 7700, 'airplane', 4),
       ('October', 7000, 'Bus', 3),
       ('November', 9000, 'airplane', 5),
       ('December', 4300, 'Bus', 3),
       ('January', 8000, 'airplane', 5),
       ('February', 4900, 'Train', 4),
       ('March', 5300, 'Car', 3),
       ('April', 5600, 'airplane', 4),
       ('May', 6100, 'Train', 3),
       ('June', 5100, 'Car', 3),
       ('July', 7800, 'Train', 4),
       ('August', 7100, 'Car', 3),
       ('September', 9200, 'Train', 5),
       ('October', 4400, 'Car', 3),
       ('November', 8100, 'Train', 5),
       ('December', 4800, 'airplane', 3),
       ('January', 5250, 'Boat', 3),
       ('February', 5550, 'Train', 4),
       ('March', 6050, 'Boat', 3),
       ('April', 5050, 'airplane', 3),
       ('May', 7750, 'Boat', 4),
       ('June', 7050, 'airplane', 3),
       ('July', 9050, 'Boat', 5),
       ('August', 4350, 'airplane', 3),
       ('September', 8050, 'Boat', 5);

INSERT INTO 旅游信息 (旅游时间, 旅游费用, 保险, 旅游合同, 旅游团_id, 顾客_身份证号)
VALUES ('2019', 0, '3', NULL, 10, '2235904159'),
       ('2020', 0, '3', NULL, 4, '2808624354'),
       ('2020', 0, '5', NULL, 3, '1869425884'),
       ('2019', 0, '3', NULL, 8, '1470870199'),
       ('2022', 0, '1', NULL, 5, '2890983142'),
       ('2021', 0, '4', NULL, 5, '2211524785'),
       ('2018', 0, '4', NULL, 8, '2078552463'),
       ('2019', 0, '1', NULL, 10, '2602129398'),
       ('2022', 0, '1', NULL, 5, '1085665393'),
       ('2019', 0, '2', NULL, 7, '2563836399'),
       ('2021', 0, '5', NULL, 6, '2984946486'),
       ('2021', 0, '5', NULL, 3, '1650427775'),
       ('2022', 0, '3', NULL, 8, '2037718090'),
       ('2019', 0, '4', NULL, 4, '1799324914'),
       ('2022', 0, '5', NULL, 4, '1613553178'),
       ('2018', 0, '3', NULL, 10, '1035555550'),
       ('2021', 0, '3', NULL, 3, '2111004059'),
       ('2020', 0, '3', NULL, 1, '1602151684'),
       ('2018', 0, '1', NULL, 2, '1695595395'),
       ('2018', 0, '3', NULL, 8, '1711690280'),
       ('2020', 0, '4', NULL, 5, '1945825956'),
       ('2023', 0, '2', NULL, 4, '2672359863'),
       ('2022', 0, '4', NULL, 6, '2760519256'),
       ('2020', 0, '3', NULL, 7, '2327607446'),
       ('2019', 0, '2', NULL, 4, '3036196039'),
       ('2019', 0, '5', NULL, 4, '1299183877'),
       ('2020', 0, '1', NULL, 4, '2319957004'),
       ('2022', 0, '4', NULL, 6, '1772718967'),
       ('2018', 0, '3', NULL, 3, '1299383328'),
       ('2018', 0, '3', NULL, 5, '1179019698'),
       ('2020', 0, '5', NULL, 5, '2298122553'),
       ('2020', 0, '1', NULL, 8, '2439885932'),
       ('2021', 0, '1', NULL, 7, '2769531204'),
       ('2018', 0, '2', NULL, 4, '2170717132'),
       ('2019', 0, '5', NULL, 7, '1695935705'),
       ('2018', 0, '4', NULL, 8, '1449742965'),
       ('2021', 0, '4', NULL, 4, '1207893154'),
       ('2020', 0, '3', NULL, 3, '2876439419'),
       ('2022', 0, '4', NULL, 2, '1074933336'),
       ('2023', 0, '3', NULL, 6, '1739288221'),
       ('2021', 0, '2', NULL, 7, '2212317069'),
       ('2020', 0, '2', NULL, 8, '1542379799'),
       ('2018', 0, '3', NULL, 2, '2015526339'),
       ('2023', 0, '4', NULL, 10, '2617824439'),
       ('2020', 0, '5', NULL, 1, '2542799250'),
       ('2022', 0, '4', NULL, 5, '1572415630'),
       ('2020', 0, '3', NULL, 7, '2760519256'),
       ('2022', 0, '4', NULL, 9, '3089915047'),
       ('2018', 0, '4', NULL, 8, '1253183280'),
       ('2020', 0, '4', NULL, 10, '2130269549'),
       ('2019', 0, '5', NULL, 2, '1453082921'),
       ('2022', 0, '3', NULL, 3, '2613637286'),
       ('2022', 0, '4', NULL, 8, '2015526339'),
       ('2022', 0, '2', NULL, 9, '2068575247'),
       ('2019', 0, '4', NULL, 5, '2177101478'),
       ('2022', 0, '3', NULL, 3, '2211949624'),
       ('2020', 0, '5', NULL, 2, '2003372061'),
       ('2020', 0, '3', NULL, 7, '2744778863'),
       ('2021', 0, '4', NULL, 7, '2095575373'),
       ('2019', 0, '5', NULL, 3, '3129374615'),
       ('2019', 0, '2', NULL, 9, '1748333109'),
       ('2018', 0, '3', NULL, 4, '2983337533'),
       ('2018', 0, '4', NULL, 1, '3118793059'),
       ('2019', 0, '5', NULL, 6, '2492646876'),
       ('2021', 0, '4', NULL, 7, '1810981996'),
       ('2018', 0, '5', NULL, 4, '2483250944'),
       ('2023', 0, '4', NULL, 2, '2279551667'),
       ('2023', 0, '4', NULL, 3, '2573145170'),
       ('2020', 0, '2', NULL, 2, '2380230681'),
       ('2023', 0, '3', NULL, 4, '1405974098'),
       ('2021', 0, '1', NULL, 5, '1748333109'),
       ('2023', 0, '2', NULL, 8, '2132288368'),
       ('2018', 0, '1', NULL, 5, '1706470632'),
       ('2018', 0, '2', NULL, 6, '2186139973'),
       ('2020', 0, '2', NULL, 3, '2439885932'),
       ('2020', 0, '3', NULL, 8, '2753305298'),
       ('2020', 0, '4', NULL, 4, '3002393598'),
       ('2023', 0, '3', NULL, 7, '2131461895'),
       ('2023', 0, '2', NULL, 9, '1657422775'),
       ('2018', 0, '4', NULL, 5, '1828420942'),
       ('2023', 0, '3', NULL, 2, '2872596719'),
       ('2021', 0, '1', NULL, 6, '1528629764'),
       ('2019', 0, '3', NULL, 6, '2435960942'),
       ('2023', 0, '5', NULL, 7, '2779898237'),
       ('2018', 0, '3', NULL, 9, '2588633093'),
       ('2019', 0, '4', NULL, 1, '2955834599'),
       ('2021', 0, '3', NULL, 6, '1348565977'),
       ('2019', 0, '2', NULL, 8, '2344595336'),
       ('2022', 0, '2', NULL, 7, '1235486039'),
       ('2023', 0, '2', NULL, 3, '3130137749'),
       ('2019', 0, '4', NULL, 3, '1863683888'),
       ('2019', 0, '4', NULL, 9, '2380385482'),
       ('2023', 0, '5', NULL, 6, '2588170538'),
       ('2021', 0, '4', NULL, 2, '2501416165'),
       ('2020', 0, '3', NULL, 6, '1869425884'),
       ('2021', 0, '4', NULL, 6, '2470879117'),
       ('2019', 0, '4', NULL, 5, '2957746668'),
       ('2021', 0, '3', NULL, 4, '1805220441'),
       ('2023', 0, '4', NULL, 6, '1669722854'),
       ('2021', 0, '4', NULL, 4, '1254990179'),
       ('2018', 0, '3', NULL, 6, '1444198228'),
       ('2021', 0, '4', NULL, 1, '2914061870'),
       ('2018', 0, '5', NULL, 6, '1138237033'),
       ('2021', 0, '4', NULL, 4, '2731256401'),
       ('2023', 0, '4', NULL, 2, '1857410820'),
       ('2020', 0, '5', NULL, 6, '1777863626'),
       ('2023', 0, '2', NULL, 7, '2988711805'),
       ('2022', 0, '4', NULL, 3, '1495643735'),
       ('2018', 0, '3', NULL, 1, '2983337533'),
       ('2020', 0, '2', NULL, 9, '2691967593'),
       ('2018', 0, '4', NULL, 3, '2701062420'),
       ('2020', 0, '3', NULL, 2, '2378989398'),
       ('2020', 0, '2', NULL, 3, '1576351044'),
       ('2021', 0, '4', NULL, 7, '1189765576'),
       ('2021', 0, '4', NULL, 7, '2296360531'),
       ('2018', 0, '1', NULL, 10, '1470870199'),
       ('2020', 0, '1', NULL, 9, '2288705682'),
       ('2018', 0, '3', NULL, 6, '1583412294'),
       ('2021', 0, '3', NULL, 7, '1049225981'),
       ('2022', 0, '3', NULL, 5, '1703819610'),
       ('2018', 0, '2', NULL, 4, '2893081288'),
       ('2019', 0, '5', NULL, 3, '2658014152'),
       ('2019', 0, '3', NULL, 5, '3058792325'),
       ('2023', 0, '5', NULL, 6, '1039800029'),
       ('2018', 0, '2', NULL, 1, '2070283788'),
       ('2018', 0, '2', NULL, 3, '2405600529'),
       ('2020', 0, '1', NULL, 6, '2237574702'),
       ('2022', 0, '4', NULL, 6, '2744466873'),
       ('2022', 0, '1', NULL, 10, '2146535345'),
       ('2022', 0, '3', NULL, 8, '1813245202'),
       ('2018', 0, '5', NULL, 7, '2910335954'),
       ('2021', 0, '4', NULL, 2, '1510692686'),
       ('2019', 0, '1', NULL, 10, '1405974098'),
       ('2019', 0, '3', NULL, 6, '3107425624'),
       ('2018', 0, '3', NULL, 3, '2889052132'),
       ('2021', 0, '1', NULL, 2, '1987473551'),
       ('2020', 0, '2', NULL, 6, '1193001222'),
       ('2023', 0, '2', NULL, 3, '2991981430'),
       ('2019', 0, '3', NULL, 2, '2485139331'),
       ('2018', 0, '3', NULL, 9, '2560776014'),
       ('2023', 0, '3', NULL, 4, '2602743212'),
       ('2021', 0, '1', NULL, 1, '1915794627'),
       ('2022', 0, '3', NULL, 5, '1470870199'),
       ('2023', 0, '2', NULL, 4, '1376937463'),
       ('2022', 0, '5', NULL, 2, '1702257732'),
       ('2022', 0, '2', NULL, 3, '2605038465'),
       ('2023', 0, '1', NULL, 4, '2364201335'),
       ('2019', 0, '3', NULL, 4, '2888976928'),
       ('2023', 0, '4', NULL, 7, '1837204475'),
       ('2022', 0, '2', NULL, 3, '2044269317'),
       ('2019', 0, '3', NULL, 4, '3056777928'),
       ('2019', 0, '4', NULL, 2, '3058792325'),
       ('2021', 0, '4', NULL, 5, '1083940560'),
       ('2019', 0, '2', NULL, 7, '2762154633'),
       ('2022', 0, '1', NULL, 6, '2861148229'),
       ('2022', 0, '4', NULL, 8, '2776102204'),
       ('2021', 0, '2', NULL, 8, '3077616843'),
       ('2019', 0, '5', NULL, 3, '1406104264'),
       ('2022', 0, '3', NULL, 1, '2317028417'),
       ('2018', 0, '4', NULL, 5, '1308602472'),
       ('2020', 0, '2', NULL, 2, '1805220441'),
       ('2020', 0, '3', NULL, 3, '1049225981'),
       ('2022', 0, '4', NULL, 5, '2665053289'),
       ('2018', 0, '2', NULL, 6, '2183691141'),
       ('2019', 0, '2', NULL, 9, '2086214333'),
       ('2021', 0, '3', NULL, 6, '2211949624'),
       ('2021', 0, '3', NULL, 9, '2538727121'),
       ('2020', 0, '4', NULL, 9, '2198068646'),
       ('2022', 0, '5', NULL, 6, '2538727121'),
       ('2019', 0, '2', NULL, 9, '2629388479'),
       ('2023', 0, '1', NULL, 6, '2247641109'),
       ('2021', 0, '3', NULL, 8, '1790070732'),
       ('2022', 0, '1', NULL, 3, '1449742965'),
       ('2023', 0, '2', NULL, 2, '2439285648'),
       ('2018', 0, '3', NULL, 2, '1514582016'),
       ('2019', 0, '4', NULL, 5, '2535160397'),
       ('2023', 0, '4', NULL, 7, '1718504956'),
       ('2022', 0, '3', NULL, 6, '2642077827'),
       ('2023', 0, '3', NULL, 7, '1632849886'),
       ('2022', 0, '4', NULL, 9, '1670856934'),
       ('2022', 0, '4', NULL, 8, '2277704036'),
       ('2023', 0, '4', NULL, 5, '2078970944'),
       ('2022', 0, '5', NULL, 6, '2684230697'),
       ('2020', 0, '1', NULL, 3, '2380385482'),
       ('2020', 0, '1', NULL, 6, '1259040497'),
       ('2021', 0, '4', NULL, 10, '2300497811'),
       ('2020', 0, '5', NULL, 7, '2166828358'),
       ('2020', 0, '4', NULL, 2, '2399184017'),
       ('2019', 0, '4', NULL, 2, '1696842947'),
       ('2018', 0, '3', NULL, 6, '1388412082'),
       ('2022', 0, '2', NULL, 4, '2233138124'),
       ('2019', 0, '1', NULL, 3, '1556042379'),
       ('2023', 0, '5', NULL, 6, '1955679779'),
       ('2022', 0, '2', NULL, 6, '1453082921'),
       ('2018', 0, '4', NULL, 2, '2880018847'),
       ('2022', 0, '5', NULL, 1, '2749555846'),
       ('2022', 0, '2', NULL, 4, '1795444052'),
       ('2019', 0, '5', NULL, 7, '2158488222'),
       ('2019', 0, '3', NULL, 3, '1590485167'),
       ('2019', 0, '3', NULL, 9, '1439514663'),
       ('2023', 0, '5', NULL, 7, '2629388479'),
       ('2020', 0, '5', NULL, 9, '2368628072'),
       ('2020', 0, '3', NULL, 9, '2611191370'),
       ('2018', 0, '5', NULL, 7, '2577516948'),
       ('2019', 0, '5', NULL, 9, '2038049914'),
       ('2018', 0, '3', NULL, 8, '2204663433'),
       ('2021', 0, '4', NULL, 9, '2451678252'),
       ('2019', 0, '1', NULL, 3, '2056215686'),
       ('2021', 0, '2', NULL, 9, '2265814169'),
       ('2022', 0, '2', NULL, 8, '2510899517'),
       ('2020', 0, '2', NULL, 4, '2314622201'),
       ('2022', 0, '3', NULL, 7, '1256916668'),
       ('2019', 0, '4', NULL, 3, '2366288929'),
       ('2020', 0, '4', NULL, 9, '1564898725'),
       ('2019', 0, '3', NULL, 4, '1414392160'),
       ('2018', 0, '4', NULL, 5, '2271134889'),
       ('2023', 0, '4', NULL, 1, '2135601809'),
       ('2021', 0, '2', NULL, 10, '1003773759'),
       ('2018', 0, '3', NULL, 8, '1792008352'),
       ('2020', 0, '1', NULL, 1, '2569210424'),
       ('2023', 0, '3', NULL, 9, '1277039596'),
       ('2019', 0, '2', NULL, 3, '2623413588'),
       ('2018', 0, '3', NULL, 6, '2066298573'),
       ('2019', 0, '2', NULL, 2, '3131573697'),
       ('2022', 0, '3', NULL, 8, '1702257732'),
       ('2023', 0, '2', NULL, 9, '1402297067'),
       ('2018', 0, '2', NULL, 2, '2488796213'),
       ('2022', 0, '4', NULL, 6, '1917916310'),
       ('2018', 0, '3', NULL, 3, '1806272161'),
       ('2018', 0, '4', NULL, 9, '1557704652'),
       ('2023', 0, '4', NULL, 6, '2033403989'),
       ('2018', 0, '1', NULL, 2, '1719846108'),
       ('2020', 0, '3', NULL, 7, '1406619081'),
       ('2018', 0, '4', NULL, 4, '2189803051'),
       ('2023', 0, '3', NULL, 5, '3026284666'),
       ('2023', 0, '3', NULL, 7, '1975434532'),
       ('2023', 0, '4', NULL, 2, '2999711233'),
       ('2019', 0, '3', NULL, 8, '1304268707'),
       ('2021', 0, '4', NULL, 10, '2699914781'),
       ('2023', 0, '4', NULL, 4, '1739288221'),
       ('2023', 0, '4', NULL, 7, '1270891160'),
       ('2019', 0, '2', NULL, 2, '1193204715'),
       ('2022', 0, '4', NULL, 1, '1808461265'),
       ('2018', 0, '2', NULL, 8, '1976998625'),
       ('2022', 0, '1', NULL, 7, '2567283361'),
       ('2019', 0, '3', NULL, 6, '1260573608'),
       ('2019', 0, '3', NULL, 7, '1192704074'),
       ('2018', 0, '2', NULL, 7, '1143663690'),
       ('2020', 0, '3', NULL, 5, '1714912159'),
       ('2021', 0, '3', NULL, 7, '2974529466'),
       ('2020', 0, '3', NULL, 10, '2461119798'),
       ('2022', 0, '4', NULL, 5, '2116462371'),
       ('2021', 0, '4', NULL, 4, '2883180651'),
       ('2019', 0, '4', NULL, 7, '2319227649'),
       ('2021', 0, '2', NULL, 4, '2876439419'),
       ('2022', 0, '3', NULL, 7, '1348565977'),
       ('2018', 0, '4', NULL, 7, '1361017863'),
       ('2022', 0, '2', NULL, 5, '1040254104'),
       ('2021', 0, '1', NULL, 7, '2809123215'),
       ('2018', 0, '2', NULL, 5, '3012492005'),
       ('2020', 0, '1', NULL, 4, '1264859969'),
       ('2023', 0, '2', NULL, 6, '2762154633'),
       ('2019', 0, '4', NULL, 6, '1384763284'),
       ('2021', 0, '2', NULL, 4, '1507222866'),
       ('2019', 0, '3', NULL, 10, '2012242527'),
       ('2023', 0, '4', NULL, 2, '2142840952'),
       ('2021', 0, '1', NULL, 8, '2876222879'),
       ('2022', 0, '2', NULL, 6, '2228303112'),
       ('2023', 0, '2', NULL, 8, '2132288368'),
       ('2020', 0, '1', NULL, 3, '1879415632'),
       ('2022', 0, '4', NULL, 6, '2830226210'),
       ('2018', 0, '2', NULL, 8, '2365837862'),
       ('2023', 0, '4', NULL, 10, '1669722854'),
       ('2023', 0, '4', NULL, 9, '2288052727'),
       ('2021', 0, '3', NULL, 3, '2052617671'),
       ('2019', 0, '4', NULL, 2, '2332480303'),
       ('2020', 0, '3', NULL, 3, '2742610178'),
       ('2022', 0, '4', NULL, 3, '2099250641'),
       ('2018', 0, '2', NULL, 9, '2077814195'),
       ('2018', 0, '2', NULL, 2, '2019503777'),
       ('2019', 0, '3', NULL, 9, '2740015658'),
       ('2022', 0, '1', NULL, 8, '1046303673'),
       ('2021', 0, '4', NULL, 3, '1561441207'),
       ('2021', 0, '5', NULL, 9, '2809123215'),
       ('2023', 0, '4', NULL, 2, '1290513124'),
       ('2023', 0, '3', NULL, 9, '1657422775'),
       ('2019', 0, '2', NULL, 2, '1706470632'),
       ('2022', 0, '2', NULL, 8, '2089724226'),
       ('2022', 0, '3', NULL, 5, '2154729466'),
       ('2021', 0, '5', NULL, 4, '2191383476'),
       ('2018', 0, '1', NULL, 8, '2096665934'),
       ('2019', 0, '4', NULL, 10, '1978065718'),
       ('2022', 0, '5', NULL, 6, '2739328882'),
       ('2019', 0, '3', NULL, 5, '1058707520'),
       ('2023', 0, '2', NULL, 10, '3056777928'),
       ('2020', 0, '4', NULL, 8, '2945705985'),
       ('2023', 0, '3', NULL, 4, '2228303112'),
       ('2018', 0, '2', NULL, 10, '2612424768'),
       ('2022', 0, '4', NULL, 5, '3113915504'),
       ('2022', 0, '3', NULL, 8, '1482774905'),
       ('2018', 0, '3', NULL, 10, '1597127676'),
       ('2023', 0, '4', NULL, 9, '2019061357'),
       ('2019', 0, '2', NULL, 9, '2553549832'),
       ('2022', 0, '4', NULL, 6, '2839663443'),
       ('2021', 0, '1', NULL, 1, '2757731090'),
       ('2022', 0, '5', NULL, 10, '1270891160'),
       ('2020', 0, '3', NULL, 2, '1190307431'),
       ('2021', 0, '4', NULL, 4, '2988711805'),
       ('2020', 0, '5', NULL, 5, '1685146550'),
       ('2022', 0, '3', NULL, 3, '3019749003'),
       ('2019', 0, '4', NULL, 10, '1602151684'),
       ('2019', 0, '4', NULL, 9, '2498739965'),
       ('2020', 0, '5', NULL, 9, '2888976928'),
       ('2021', 0, '1', NULL, 6, '2288052727'),
       ('2019', 0, '1', NULL, 2, '1406619081'),
       ('2021', 0, '5', NULL, 3, '1005750065'),
       ('2022', 0, '3', NULL, 1, '1883722865'),
       ('2018', 0, '4', NULL, 4, '2137468353'),
       ('2020', 0, '4', NULL, 4, '1927981791'),
       ('2021', 0, '3', NULL, 10, '1718765004'),
       ('2021', 0, '2', NULL, 5, '2386743179'),
       ('2021', 0, '3', NULL, 2, '2796767013'),
       ('2018', 0, '4', NULL, 4, '2205355460'),
       ('2018', 0, '5', NULL, 1, '2036909096'),
       ('2022', 0, '2', NULL, 7, '2522268494'),
       ('2023', 0, '4', NULL, 4, '3141974858'),
       ('2022', 0, '4', NULL, 5, '1588369355'),
       ('2023', 0, '4', NULL, 2, '3144017318'),
       ('2020', 0, '3', NULL, 8, '2183691141'),
       ('2023', 0, '4', NULL, 4, '1978065718'),
       ('2022', 0, '1', NULL, 9, '1480388585'),
       ('2019', 0, '2', NULL, 10, '1902924423'),
       ('2021', 0, '2', NULL, 8, '2198907505'),
       ('2021', 0, '4', NULL, 2, '2087808542'),
       ('2023', 0, '3', NULL, 6, '1709154465'),
       ('2023', 0, '3', NULL, 2, '1713496232'),
       ('2020', 0, '4', NULL, 6, '3053182402'),
       ('2022', 0, '4', NULL, 6, '1883722865'),
       ('2021', 0, '3', NULL, 4, '1062174013'),
       ('2020', 0, '2', NULL, 8, '1728180299'),
       ('2020', 0, '2', NULL, 7, '1845461740'),
       ('2019', 0, '3', NULL, 6, '2754199982'),
       ('2019', 0, '1', NULL, 10, '1945825956'),
       ('2021', 0, '4', NULL, 3, '3053182402'),
       ('2018', 0, '4', NULL, 2, '1076606551'),
       ('2019', 0, '2', NULL, 3, '1542379799'),
       ('2021', 0, '4', NULL, 3, '3025752432'),
       ('2019', 0, '4', NULL, 2, '1748716646'),
       ('2022', 0, '2', NULL, 2, '1842032700'),
       ('2022', 0, '5', NULL, 2, '2706075341'),
       ('2019', 0, '2', NULL, 4, '2992193903'),
       ('2021', 0, '4', NULL, 5, '2560776014'),
       ('2023', 0, '4', NULL, 9, '2891721391'),
       ('2020', 0, '4', NULL, 6, '2173355452'),
       ('2019', 0, '4', NULL, 6, '2759952834'),
       ('2023', 0, '5', NULL, 2, '2780735158'),
       ('2019', 0, '1', NULL, 9, '1905947317'),
       ('2021', 0, '2', NULL, 6, '2047827335'),
       ('2020', 0, '2', NULL, 3, '2216490444'),
       ('2023', 0, '4', NULL, 7, '2941330349'),
       ('2020', 0, '3', NULL, 5, '1530342258'),
       ('2018', 0, '2', NULL, 3, '1819345226'),
       ('2019', 0, '1', NULL, 4, '2883180651'),
       ('2019', 0, '4', NULL, 7, '2709976668'),
       ('2020', 0, '4', NULL, 7, '2569600841'),
       ('2021', 0, '5', NULL, 8, '1538429700'),
       ('2021', 0, '2', NULL, 2, '3122805763'),
       ('2023', 0, '4', NULL, 7, '1054413360'),
       ('2022', 0, '1', NULL, 7, '1195157245'),
       ('2023', 0, '5', NULL, 4, '1923482380'),
       ('2018', 0, '3', NULL, 1, '2931663150'),
       ('2020', 0, '4', NULL, 4, '1685146550'),
       ('2020', 0, '4', NULL, 1, '3123015069'),
       ('2022', 0, '4', NULL, 4, '1348565977'),
       ('2019', 0, '2', NULL, 4, '2089658218'),
       ('2022', 0, '4', NULL, 7, '2676717960'),
       ('2021', 0, '5', NULL, 8, '2754199982'),
       ('2018', 0, '2', NULL, 8, '2403115803'),
       ('2019', 0, '1', NULL, 4, '1668811412'),
       ('2018', 0, '4', NULL, 8, '2891721391'),
       ('2021', 0, '2', NULL, 6, '2205317019'),
       ('2022', 0, '3', NULL, 4, '1825337046'),
       ('2021', 0, '4', NULL, 2, '2492646876'),
       ('2019', 0, '5', NULL, 2, '1977479956'),
       ('2020', 0, '3', NULL, 10, '1058707520'),
       ('2018', 0, '5', NULL, 4, '1799324914'),
       ('2018', 0, '4', NULL, 4, '3091778989'),
       ('2021', 0, '4', NULL, 4, '2608679950'),
       ('2021', 0, '1', NULL, 8, '2608679950'),
       ('2020', 0, '4', NULL, 3, '1315870491'),
       ('2020', 0, '4', NULL, 9, '2510899517'),
       ('2021', 0, '2', NULL, 6, '2124840584'),
       ('2020', 0, '1', NULL, 4, '2937219120'),
       ('2020', 0, '3', NULL, 9, '1914182413'),
       ('2020', 0, '3', NULL, 6, '3056777928'),
       ('2020', 0, '1', NULL, 3, '3107414589'),
       ('2019', 0, '4', NULL, 1, '1540215633'),
       ('2019', 0, '2', NULL, 4, '1569249620'),
       ('2023', 0, '2', NULL, 9, '2776640231'),
       ('2022', 0, '4', NULL, 4, '2671992641'),
       ('2022', 0, '5', NULL, 1, '2193242583'),
       ('2022', 0, '3', NULL, 6, '2577075338'),
       ('2021', 0, '4', NULL, 3, '1341643821'),
       ('2022', 0, '2', NULL, 7, '2408588735'),
       ('2023', 0, '4', NULL, 6, '1260573608'),
       ('2018', 0, '4', NULL, 3, '2861148229'),
       ('2020', 0, '2', NULL, 5, '1439514663'),
       ('2021', 0, '2', NULL, 10, '1790070732'),
       ('2019', 0, '3', NULL, 6, '2123318420'),
       ('2020', 0, '4', NULL, 2, '1950761357'),
       ('2020', 0, '4', NULL, 7, '2355513401'),
       ('2023', 0, '4', NULL, 7, '3131628988'),
       ('2023', 0, '3', NULL, 6, '2647175269'),
       ('2023', 0, '5', NULL, 9, '1739288221'),
       ('2021', 0, '5', NULL, 3, '2511063761'),
       ('2021', 0, '1', NULL, 9, '2602743212'),
       ('2018', 0, '4', NULL, 5, '1672683903'),
       ('2018', 0, '2', NULL, 8, '1304268707'),
       ('2021', 0, '2', NULL, 8, '2608174216'),
       ('2023', 0, '1', NULL, 9, '2788028328'),
       ('2020', 0, '3', NULL, 8, '2943239368'),
       ('2020', 0, '4', NULL, 10, '1284026640'),
       ('2018', 0, '3', NULL, 2, '2198907505'),
       ('2019', 0, '3', NULL, 8, '1998991029'),
       ('2019', 0, '3', NULL, 1, '1032208022'),
       ('2020', 0, '5', NULL, 6, '2617824439'),
       ('2021', 0, '4', NULL, 5, '1012477284'),
       ('2018', 0, '3', NULL, 5, '2744778863'),
       ('2020', 0, '4', NULL, 2, '2207032553'),
       ('2021', 0, '3', NULL, 5, '2395307619'),
       ('2018', 0, '5', NULL, 2, '2211524785'),
       ('2019', 0, '3', NULL, 4, '2941330349'),
       ('2022', 0, '3', NULL, 7, '1243116584'),
       ('2018', 0, '3', NULL, 9, '2988711805'),
       ('2023', 0, '1', NULL, 5, '2930088822'),
       ('2020', 0, '3', NULL, 7, '1694945299'),
       ('2019', 0, '5', NULL, 1, '2779898237'),
       ('2019', 0, '5', NULL, 4, '2634721468'),
       ('2018', 0, '2', NULL, 2, '1540215633'),
       ('2018', 0, '3', NULL, 4, '2534571838'),
       ('2021', 0, '3', NULL, 5, '1976998625'),
       ('2021', 0, '2', NULL, 3, '1409106930'),
       ('2019', 0, '2', NULL, 2, '1531064608'),
       ('2019', 0, '2', NULL, 6, '3014359832'),
       ('2021', 0, '5', NULL, 5, '1482774905'),
       ('2020', 0, '3', NULL, 4, '1484381934'),
       ('2023', 0, '2', NULL, 7, '1503247625'),
       ('2021', 0, '3', NULL, 7, '3005453477'),
       ('2023', 0, '1', NULL, 2, '2399184017'),
       ('2019', 0, '4', NULL, 5, '1750323285'),
       ('2023', 0, '2', NULL, 9, '2529761927'),
       ('2023', 0, '3', NULL, 9, '2094927988'),
       ('2022', 0, '4', NULL, 8, '2047470042'),
       ('2019', 0, '1', NULL, 8, '1670856934'),
       ('2023', 0, '3', NULL, 6, '2532632910'),
       ('2022', 0, '4', NULL, 3, '3069281486'),
       ('2021', 0, '4', NULL, 7, '3141974858'),
       ('2020', 0, '2', NULL, 5, '2281610801'),
       ('2018', 0, '2', NULL, 2, '2933454676'),
       ('2019', 0, '2', NULL, 3, '2089293565'),
       ('2023', 0, '3', NULL, 8, '1902924423'),
       ('2018', 0, '3', NULL, 5, '1795416040'),
       ('2022', 0, '4', NULL, 6, '3017872765'),
       ('2022', 0, '4', NULL, 3, '2116462371'),
       ('2022', 0, '2', NULL, 6, '2762154633'),
       ('2023', 0, '2', NULL, 7, '1863683888'),
       ('2019', 0, '4', NULL, 2, '1602151684'),
       ('2018', 0, '3', NULL, 2, '2977890846'),
       ('2018', 0, '4', NULL, 3, '2649277461'),
       ('2023', 0, '3', NULL, 5, '1686775310'),
       ('2020', 0, '4', NULL, 4, '1219959288'),
       ('2022', 0, '2', NULL, 3, '2290047132'),
       ('2022', 0, '4', NULL, 10, '1553989244'),
       ('2019', 0, '2', NULL, 9, '1860249553'),
       ('2020', 0, '4', NULL, 10, '1863840842'),
       ('2019', 0, '2', NULL, 1, '1846416074'),
       ('2022', 0, '5', NULL, 6, '2439885932'),
       ('2019', 0, '2', NULL, 4, '1576351044'),
       ('2021', 0, '2', NULL, 6, '1968995671'),
       ('2018', 0, '4', NULL, 8, '1126974710'),
       ('2018', 0, '5', NULL, 2, '2119406002'),
       ('2023', 0, '4', NULL, 5, '1911275421'),
       ('2020', 0, '2', NULL, 2, '1190307431'),
       ('2022', 0, '4', NULL, 9, '1792193564'),
       ('2019', 0, '1', NULL, 7, '1573743480'),
       ('2023', 0, '4', NULL, 3, '1709422804'),
       ('2018', 0, '4', NULL, 3, '1814232820'),
       ('2022', 0, '3', NULL, 6, '1980166080'),
       ('2020', 0, '3', NULL, 5, '1631124318'),
       ('2023', 0, '3', NULL, 8, '2789229870'),
       ('2020', 0, '1', NULL, 3, '2760519256'),
       ('2023', 0, '4', NULL, 3, '1631124318'),
       ('2022', 0, '5', NULL, 4, '1384763284'),
       ('2020', 0, '2', NULL, 2, '3012492005'),
       ('2022', 0, '3', NULL, 7, '2719495895'),
       ('2023', 0, '4', NULL, 5, '2234724305'),
       ('2021', 0, '4', NULL, 8, '2264893003'),
       ('2019', 0, '3', NULL, 4, '2861148229'),
       ('2020', 0, '2', NULL, 5, '3077616843'),
       ('2021', 0, '4', NULL, 6, '2830759521'),
       ('2018', 0, '5', NULL, 7, '1619591103'),
       ('2022', 0, '2', NULL, 7, '1402297067'),
       ('2021', 0, '2', NULL, 8, '2553549832'),
       ('2022', 0, '4', NULL, 8, '1556042379'),
       ('2020', 0, '2', NULL, 5, '3144017318'),
       ('2023', 0, '4', NULL, 2, '1728180299'),
       ('2021', 0, '1', NULL, 8, '1984960943'),
       ('2020', 0, '2', NULL, 3, '1475962726'),
       ('2023', 0, '4', NULL, 9, '3026284666'),
       ('2018', 0, '2', NULL, 5, '2948103291'),
       ('2021', 0, '2', NULL, 6, '2184994901'),
       ('2020', 0, '3', NULL, 3, '2456696629'),
       ('2021', 0, '2', NULL, 1, '2650713895'),
       ('2022', 0, '2', NULL, 7, '2081125420'),
       ('2019', 0, '4', NULL, 7, '2813158123'),
       ('2023', 0, '2', NULL, 6, '2462529988'),
       ('2021', 0, '3', NULL, 4, '1465845741'),
       ('2023', 0, '2', NULL, 6, '1299183877'),
       ('2023', 0, '2', NULL, 6, '1315870491'),
       ('2021', 0, '5', NULL, 2, '2913183337'),
       ('2023', 0, '1', NULL, 4, '1683477299'),
       ('2022', 0, '4', NULL, 3, '1927981791'),
       ('2018', 0, '4', NULL, 7, '1828420942'),
       ('2018', 0, '3', NULL, 8, '2614963345'),
       ('2022', 0, '4', NULL, 7, '2934326258'),
       ('2019', 0, '5', NULL, 6, '2483250944'),
       ('2020', 0, '2', NULL, 7, '1606517966'),
       ('2023', 0, '1', NULL, 7, '2699914781'),
       ('2022', 0, '4', NULL, 5, '2185880310'),
       ('2019', 0, '3', NULL, 6, '1694945299'),
       ('2020', 0, '2', NULL, 3, '2933720926'),
       ('2022', 0, '2', NULL, 6, '1413201659'),
       ('2018', 0, '3', NULL, 7, '2779898237'),
       ('2022', 0, '3', NULL, 4, '1143663690'),
       ('2019', 0, '5', NULL, 3, '1950761357'),
       ('2018', 0, '5', NULL, 7, '2753305298'),
       ('2022', 0, '4', NULL, 5, '2641567138'),
       ('2022', 0, '3', NULL, 5, '2128101402'),
       ('2022', 0, '5', NULL, 3, '1046303673'),
       ('2020', 0, '4', NULL, 9, '1278620553'),
       ('2018', 0, '4', NULL, 3, '2185880310'),
       ('2020', 0, '3', NULL, 7, '2250359577'),
       ('2018', 0, '3', NULL, 9, '1607296817'),
       ('2021', 0, '4', NULL, 8, '1911275421'),
       ('2021', 0, '4', NULL, 4, '2991981430'),
       ('2021', 0, '2', NULL, 6, '2185880310'),
       ('2020', 0, '3', NULL, 7, '3123854395'),
       ('2020', 0, '4', NULL, 3, '1590485167'),
       ('2022', 0, '4', NULL, 8, '2929270155'),
       ('2020', 0, '3', NULL, 2, '2447109410'),
       ('2021', 0, '5', NULL, 1, '1766078120'),
       ('2018', 0, '2', NULL, 10, '1401740026'),
       ('2020', 0, '5', NULL, 3, '1676834025'),
       ('2022', 0, '2', NULL, 7, '2205317019'),
       ('2021', 0, '5', NULL, 2, '1767046011'),
       ('2020', 0, '1', NULL, 8, '1787657440'),
       ('2020', 0, '4', NULL, 2, '2086214333'),
       ('2020', 0, '1', NULL, 5, '1046925037'),
       ('2019', 0, '4', NULL, 6, '1900324294'),
       ('2018', 0, '3', NULL, 3, '1505656088'),
       ('2020', 0, '5', NULL, 7, '1863683888'),
       ('2018', 0, '4', NULL, 8, '2381573051'),
       ('2021', 0, '3', NULL, 5, '1661748892'),
       ('2018', 0, '3', NULL, 3, '1998991029'),
       ('2022', 0, '3', NULL, 8, '2608174216'),
       ('2021', 0, '2', NULL, 8, '1696813074'),
       ('2019', 0, '2', NULL, 7, '3001579334'),
       ('2020', 0, '5', NULL, 4, '1738649434'),
       ('2022', 0, '1', NULL, 9, '1564898725'),
       ('2018', 0, '2', NULL, 5, '3091778989'),
       ('2023', 0, '3', NULL, 9, '2047827335'),
       ('2022', 0, '3', NULL, 6, '2408588735'),
       ('2021', 0, '2', NULL, 4, '1766133742'),
       ('2022', 0, '3', NULL, 6, '3118369023'),
       ('2023', 0, '2', NULL, 6, '2318389240'),
       ('2023', 0, '4', NULL, 8, '1911275421'),
       ('2018', 0, '5', NULL, 5, '1884405325'),
       ('2020', 0, '2', NULL, 9, '1188638120'),
       ('2021', 0, '5', NULL, 3, '1626564697'),
       ('2021', 0, '4', NULL, 5, '2052418777'),
       ('2021', 0, '2', NULL, 6, '2614963345'),
       ('2018', 0, '4', NULL, 5, '2099250641'),
       ('2018', 0, '3', NULL, 8, '1572632406'),
       ('2022', 0, '4', NULL, 5, '2089293565'),
       ('2022', 0, '4', NULL, 5, '2131461895'),
       ('2019', 0, '2', NULL, 2, '2213358752'),
       ('2021', 0, '3', NULL, 2, '1446653457'),
       ('2018', 0, '1', NULL, 2, '1321512501'),
       ('2023', 0, '3', NULL, 1, '3138408817'),
       ('2019', 0, '1', NULL, 8, '2028367204'),
       ('2018', 0, '2', NULL, 5, '2161221803'),
       ('2019', 0, '3', NULL, 9, '1766078120'),
       ('2020', 0, '5', NULL, 8, '2391508122'),
       ('2023', 0, '2', NULL, 4, '2549850897'),
       ('2023', 0, '3', NULL, 9, '2250359577'),
       ('2023', 0, '4', NULL, 6, '2038049914'),
       ('2019', 0, '5', NULL, 6, '1991076697'),
       ('2020', 0, '5', NULL, 3, '1430095344'),
       ('2021', 0, '3', NULL, 5, '1701443157'),
       ('2023', 0, '4', NULL, 5, '2613637286'),
       ('2020', 0, '3', NULL, 6, '2184994901'),
       ('2023', 0, '5', NULL, 9, '1905139210'),
       ('2021', 0, '3', NULL, 6, '1668188044'),
       ('2023', 0, '5', NULL, 6, '1632849886'),
       ('2021', 0, '3', NULL, 3, '1373239634'),
       ('2022', 0, '3', NULL, 3, '2555925315'),
       ('2021', 0, '2', NULL, 4, '2044269317'),
       ('2018', 0, '2', NULL, 1, '1923482380'),
       ('2020', 0, '3', NULL, 9, '2198907505'),
       ('2023', 0, '4', NULL, 7, '1976998625'),
       ('2020', 0, '5', NULL, 4, '2699914781'),
       ('2021', 0, '3', NULL, 4, '2541266726'),
       ('2020', 0, '3', NULL, 8, '2488893973'),
       ('2021', 0, '2', NULL, 2, '1907545968'),
       ('2022', 0, '1', NULL, 5, '2678712661'),
       ('2020', 0, '4', NULL, 9, '2999711233'),
       ('2018', 0, '1', NULL, 1, '2963472402'),
       ('2018', 0, '2', NULL, 4, '1580955927'),
       ('2019', 0, '1', NULL, 8, '1728180299'),
       ('2020', 0, '2', NULL, 8, '2271134889'),
       ('2020', 0, '3', NULL, 3, '1538235101'),
       ('2020', 0, '3', NULL, 9, '1757374750'),
       ('2022', 0, '5', NULL, 6, '2253361078'),
       ('2021', 0, '4', NULL, 7, '2545728959'),
       ('2023', 0, '2', NULL, 8, '2876222879'),
       ('2023', 0, '4', NULL, 5, '2208507975'),
       ('2022', 0, '2', NULL, 5, '2707436795'),
       ('2019', 0, '2', NULL, 1, '1413201659'),
       ('2022', 0, '2', NULL, 9, '2304898615'),
       ('2022', 0, '2', NULL, 10, '2573145170'),
       ('2019', 0, '5', NULL, 10, '1211641454'),
       ('2018', 0, '1', NULL, 5, '2396210169'),
       ('2021', 0, '5', NULL, 3, '3123015069'),
       ('2021', 0, '5', NULL, 7, '1632849886'),
       ('2020', 0, '1', NULL, 6, '2033403989'),
       ('2019', 0, '2', NULL, 9, '2573145170'),
       ('2018', 0, '3', NULL, 4, '2462312772'),
       ('2019', 0, '4', NULL, 8, '1607296817'),
       ('2022', 0, '1', NULL, 8, '1038853989'),
       ('2019', 0, '2', NULL, 3, '1632849886'),
       ('2018', 0, '3', NULL, 3, '1783787283'),
       ('2018', 0, '3', NULL, 6, '1657422775'),
       ('2020', 0, '2', NULL, 6, '2019061357'),
       ('2019', 0, '2', NULL, 7, '3118793059'),
       ('2018', 0, '5', NULL, 8, '1296519340'),
       ('2023', 0, '2', NULL, 9, '2564002970'),
       ('2018', 0, '1', NULL, 3, '1385298149'),
       ('2023', 0, '3', NULL, 5, '1849560885'),
       ('2022', 0, '4', NULL, 10, '1988138262'),
       ('2019', 0, '3', NULL, 8, '1742185274'),
       ('2019', 0, '5', NULL, 8, '1388412082'),
       ('2023', 0, '2', NULL, 9, '1846416074'),
       ('2021', 0, '3', NULL, 6, '2749418689'),
       ('2021', 0, '4', NULL, 5, '2502096648'),
       ('2020', 0, '4', NULL, 3, '2488796213'),
       ('2021', 0, '2', NULL, 6, '1514564197'),
       ('2020', 0, '3', NULL, 2, '1271836641'),
       ('2018', 0, '5', NULL, 9, '1045084079'),
       ('2023', 0, '2', NULL, 1, '2577516948'),
       ('2018', 0, '3', NULL, 4, '2132288368'),
       ('2021', 0, '3', NULL, 2, '1011873347'),
       ('2020', 0, '4', NULL, 10, '1207893154'),
       ('2023', 0, '3', NULL, 8, '2462529988'),
       ('2020', 0, '3', NULL, 3, '2047827335'),
       ('2021', 0, '3', NULL, 2, '1445397933'),
       ('2021', 0, '5', NULL, 9, '2937219120'),
       ('2023', 0, '3', NULL, 10, '2912110417'),
       ('2020', 0, '5', NULL, 6, '2003372061'),
       ('2020', 0, '4', NULL, 3, '1998991029'),
       ('2023', 0, '5', NULL, 5, '1297163136'),
       ('2019', 0, '3', NULL, 2, '1710918293'),
       ('2019', 0, '3', NULL, 4, '2657614480'),
       ('2022', 0, '4', NULL, 7, '2759952834'),
       ('2021', 0, '4', NULL, 3, '2830759521'),
       ('2019', 0, '1', NULL, 6, '1978154873'),
       ('2018', 0, '5', NULL, 10, '1211641454'),
       ('2023', 0, '3', NULL, 1, '2253361078'),
       ('2018', 0, '3', NULL, 7, '3109245068'),
       ('2019', 0, '4', NULL, 3, '2671992641'),
       ('2020', 0, '2', NULL, 2, '1083529400'),
       ('2019', 0, '4', NULL, 9, '1787657440'),
       ('2020', 0, '1', NULL, 1, '3123697891'),
       ('2022', 0, '3', NULL, 8, '1738649434'),
       ('2023', 0, '1', NULL, 7, '2371831030'),
       ('2021', 0, '5', NULL, 5, '1672152481'),
       ('2020', 0, '3', NULL, 2, '1413201659'),
       ('2022', 0, '5', NULL, 3, '2391508122'),
       ('2021', 0, '2', NULL, 5, '2735865373'),
       ('2019', 0, '4', NULL, 1, '1806272161'),
       ('2022', 0, '3', NULL, 10, '2608679950'),
       ('2021', 0, '5', NULL, 6, '1031358786'),
       ('2021', 0, '3', NULL, 9, '2630493635'),
       ('2023', 0, '2', NULL, 1, '2739328882'),
       ('2021', 0, '3', NULL, 7, '1564898725'),
       ('2023', 0, '4', NULL, 3, '2215434370'),
       ('2019', 0, '3', NULL, 6, '1685146550'),
       ('2019', 0, '3', NULL, 3, '2100512349'),
       ('2020', 0, '4', NULL, 4, '2314622201'),
       ('2020', 0, '4', NULL, 3, '1561988215'),
       ('2019', 0, '5', NULL, 8, '2154729466'),
       ('2023', 0, '4', NULL, 1, '2166828358'),
       ('2019', 0, '3', NULL, 10, '1557704652'),
       ('2020', 0, '3', NULL, 3, '1005772359'),
       ('2021', 0, '2', NULL, 8, '2096665934'),
       ('2020', 0, '3', NULL, 8, '2983337533'),
       ('2023', 0, '4', NULL, 7, '1709422804'),
       ('2021', 0, '3', NULL, 8, '1898793745'),
       ('2020', 0, '4', NULL, 5, '1041736492'),
       ('2019', 0, '3', NULL, 10, '1861872901'),
       ('2019', 0, '4', NULL, 3, '2005853435'),
       ('2022', 0, '2', NULL, 8, '1365106995'),
       ('2018', 0, '1', NULL, 6, '2638222373'),
       ('2019', 0, '3', NULL, 8, '1669722854'),
       ('2023', 0, '1', NULL, 8, '2071113449'),
       ('2023', 0, '3', NULL, 6, '1032407086'),
       ('2019', 0, '2', NULL, 4, '1997403407'),
       ('2021', 0, '2', NULL, 10, '1189765576'),
       ('2022', 0, '4', NULL, 4, '2450986863'),
       ('2021', 0, '4', NULL, 2, '1159515602'),
       ('2019', 0, '4', NULL, 5, '2617824439'),
       ('2023', 0, '1', NULL, 4, '1748333109'),
       ('2019', 0, '5', NULL, 9, '1701443157'),
       ('2020', 0, '2', NULL, 3, '1667945744'),
       ('2022', 0, '2', NULL, 6, '2630493635'),
       ('2019', 0, '2', NULL, 1, '1975434532'),
       ('2022', 0, '1', NULL, 8, '2146535345'),
       ('2022', 0, '4', NULL, 3, '2483250944'),
       ('2018', 0, '2', NULL, 5, '2111004059'),
       ('2023', 0, '3', NULL, 5, '2240911586'),
       ('2018', 0, '3', NULL, 3, '1488957507'),
       ('2022', 0, '3', NULL, 5, '1439514663'),
       ('2018', 0, '5', NULL, 5, '1988138262'),
       ('2023', 0, '4', NULL, 3, '2261933882'),
       ('2018', 0, '4', NULL, 6, '1278620553'),
       ('2020', 0, '1', NULL, 7, '1557704652'),
       ('2023', 0, '4', NULL, 7, '2381573051'),
       ('2021', 0, '4', NULL, 7, '2568767704'),
       ('2021', 0, '5', NULL, 5, '2233138124'),
       ('2018', 0, '4', NULL, 4, '1959522660'),
       ('2023', 0, '2', NULL, 6, '3051066014'),
       ('2022', 0, '4', NULL, 9, '1332562569'),
       ('2022', 0, '3', NULL, 2, '2487576090'),
       ('2023', 0, '1', NULL, 5, '1423284658'),
       ('2019', 0, '3', NULL, 9, '2780735158'),
       ('2019', 0, '2', NULL, 3, '3012492005'),
       ('2023', 0, '2', NULL, 4, '1263225371'),
       ('2020', 0, '2', NULL, 9, '2830759521'),
       ('2018', 0, '1', NULL, 8, '1321512501'),
       ('2022', 0, '4', NULL, 1, '2204663433'),
       ('2020', 0, '4', NULL, 8, '2047827335'),
       ('2019', 0, '3', NULL, 8, '2947509711'),
       ('2022', 0, '1', NULL, 3, '1650427775'),
       ('2019', 0, '3', NULL, 9, '2071634781'),
       ('2021', 0, '4', NULL, 4, '1031358786'),
       ('2019', 0, '3', NULL, 8, '1479722733'),
       ('2022', 0, '2', NULL, 9, '2538727121'),
       ('2021', 0, '1', NULL, 6, '1296519340'),
       ('2018', 0, '5', NULL, 9, '1997403407'),
       ('2018', 0, '1', NULL, 2, '2146535345'),
       ('2018', 0, '4', NULL, 2, '1041450877'),
       ('2023', 0, '4', NULL, 2, '2234724305'),
       ('2019', 0, '2', NULL, 7, '2779898237'),
       ('2019', 0, '2', NULL, 4, '2041116339'),
       ('2018', 0, '3', NULL, 1, '2538727121'),
       ('2019', 0, '2', NULL, 4, '1663866841'),
       ('2021', 0, '3', NULL, 4, '1955679779'),
       ('2020', 0, '3', NULL, 3, '1219959288'),
       ('2021', 0, '2', NULL, 2, '1458713248'),
       ('2020', 0, '1', NULL, 1, '2021688427'),
       ('2023', 0, '2', NULL, 1, '2337225032'),
       ('2020', 0, '2', NULL, 8, '2653135058'),
       ('2019', 0, '5', NULL, 2, '2300497811'),
       ('2018', 0, '3', NULL, 9, '1914182413'),
       ('2023', 0, '2', NULL, 9, '1626564697'),
       ('2018', 0, '1', NULL, 10, '1814232820'),
       ('2023', 0, '4', NULL, 8, '2228303112'),
       ('2019', 0, '2', NULL, 8, '1041736492'),
       ('2020', 0, '3', NULL, 5, '1208483182'),
       ('2020', 0, '4', NULL, 1, '2219262961'),
       ('2019', 0, '3', NULL, 9, '3056777928'),
       ('2019', 0, '3', NULL, 2, '2617824439'),
       ('2021', 0, '3', NULL, 4, '1538235101'),
       ('2023', 0, '2', NULL, 7, '2941330349'),
       ('2023', 0, '3', NULL, 9, '2759952834'),
       ('2019', 0, '4', NULL, 3, '1631124318'),
       ('2018', 0, '3', NULL, 3, '2005853435'),
       ('2021', 0, '4', NULL, 9, '2564161487'),
       ('2023', 0, '2', NULL, 8, '3056777928'),
       ('2018', 0, '4', NULL, 2, '2439285648'),
       ('2023', 0, '4', NULL, 9, '2483250944'),
       ('2020', 0, '2', NULL, 9, '2631676509'),
       ('2019', 0, '3', NULL, 2, '1867724189'),
       ('2023', 0, '4', NULL, 8, '2089658218'),
       ('2022', 0, '2', NULL, 9, '2699914781'),
       ('2019', 0, '5', NULL, 10, '2216490444'),
       ('2018', 0, '1', NULL, 8, '2183691141'),
       ('2022', 0, '3', NULL, 6, '3016091476'),
       ('2021', 0, '3', NULL, 2, '1643850362'),
       ('2018', 0, '4', NULL, 7, '1649593152'),
       ('2023', 0, '4', NULL, 7, '3009094017'),
       ('2020', 0, '3', NULL, 5, '2052418777'),
       ('2018', 0, '4', NULL, 8, '2493722562'),
       ('2018', 0, '4', NULL, 4, '2735865373'),
       ('2020', 0, '2', NULL, 9, '2079045374'),
       ('2018', 0, '2', NULL, 6, '1138237033'),
       ('2020', 0, '3', NULL, 5, '2955834599'),
       ('2018', 0, '4', NULL, 8, '1480156570'),
       ('2019', 0, '2', NULL, 5, '2933454676'),
       ('2022', 0, '4', NULL, 3, '1388579143'),
       ('2019', 0, '5', NULL, 9, '1656496854'),
       ('2021', 0, '4', NULL, 5, '2995496451'),
       ('2018', 0, '3', NULL, 2, '1735028908'),
       ('2018', 0, '5', NULL, 4, '1891889574'),
       ('2022', 0, '1', NULL, 7, '1589685313'),
       ('2020', 0, '5', NULL, 6, '2647175269'),
       ('2023', 0, '4', NULL, 5, '1143663690'),
       ('2019', 0, '4', NULL, 4, '2934403127'),
       ('2020', 0, '4', NULL, 2, '2603036363'),
       ('2018', 0, '4', NULL, 10, '1045084079'),
       ('2023', 0, '1', NULL, 5, '1259040497'),
       ('2018', 0, '4', NULL, 7, '2903090526'),
       ('2021', 0, '2', NULL, 8, '2397182750'),
       ('2023', 0, '5', NULL, 8, '1541988354'),
       ('2021', 0, '5', NULL, 1, '2535160397'),
       ('2021', 0, '4', NULL, 9, '2999195657'),
       ('2023', 0, '2', NULL, 10, '1083529400'),
       ('2022', 0, '5', NULL, 6, '1218764373'),
       ('2021', 0, '4', NULL, 9, '1577416464'),
       ('2019', 0, '4', NULL, 5, '2826938596'),
       ('2022', 0, '5', NULL, 2, '2215434370'),
       ('2018', 0, '2', NULL, 9, '3036991558'),
       ('2018', 0, '5', NULL, 7, '1814232820'),
       ('2020', 0, '3', NULL, 2, '2290047132'),
       ('2018', 0, '2', NULL, 2, '1542379799'),
       ('2020', 0, '3', NULL, 4, '1290513124'),
       ('2020', 0, '1', NULL, 7, '2041116339'),
       ('2020', 0, '5', NULL, 2, '3107414589'),
       ('2020', 0, '4', NULL, 3, '2941330349'),
       ('2018', 0, '4', NULL, 2, '2989942298'),
       ('2021', 0, '2', NULL, 7, '1928611833'),
       ('2023', 0, '1', NULL, 6, '1069281062'),
       ('2022', 0, '4', NULL, 1, '1667945744'),
       ('2021', 0, '5', NULL, 6, '1138532389'),
       ('2019', 0, '4', NULL, 2, '3036991558'),
       ('2023', 0, '2', NULL, 8, '2950490589'),
       ('2020', 0, '4', NULL, 4, '2100512349'),
       ('2022', 0, '2', NULL, 7, '2832896985'),
       ('2022', 0, '2', NULL, 4, '2893081288'),
       ('2019', 0, '4', NULL, 9, '2218457767'),
       ('2022', 0, '1', NULL, 8, '2642077827'),
       ('2018', 0, '2', NULL, 4, '1256916668'),
       ('2018', 0, '2', NULL, 3, '1694259031'),
       ('2020', 0, '4', NULL, 7, '1746166032'),
       ('2023', 0, '4', NULL, 8, '1480156570'),
       ('2018', 0, '1', NULL, 8, '1510692686'),
       ('2023', 0, '4', NULL, 7, '1775684725'),
       ('2019', 0, '3', NULL, 7, '2395307619'),
       ('2023', 0, '2', NULL, 3, '2128088242'),
       ('2020', 0, '3', NULL, 2, '2402428731'),
       ('2020', 0, '2', NULL, 6, '2099250641'),
       ('2021', 0, '2', NULL, 6, '2523712405'),
       ('2021', 0, '4', NULL, 5, '1589685313'),
       ('2019', 0, '2', NULL, 8, '2780735158'),
       ('2021', 0, '4', NULL, 5, '2684230697'),
       ('2023', 0, '5', NULL, 1, '2808080940'),
       ('2023', 0, '4', NULL, 9, '2943239368'),
       ('2019', 0, '5', NULL, 4, '1266252378'),
       ('2023', 0, '2', NULL, 10, '1857410820'),
       ('2019', 0, '2', NULL, 9, '1896256687'),
       ('2020', 0, '2', NULL, 2, '1864072449'),
       ('2023', 0, '1', NULL, 9, '1720376932'),
       ('2021', 0, '1', NULL, 5, '1451381148'),
       ('2021', 0, '5', NULL, 6, '2770749175'),
       ('2018', 0, '3', NULL, 4, '2968490206'),
       ('2023', 0, '3', NULL, 7, '1076606551'),
       ('2020', 0, '2', NULL, 4, '1259616469'),
       ('2021', 0, '2', NULL, 5, '1005772359'),
       ('2023', 0, '3', NULL, 4, '1663866841'),
       ('2019', 0, '1', NULL, 3, '2730776200'),
       ('2021', 0, '2', NULL, 8, '1412913755'),
       ('2020', 0, '4', NULL, 3, '2545728959'),
       ('2023', 0, '3', NULL, 5, '2295790202'),
       ('2020', 0, '3', NULL, 10, '2741977850'),
       ('2023', 0, '2', NULL, 6, '1738649434'),
       ('2022', 0, '3', NULL, 5, '1757374750'),
       ('2018', 0, '2', NULL, 4, '1860249553'),
       ('2023', 0, '3', NULL, 2, '1846416074'),
       ('2018', 0, '3', NULL, 1, '1126974710'),
       ('2020', 0, '3', NULL, 8, '1846416074'),
       ('2021', 0, '3', NULL, 2, '2487576090'),
       ('2020', 0, '1', NULL, 9, '2348348914'),
       ('2018', 0, '3', NULL, 5, '1674429015'),
       ('2023', 0, '2', NULL, 6, '1207893154'),
       ('2022', 0, '4', NULL, 6, '2740015658'),
       ('2022', 0, '3', NULL, 9, '2577516948'),
       ('2019', 0, '2', NULL, 8, '2615762444'),
       ('2022', 0, '2', NULL, 8, '2731256401'),
       ('2020', 0, '3', NULL, 5, '1550519839'),
       ('2019', 0, '3', NULL, 1, '1672683903'),
       ('2018', 0, '2', NULL, 4, '1972420767'),
       ('2023', 0, '3', NULL, 5, '2364201335'),
       ('2022', 0, '2', NULL, 2, '1269434019'),
       ('2018', 0, '4', NULL, 3, '1710918293'),
       ('2021', 0, '3', NULL, 7, '1464009640'),
       ('2023', 0, '2', NULL, 4, '1837204475'),
       ('2019', 0, '1', NULL, 7, '2887957957'),
       ('2020', 0, '4', NULL, 1, '1243116584'),
       ('2021', 0, '3', NULL, 3, '2243929882'),
       ('2022', 0, '3', NULL, 6, '2121718348'),
       ('2018', 0, '2', NULL, 7, '2068575247'),
       ('2018', 0, '1', NULL, 7, '1341643821'),
       ('2018', 0, '5', NULL, 8, '2624365846'),
       ('2018', 0, '3', NULL, 7, '2264893003'),
       ('2018', 0, '3', NULL, 6, '2906913031'),
       ('2019', 0, '1', NULL, 9, '1446653457'),
       ('2022', 0, '5', NULL, 5, '3118793059'),
       ('2018', 0, '1', NULL, 3, '1657422775'),
       ('2023', 0, '3', NULL, 6, '1819345226'),
       ('2018', 0, '3', NULL, 6, '2082551390'),
       ('2020', 0, '1', NULL, 7, '1299383328'),
       ('2022', 0, '4', NULL, 4, '1296519340'),
       ('2019', 0, '3', NULL, 4, '2680596938'),
       ('2018', 0, '4', NULL, 4, '2749418689'),
       ('2019', 0, '2', NULL, 3, '2177101478'),
       ('2021', 0, '1', NULL, 6, '2874605946'),
       ('2018', 0, '1', NULL, 6, '1086352413'),
       ('2022', 0, '1', NULL, 10, '1465845741'),
       ('2021', 0, '4', NULL, 9, '1701443157'),
       ('2021', 0, '4', NULL, 6, '2450986863'),
       ('2021', 0, '4', NULL, 8, '1406619081'),
       ('2021', 0, '3', NULL, 7, '2671731213'),
       ('2019', 0, '3', NULL, 10, '1304268707'),
       ('2019', 0, '5', NULL, 6, '2212317069'),
       ('2022', 0, '3', NULL, 7, '2015526339'),
       ('2020', 0, '2', NULL, 10, '2680596938'),
       ('2021', 0, '1', NULL, 3, '2977890846'),
       ('2023', 0, '1', NULL, 6, '2094927988'),
       ('2019', 0, '5', NULL, 7, '3118369023'),
       ('2019', 0, '3', NULL, 2, '3017872765'),
       ('2021', 0, '4', NULL, 8, '3090754934'),
       ('2022', 0, '3', NULL, 9, '2684230697'),
       ('2023', 0, '3', NULL, 1, '2686357968'),
       ('2022', 0, '3', NULL, 1, '2462529988'),
       ('2020', 0, '2', NULL, 5, '1005750065'),
       ('2021', 0, '4', NULL, 9, '2082551390'),
       ('2023', 0, '4', NULL, 7, '1303095925'),
       ('2022', 0, '4', NULL, 8, '2082551390'),
       ('2022', 0, '5', NULL, 2, '1629550230'),
       ('2021', 0, '3', NULL, 2, '1143663690'),
       ('2019', 0, '1', NULL, 10, '1797717032'),
       ('2021', 0, '2', NULL, 10, '1036217391'),
       ('2020', 0, '2', NULL, 8, '2612424768'),
       ('2019', 0, '5', NULL, 4, '1668811412'),
       ('2022', 0, '3', NULL, 6, '2738596629'),
       ('2020', 0, '3', NULL, 4, '2497088725'),
       ('2018', 0, '2', NULL, 10, '1867724189'),
       ('2021', 0, '1', NULL, 8, '2931159763'),
       ('2021', 0, '4', NULL, 7, '2968490206'),
       ('2022', 0, '4', NULL, 3, '1211641454'),
       ('2021', 0, '2', NULL, 6, '2845675835'),
       ('2019', 0, '2', NULL, 7, '2154729466'),
       ('2019', 0, '4', NULL, 7, '1077172768'),
       ('2023', 0, '4', NULL, 2, '2456696629'),
       ('2018', 0, '3', NULL, 2, '2532632910'),
       ('2020', 0, '5', NULL, 2, '3089915047'),
       ('2019', 0, '4', NULL, 2, '2439285648'),
       ('2022', 0, '3', NULL, 5, '2359776499'),
       ('2018', 0, '5', NULL, 3, '1891046536'),
       ('2018', 0, '2', NULL, 8, '2063030453'),
       ('2021', 0, '4', NULL, 6, '2744466873'),
       ('2022', 0, '3', NULL, 4, '2665053289'),
       ('2023', 0, '1', NULL, 7, '1718765004'),
       ('2022', 0, '3', NULL, 1, '2874605946'),
       ('2022', 0, '3', NULL, 10, '1449742965'),
       ('2021', 0, '5', NULL, 6, '1374109645'),
       ('2018', 0, '2', NULL, 8, '2317028417'),
       ('2021', 0, '1', NULL, 4, '2573145170'),
       ('2022', 0, '4', NULL, 2, '1143663690'),
       ('2021', 0, '4', NULL, 7, '2234724305'),
       ('2022', 0, '3', NULL, 1, '1748716646'),
       ('2019', 0, '2', NULL, 3, '2880018847'),
       ('2023', 0, '1', NULL, 5, '3107414589'),
       ('2020', 0, '1', NULL, 10, '1631124318'),
       ('2021', 0, '2', NULL, 6, '2741732805'),
       ('2022', 0, '4', NULL, 10, '2222536545'),
       ('2022', 0, '3', NULL, 2, '2650713895'),
       ('2020', 0, '4', NULL, 10, '2890983142'),
       ('2020', 0, '5', NULL, 5, '2801562136'),
       ('2018', 0, '4', NULL, 8, '2095575373'),
       ('2021', 0, '4', NULL, 3, '2301685233'),
       ('2019', 0, '2', NULL, 9, '2447109410'),
       ('2021', 0, '1', NULL, 5, '1510692686'),
       ('2021', 0, '5', NULL, 4, '1276966262'),
       ('2021', 0, '4', NULL, 3, '2208507975'),
       ('2021', 0, '2', NULL, 8, '2296360531'),
       ('2018', 0, '5', NULL, 3, '2450986863'),
       ('2020', 0, '5', NULL, 7, '1032208022'),
       ('2023', 0, '4', NULL, 8, '1214503008'),
       ('2022', 0, '3', NULL, 7, '2735865373'),
       ('2022', 0, '3', NULL, 7, '2089658218');

# INSERT INTO 旅游线路_旅游时间段_旅游信息
# 旅游线路_id 旅游时间段_id 旅游信息_id
#   1-10        1-30     1-1000
# 每个旅游信息都有且仅有一个该表的记录