USE tour;

INSERT INTO 总公司 (总公司名) VALUES ('ABC Travel Company');

INSERT INTO 旅游分公司 (分公司名, 总公司_id) VALUES ('分公司A', 1);

INSERT INTO 旅游分公司 (分公司名, 总公司_id) VALUES ('分公司B', 1);

INSERT INTO 旅游分公司 (分公司名, 总公司_id) VALUES ('分公司C', 1);

INSERT INTO 旅游分公司 (分公司名, 总公司_id) VALUES ('分公司D', 1);

INSERT INTO 旅游分公司 (分公司名, 总公司_id) VALUES ('分公司E', 1);

INSERT INTO 旅游分公司 (分公司名, 总公司_id) VALUES ('分公司F', 1);

INSERT INTO 旅游分公司 (分公司名, 总公司_id) VALUES ('分公司G', 1);

INSERT INTO 旅游分公司 (分公司名, 总公司_id) VALUES ('分公司H', 1);

INSERT INTO 旅游分公司 (分公司名, 总公司_id) VALUES ('分公司I', 1);

INSERT INTO 旅游分公司 (分公司名, 总公司_id) VALUES ('分公司J', 1);

INSERT INTO 身份信息 (身份证号, 姓名, 工作单位, 职业) VALUES ('1003773759', 'Noah', 'Travel Agency A', 'travel manager');

INSERT INTO 身份信息 (身份证号, 姓名, 工作单位, 职业) VALUES ('1005750065', 'Emma', 'Travel Agency B', 'travel manager');

INSERT INTO 身份信息 (身份证号, 姓名, 工作单位, 职业) VALUES ('1005772359', 'Olivia', 'Travel Agency C', 'travel manager');

INSERT INTO 身份信息 (身份证号, 姓名, 工作单位, 职业) VALUES ('1007356365', 'Liam', 'Travel Agency D', 'travel manager');

INSERT INTO 身份信息 (身份证号, 姓名, 工作单位, 职业) VALUES ('1011873347', 'Olivia', 'Travel Agency E', 'travel manager');

INSERT INTO 身份信息 (身份证号, 姓名, 工作单位, 职业) VALUES ('1012477284', 'Joh', 'Travel Agency F', 'travel manager');

INSERT INTO 身份信息 (身份证号, 姓名, 工作单位, 职业) VALUES ('1021372339', 'Mary', 'Travel Agency G', 'travel manager');

INSERT INTO 身份信息 (身份证号, 姓名, 工作单位, 职业) VALUES ('1031358786', 'Joh', 'Travel Agency H', 'travel manager');

INSERT INTO 身份信息 (身份证号, 姓名, 工作单位, 职业) VALUES ('1032208022', 'Joh', 'Travel Agency I', 'travel manager');

INSERT INTO 身份信息 (身份证号, 姓名, 工作单位, 职业) VALUES ('1032407086', 'Mary', 'Travel Agency J', 'travel manager');

INSERT INTO 身份信息 (身份证号, 姓名, 工作单位, 职业) VALUES ('1035555550', 'Olivia', 'Travel Agency A', 'travel officer');

INSERT INTO 身份信息 (身份证号, 姓名, 工作单位, 职业) VALUES ('1036217391', 'Noah', 'Travel Agency A', 'travel officer');

INSERT INTO 身份信息 (身份证号, 姓名, 工作单位, 职业) VALUES ('1038853989', 'Liam', 'Travel Agency B', 'travel officer');

INSERT INTO 身份信息 (身份证号, 姓名, 工作单位, 职业) VALUES ('1039800029', 'Sophia', 'Travel Agency B', 'travel officer');

INSERT INTO 身份信息 (身份证号, 姓名, 工作单位, 职业) VALUES ('1040254104', 'Noah', 'Travel Agency C', 'travel officer');

INSERT INTO 身份信息 (身份证号, 姓名, 工作单位, 职业) VALUES ('1041450877', 'Olivia', 'Travel Agency C', 'travel officer');

INSERT INTO 身份信息 (身份证号, 姓名, 工作单位, 职业) VALUES ('1041736492', 'Liam', 'Travel Agency D', 'travel officer');

INSERT INTO 身份信息 (身份证号, 姓名, 工作单位, 职业) VALUES ('1043694265', 'Joh', 'Travel Agency D', 'travel officer');

INSERT INTO 身份信息 (身份证号, 姓名, 工作单位, 职业) VALUES ('1045084079', 'Olivia', 'Travel Agency E', 'travel officer');

INSERT INTO 身份信息 (身份证号, 姓名, 工作单位, 职业) VALUES ('1046303673', 'Olivia', 'Travel Agency E', 'travel officer');

INSERT INTO 身份信息 (身份证号, 姓名, 工作单位, 职业) VALUES ('1046925037', 'Mary', 'Travel Agency F', 'travel officer');

INSERT INTO 身份信息 (身份证号, 姓名, 工作单位, 职业) VALUES ('1048125202', 'Liam', 'Travel Agency F', 'travel officer');

INSERT INTO 身份信息 (身份证号, 姓名, 工作单位, 职业) VALUES ('1049225981', 'Olivia', 'Travel Agency G', 'travel officer');

INSERT INTO 身份信息 (身份证号, 姓名, 工作单位, 职业) VALUES ('1051317239', 'William', 'Travel Agency G', 'travel officer');

INSERT INTO 身份信息 (身份证号, 姓名, 工作单位, 职业) VALUES ('1054413360', 'Sophia', 'Travel Agency H', 'travel officer');

INSERT INTO 身份信息 (身份证号, 姓名, 工作单位, 职业) VALUES ('1058707520', 'Joh', 'Travel Agency H', 'travel officer');

INSERT INTO 身份信息 (身份证号, 姓名, 工作单位, 职业) VALUES ('1062174013', 'Olivia', 'Travel Agency I', 'travel officer');

INSERT INTO 身份信息 (身份证号, 姓名, 工作单位, 职业) VALUES ('1063782783', 'Olivia', 'Travel Agency I', 'travel officer');

INSERT INTO 身份信息 (身份证号, 姓名, 工作单位, 职业) VALUES ('1066392595', 'Isabella', 'Travel Agency J', 'travel officer');

INSERT INTO 身份信息 (身份证号, 姓名, 工作单位, 职业) VALUES ('1069281062', 'William', 'Travel Agency J', 'travel officer');

INSERT INTO 身份信息 (身份证号, 姓名, 工作单位, 职业) VALUES ('1070061626', 'William', 'Info Systems', 'Manager');

INSERT INTO 身份信息 (身份证号, 姓名, 工作单位, 职业) VALUES ('1073140077', 'Mary', 'Byte Solutions', 'Writer');

INSERT INTO 身份信息 (身份证号, 姓名, 工作单位, 职业) VALUES ('1073256974', 'Sophia', 'Data Works', 'Writer');

INSERT INTO 身份信息 (身份证号, 姓名, 工作单位, 职业) VALUES ('1074933336', 'James', 'Info Systems', 'Accountant');

INSERT INTO 身份信息 (身份证号, 姓名, 工作单位, 职业) VALUES ('1076606551', 'Isabella', 'Byte Solutions', 'Teacher');

INSERT INTO 身份信息 (身份证号, 姓名, 工作单位, 职业) VALUES ('1077172768', 'Emma', 'Data Works', 'Chef');

INSERT INTO 身份信息 (身份证号, 姓名, 工作单位, 职业) VALUES ('1083529400', 'Mary', 'Byte Solutions', 'Chef');

INSERT INTO 身份信息 (身份证号, 姓名, 工作单位, 职业) VALUES ('1083940560', 'Liam', 'Info Systems', 'Manager');

INSERT INTO 身份信息 (身份证号, 姓名, 工作单位, 职业) VALUES ('1084398475', 'Isabella', 'Info Systems', 'Teacher');

INSERT INTO 身份信息 (身份证号, 姓名, 工作单位, 职业) VALUES ('1085665393', 'Sophia', 'Global Net', 'Writer');

INSERT INTO 身份信息 (身份证号, 姓名, 工作单位, 职业) VALUES ('1086352413', 'Joh', 'Info Systems', 'Accountant');

INSERT INTO 身份信息 (身份证号, 姓名, 工作单位, 职业) VALUES ('1093925867', 'James', 'Tech Corp', 'Developer');

INSERT INTO 身份信息 (身份证号, 姓名, 工作单位, 职业) VALUES ('1103975555', 'Liam', 'Byte Solutions', 'Chef');

INSERT INTO 身份信息 (身份证号, 姓名, 工作单位, 职业) VALUES ('1112366885', 'Sophia', 'Info Systems', 'Engineer');

INSERT INTO 身份信息 (身份证号, 姓名, 工作单位, 职业) VALUES ('1113605195', 'Emma', 'Global Net', 'Engineer');

INSERT INTO 身份信息 (身份证号, 姓名, 工作单位, 职业) VALUES ('1126974710', 'Emma', 'Innovate Co', 'Designer');

INSERT INTO 身份信息 (身份证号, 姓名, 工作单位, 职业) VALUES ('1138237033', 'Liam', 'Tech Corp', 'Developer');

INSERT INTO 身份信息 (身份证号, 姓名, 工作单位, 职业) VALUES ('1138532389', 'Noah', 'Byte Solutions', 'Teacher');

INSERT INTO 身份信息 (身份证号, 姓名, 工作单位, 职业) VALUES ('1138908407', 'Mary', 'Global Net', 'Developer');

INSERT INTO 身份信息 (身份证号, 姓名, 工作单位, 职业) VALUES ('1142308920', 'Olivia', 'Global Net', 'Doctor');

INSERT INTO 身份信息 (身份证号, 姓名, 工作单位, 职业) VALUES ('1142485150', 'Olivia', 'Sky Soft', 'Artist');

INSERT INTO 身份信息 (身份证号, 姓名, 工作单位, 职业) VALUES ('1143663690', 'Noah', 'Data Works', 'Developer');

INSERT INTO 身份信息 (身份证号, 姓名, 工作单位, 职业) VALUES ('1150281835', 'William', 'Data Works', 'Chef');

INSERT INTO 身份信息 (身份证号, 姓名, 工作单位, 职业) VALUES ('1155951124', 'James', 'Info Systems', 'Writer');

INSERT INTO 身份信息 (身份证号, 姓名, 工作单位, 职业) VALUES ('1159515602', 'Joh', 'Info Systems', 'Designer');

INSERT INTO 身份信息 (身份证号, 姓名, 工作单位, 职业) VALUES ('1163255087', 'Sophia', 'Sky Soft', 'Accountant');

INSERT INTO 身份信息 (身份证号, 姓名, 工作单位, 职业) VALUES ('1164264876', 'Emma', 'Data Works', 'Designer');

INSERT INTO 身份信息 (身份证号, 姓名, 工作单位, 职业) VALUES ('1170617504', 'Liam', 'Info Systems', 'Artist');

INSERT INTO 身份信息 (身份证号, 姓名, 工作单位, 职业) VALUES ('1171837322', 'Mary', 'Innovate Co', 'Engineer');

INSERT INTO 身份信息 (身份证号, 姓名, 工作单位, 职业) VALUES ('1175529921', 'Noah', 'Global Net', 'Doctor');

INSERT INTO 身份信息 (身份证号, 姓名, 工作单位, 职业) VALUES ('1179019698', 'Liam', 'Byte Solutions', 'Artist');

INSERT INTO 身份信息 (身份证号, 姓名, 工作单位, 职业) VALUES ('1188638120', 'William', 'Byte Solutions', 'Chef');

INSERT INTO 身份信息 (身份证号, 姓名, 工作单位, 职业) VALUES ('1189765576', 'Joh', 'Global Net', 'Manager');

INSERT INTO 身份信息 (身份证号, 姓名, 工作单位, 职业) VALUES ('1190307431', 'William', 'Global Net', 'Designer');

INSERT INTO 身份信息 (身份证号, 姓名, 工作单位, 职业) VALUES ('1192704074', 'Emma', 'Info Systems', 'Teacher');

INSERT INTO 身份信息 (身份证号, 姓名, 工作单位, 职业) VALUES ('1193001222', 'Isabella', 'Tech Corp', 'Doctor');

INSERT INTO 身份信息 (身份证号, 姓名, 工作单位, 职业) VALUES ('1193204715', 'Joh', 'Global Net', 'Engineer');

INSERT INTO 身份信息 (身份证号, 姓名, 工作单位, 职业) VALUES ('1195157245', 'Emma', 'Innovate Co', 'Designer');

INSERT INTO 身份信息 (身份证号, 姓名, 工作单位, 职业) VALUES ('1203548735', 'Olivia', 'Byte Solutions', 'Teacher');

INSERT INTO 身份信息 (身份证号, 姓名, 工作单位, 职业) VALUES ('1204319158', 'Liam', 'Global Net', 'Engineer');

INSERT INTO 身份信息 (身份证号, 姓名, 工作单位, 职业) VALUES ('1207893154', 'Joh', 'Tech Corp', 'Artist');

INSERT INTO 身份信息 (身份证号, 姓名, 工作单位, 职业) VALUES ('1208483182', 'Sophia', 'Tech Corp', 'Accountant');

INSERT INTO 身份信息 (身份证号, 姓名, 工作单位, 职业) VALUES ('1211641454', 'Emma', 'Tech Corp', 'Chef');

INSERT INTO 身份信息 (身份证号, 姓名, 工作单位, 职业) VALUES ('1214503008', 'Noah', 'Sky Soft', 'Engineer');

INSERT INTO 身份信息 (身份证号, 姓名, 工作单位, 职业) VALUES ('1218764373', 'Joh', 'Sky Soft', 'Designer');

INSERT INTO 身份信息 (身份证号, 姓名, 工作单位, 职业) VALUES ('1219959288', 'Isabella', 'Info Systems', 'Artist');

INSERT INTO 身份信息 (身份证号, 姓名, 工作单位, 职业) VALUES ('1221336556', 'Isabella', 'Sky Soft', 'Engineer');

INSERT INTO 身份信息 (身份证号, 姓名, 工作单位, 职业) VALUES ('1221833669', 'Isabella', 'Data Works', 'Designer');

INSERT INTO 身份信息 (身份证号, 姓名, 工作单位, 职业) VALUES ('1235486039', 'James', 'Global Net', 'Artist');

INSERT INTO 身份信息 (身份证号, 姓名, 工作单位, 职业) VALUES ('1243116584', 'Liam', 'Info Systems', 'Chef');

INSERT INTO 身份信息 (身份证号, 姓名, 工作单位, 职业) VALUES ('1244596923', 'William', 'Byte Solutions', 'Designer');

INSERT INTO 身份信息 (身份证号, 姓名, 工作单位, 职业) VALUES ('1253183280', 'Joh', 'Global Net', 'Teacher');

INSERT INTO 身份信息 (身份证号, 姓名, 工作单位, 职业) VALUES ('1254990179', 'William', 'Global Net', 'Doctor');

INSERT INTO 身份信息 (身份证号, 姓名, 工作单位, 职业) VALUES ('1256916668', 'William', 'Sky Soft', 'Designer');

INSERT INTO 身份信息 (身份证号, 姓名, 工作单位, 职业) VALUES ('1257881839', 'William', 'Info Systems', 'Accountant');

INSERT INTO 身份信息 (身份证号, 姓名, 工作单位, 职业) VALUES ('1259040497', 'Liam', 'Innovate Co', 'Teacher');

INSERT INTO 身份信息 (身份证号, 姓名, 工作单位, 职业) VALUES ('1259616469', 'Sophia', 'Byte Solutions', 'Accountant');

INSERT INTO 身份信息 (身份证号, 姓名, 工作单位, 职业) VALUES ('1260573608', 'Olivia', 'Data Works', 'Doctor');

INSERT INTO 身份信息 (身份证号, 姓名, 工作单位, 职业) VALUES ('1263225371', 'William', 'Data Works', 'Engineer');

INSERT INTO 身份信息 (身份证号, 姓名, 工作单位, 职业) VALUES ('1264859969', 'Joh', 'Sky Soft', 'Manager');

INSERT INTO 身份信息 (身份证号, 姓名, 工作单位, 职业) VALUES ('1266252378', 'James', 'Tech Corp', 'Designer');

INSERT INTO 身份信息 (身份证号, 姓名, 工作单位, 职业) VALUES ('1269434019', 'Isabella', 'Global Net', 'Artist');

INSERT INTO 身份信息 (身份证号, 姓名, 工作单位, 职业) VALUES ('1270891160', 'James', 'Data Works', 'Doctor');

INSERT INTO 身份信息 (身份证号, 姓名, 工作单位, 职业) VALUES ('1271836641', 'Isabella', 'Tech Corp', 'Accountant');

INSERT INTO 身份信息 (身份证号, 姓名, 工作单位, 职业) VALUES ('1272551926', 'Joh', 'Sky Soft', 'Chef');

INSERT INTO 身份信息 (身份证号, 姓名, 工作单位, 职业) VALUES ('1274433192', 'Joh', 'Info Systems', 'Writer');

INSERT INTO 身份信息 (身份证号, 姓名, 工作单位, 职业) VALUES ('1276966262', 'James', 'Sky Soft', 'Engineer');

INSERT INTO 身份信息 (身份证号, 姓名, 工作单位, 职业) VALUES ('1277039596', 'Joh', 'Global Net', 'Doctor');

INSERT INTO 身份信息 (身份证号, 姓名, 工作单位, 职业) VALUES ('1278620553', 'Emma', 'Sky Soft', 'Artist');

INSERT INTO 身份信息 (身份证号, 姓名, 工作单位, 职业) VALUES ('1281915447', 'Noah', 'Innovate Co', 'Manager');

INSERT INTO 身份信息 (身份证号, 姓名, 工作单位, 职业) VALUES ('1284026640', 'James', 'Global Net', 'Designer');

INSERT INTO 身份信息 (身份证号, 姓名, 工作单位, 职业) VALUES ('1290513124', 'Emma', 'Tech Corp', 'Doctor');

INSERT INTO 身份信息 (身份证号, 姓名, 工作单位, 职业) VALUES ('1291069963', 'William', 'Byte Solutions', 'Writer');

INSERT INTO 身份信息 (身份证号, 姓名, 工作单位, 职业) VALUES ('1295265693', 'Olivia', 'Sky Soft', 'Developer');

INSERT INTO 身份信息 (身份证号, 姓名, 工作单位, 职业) VALUES ('1296519340', 'Isabella', 'Data Works', 'Chef');

INSERT INTO 身份信息 (身份证号, 姓名, 工作单位, 职业) VALUES ('1297163136', 'Noah', 'Sky Soft', 'Chef');

INSERT INTO 身份信息 (身份证号, 姓名, 工作单位, 职业) VALUES ('1297303491', 'Olivia', 'Byte Solutions', 'Teacher');

INSERT INTO 身份信息 (身份证号, 姓名, 工作单位, 职业) VALUES ('1299183877', 'Emma', 'Byte Solutions', 'Chef');

INSERT INTO 身份信息 (身份证号, 姓名, 工作单位, 职业) VALUES ('1299383328', 'Joh', 'Byte Solutions', 'Teacher');

INSERT INTO 身份信息 (身份证号, 姓名, 工作单位, 职业) VALUES ('1302146226', 'James', 'Info Systems', 'Teacher');

INSERT INTO 身份信息 (身份证号, 姓名, 工作单位, 职业) VALUES ('1303095925', 'Joh', 'Data Works', 'Teacher');

INSERT INTO 身份信息 (身份证号, 姓名, 工作单位, 职业) VALUES ('1304268707', 'Liam', 'Info Systems', 'Accountant');

INSERT INTO 身份信息 (身份证号, 姓名, 工作单位, 职业) VALUES ('1305236720', 'Mary', 'Global Net', 'Chef');

INSERT INTO 身份信息 (身份证号, 姓名, 工作单位, 职业) VALUES ('1308602472', 'Mary', 'Sky Soft', 'Developer');

INSERT INTO 身份信息 (身份证号, 姓名, 工作单位, 职业) VALUES ('1311461652', 'Isabella', 'Global Net', 'Chef');

INSERT INTO 身份信息 (身份证号, 姓名, 工作单位, 职业) VALUES ('1313861729', 'James', 'Tech Corp', 'Writer');

INSERT INTO 身份信息 (身份证号, 姓名, 工作单位, 职业) VALUES ('1315870491', 'Joh', 'Byte Solutions', 'Engineer');

INSERT INTO 身份信息 (身份证号, 姓名, 工作单位, 职业) VALUES ('1316545156', 'Mary', 'Sky Soft', 'Teacher');

INSERT INTO 身份信息 (身份证号, 姓名, 工作单位, 职业) VALUES ('1321512501', 'Sophia', 'Tech Corp', 'Teacher');

INSERT INTO 身份信息 (身份证号, 姓名, 工作单位, 职业) VALUES ('1329914421', 'Joh', 'Sky Soft', 'Manager');

INSERT INTO 身份信息 (身份证号, 姓名, 工作单位, 职业) VALUES ('1332562569', 'Olivia', 'Data Works', 'Manager');

INSERT INTO 身份信息 (身份证号, 姓名, 工作单位, 职业) VALUES ('1334985072', 'James', 'Info Systems', 'Chef');

INSERT INTO 身份信息 (身份证号, 姓名, 工作单位, 职业) VALUES ('1340029856', 'Joh', 'Data Works', 'Accountant');

INSERT INTO 身份信息 (身份证号, 姓名, 工作单位, 职业) VALUES ('1341643821', 'Olivia', 'Tech Corp', 'Accountant');

INSERT INTO 身份信息 (身份证号, 姓名, 工作单位, 职业) VALUES ('1348565977', 'Sophia', 'Sky Soft', 'Manager');

INSERT INTO 身份信息 (身份证号, 姓名, 工作单位, 职业) VALUES ('1349832535', 'William', 'Global Net', 'Teacher');

INSERT INTO 身份信息 (身份证号, 姓名, 工作单位, 职业) VALUES ('1351737085', 'Mary', 'Data Works', 'Manager');

INSERT INTO 身份信息 (身份证号, 姓名, 工作单位, 职业) VALUES ('1359933679', 'Olivia', 'Global Net', 'Manager');

INSERT INTO 身份信息 (身份证号, 姓名, 工作单位, 职业) VALUES ('1361017863', 'Noah', 'Tech Corp', 'Chef');

INSERT INTO 身份信息 (身份证号, 姓名, 工作单位, 职业) VALUES ('1365106995', 'Noah', 'Info Systems', 'Doctor');

INSERT INTO 身份信息 (身份证号, 姓名, 工作单位, 职业) VALUES ('1366035026', 'Isabella', 'Innovate Co', 'Artist');

INSERT INTO 身份信息 (身份证号, 姓名, 工作单位, 职业) VALUES ('1369319251', 'Liam', 'Sky Soft', 'Chef');

INSERT INTO 身份信息 (身份证号, 姓名, 工作单位, 职业) VALUES ('1373239634', 'Liam', 'Innovate Co', 'Accountant');

INSERT INTO 身份信息 (身份证号, 姓名, 工作单位, 职业) VALUES ('1374109645', 'James', 'Innovate Co', 'Developer');

INSERT INTO 身份信息 (身份证号, 姓名, 工作单位, 职业) VALUES ('1374979675', 'Emma', 'Tech Corp', 'Writer');

INSERT INTO 身份信息 (身份证号, 姓名, 工作单位, 职业) VALUES ('1376937463', 'Mary', 'Innovate Co', 'Artist');

INSERT INTO 身份信息 (身份证号, 姓名, 工作单位, 职业) VALUES ('1379160409', 'Noah', 'Tech Corp', 'Engineer');

INSERT INTO 身份信息 (身份证号, 姓名, 工作单位, 职业) VALUES ('1382796355', 'William', 'Data Works', 'Designer');

INSERT INTO 身份信息 (身份证号, 姓名, 工作单位, 职业) VALUES ('1383361188', 'Mary', 'Global Net', 'Doctor');

INSERT INTO 身份信息 (身份证号, 姓名, 工作单位, 职业) VALUES ('1384070207', 'Olivia', 'Info Systems', 'Engineer');

INSERT INTO 身份信息 (身份证号, 姓名, 工作单位, 职业) VALUES ('1384763284', 'Joh', 'Sky Soft', 'Teacher');

INSERT INTO 身份信息 (身份证号, 姓名, 工作单位, 职业) VALUES ('1385298149', 'James', 'Innovate Co', 'Manager');

INSERT INTO 身份信息 (身份证号, 姓名, 工作单位, 职业) VALUES ('1388412082', 'Olivia', 'Tech Corp', 'Teacher');

INSERT INTO 身份信息 (身份证号, 姓名, 工作单位, 职业) VALUES ('1388579143', 'Liam', 'Data Works', 'Writer');

INSERT INTO 身份信息 (身份证号, 姓名, 工作单位, 职业) VALUES ('1390142215', 'Olivia', 'Global Net', 'Chef');

INSERT INTO 身份信息 (身份证号, 姓名, 工作单位, 职业) VALUES ('1398841587', 'Olivia', 'Data Works', 'Artist');

INSERT INTO 身份信息 (身份证号, 姓名, 工作单位, 职业) VALUES ('1401740026', 'James', 'Global Net', 'Artist');

INSERT INTO 身份信息 (身份证号, 姓名, 工作单位, 职业) VALUES ('1402297067', 'Joh', 'Global Net', 'Designer');

INSERT INTO 身份信息 (身份证号, 姓名, 工作单位, 职业) VALUES ('1403753548', 'Isabella', 'Innovate Co', 'Engineer');

INSERT INTO 身份信息 (身份证号, 姓名, 工作单位, 职业) VALUES ('1405974098', 'Joh', 'Info Systems', 'Teacher');

INSERT INTO 身份信息 (身份证号, 姓名, 工作单位, 职业) VALUES ('1406104264', 'Joh', 'Info Systems', 'Accountant');

INSERT INTO 身份信息 (身份证号, 姓名, 工作单位, 职业) VALUES ('1406619081', 'Noah', 'Global Net', 'Writer');

INSERT INTO 身份信息 (身份证号, 姓名, 工作单位, 职业) VALUES ('1409106930', 'Sophia', 'Info Systems', 'Writer');

INSERT INTO 身份信息 (身份证号, 姓名, 工作单位, 职业) VALUES ('1412913755', 'Noah', 'Sky Soft', 'Engineer');

INSERT INTO 身份信息 (身份证号, 姓名, 工作单位, 职业) VALUES ('1413201659', 'Sophia', 'Global Net', 'Manager');

INSERT INTO 身份信息 (身份证号, 姓名, 工作单位, 职业) VALUES ('1414392160', 'Emma', 'Info Systems', 'Chef');

INSERT INTO 身份信息 (身份证号, 姓名, 工作单位, 职业) VALUES ('1414914922', 'Noah', 'Byte Solutions', 'Manager');

INSERT INTO 身份信息 (身份证号, 姓名, 工作单位, 职业) VALUES ('1414965774', 'Noah', 'Sky Soft', 'Developer');

INSERT INTO 身份信息 (身份证号, 姓名, 工作单位, 职业) VALUES ('1421644656', 'Liam', 'Byte Solutions', 'Writer');

INSERT INTO 身份信息 (身份证号, 姓名, 工作单位, 职业) VALUES ('1423284658', 'Isabella', 'Info Systems', 'Writer');

INSERT INTO 身份信息 (身份证号, 姓名, 工作单位, 职业) VALUES ('1430095344', 'Liam', 'Innovate Co', 'Manager');

INSERT INTO 身份信息 (身份证号, 姓名, 工作单位, 职业) VALUES ('1434123226', 'William', 'Info Systems', 'Writer');

INSERT INTO 身份信息 (身份证号, 姓名, 工作单位, 职业) VALUES ('1439514663', 'Sophia', 'Global Net', 'Doctor');

INSERT INTO 身份信息 (身份证号, 姓名, 工作单位, 职业) VALUES ('1444198228', 'Isabella', 'Info Systems', 'Designer');

INSERT INTO 身份信息 (身份证号, 姓名, 工作单位, 职业) VALUES ('1445397933', 'Mary', 'Global Net', 'Teacher');

INSERT INTO 身份信息 (身份证号, 姓名, 工作单位, 职业) VALUES ('1446653457', 'Joh', 'Byte Solutions', 'Doctor');

INSERT INTO 身份信息 (身份证号, 姓名, 工作单位, 职业) VALUES ('1449742965', 'Isabella', 'Info Systems', 'Doctor');

INSERT INTO 身份信息 (身份证号, 姓名, 工作单位, 职业) VALUES ('1449815617', 'Liam', 'Info Systems', 'Artist');

INSERT INTO 身份信息 (身份证号, 姓名, 工作单位, 职业) VALUES ('1451381148', 'Sophia', 'Sky Soft', 'Engineer');

INSERT INTO 身份信息 (身份证号, 姓名, 工作单位, 职业) VALUES ('1451811398', 'James', 'Info Systems', 'Doctor');

INSERT INTO 身份信息 (身份证号, 姓名, 工作单位, 职业) VALUES ('1453082921', 'Joh', 'Info Systems', 'Manager');

INSERT INTO 身份信息 (身份证号, 姓名, 工作单位, 职业) VALUES ('1458713248', 'Joh', 'Tech Corp', 'Accountant');

INSERT INTO 身份信息 (身份证号, 姓名, 工作单位, 职业) VALUES ('1464009640', 'Isabella', 'Tech Corp', 'Engineer');

INSERT INTO 身份信息 (身份证号, 姓名, 工作单位, 职业) VALUES ('1465845741', 'Sophia', 'Innovate Co', 'Teacher');

INSERT INTO 身份信息 (身份证号, 姓名, 工作单位, 职业) VALUES ('1468697130', 'Emma', 'Innovate Co', 'Developer');

INSERT INTO 身份信息 (身份证号, 姓名, 工作单位, 职业) VALUES ('1470870199', 'Isabella', 'Global Net', 'Accountant');

INSERT INTO 身份信息 (身份证号, 姓名, 工作单位, 职业) VALUES ('1475552819', 'Joh', 'Tech Corp', 'Writer');

INSERT INTO 身份信息 (身份证号, 姓名, 工作单位, 职业) VALUES ('1475962726', 'William', 'Innovate Co', 'Teacher');

INSERT INTO 身份信息 (身份证号, 姓名, 工作单位, 职业) VALUES ('1479722733', 'William', 'Byte Solutions', 'Manager');

INSERT INTO 身份信息 (身份证号, 姓名, 工作单位, 职业) VALUES ('1480156570', 'Noah', 'Tech Corp', 'Developer');

INSERT INTO 身份信息 (身份证号, 姓名, 工作单位, 职业) VALUES ('1480388585', 'Sophia', 'Global Net', 'Developer');

INSERT INTO 身份信息 (身份证号, 姓名, 工作单位, 职业) VALUES ('1482774905', 'Mary', 'Global Net', 'Teacher');

INSERT INTO 身份信息 (身份证号, 姓名, 工作单位, 职业) VALUES ('1484381934', 'William', 'Innovate Co', 'Manager');

INSERT INTO 身份信息 (身份证号, 姓名, 工作单位, 职业) VALUES ('1487450605', 'Emma', 'Sky Soft', 'Designer');

INSERT INTO 身份信息 (身份证号, 姓名, 工作单位, 职业) VALUES ('1488957507', 'Sophia', 'Innovate Co', 'Doctor');

INSERT INTO 身份信息 (身份证号, 姓名, 工作单位, 职业) VALUES ('1490185179', 'Joh', 'Byte Solutions', 'Writer');

INSERT INTO 身份信息 (身份证号, 姓名, 工作单位, 职业) VALUES ('1491262870', 'Joh', 'Sky Soft', 'Engineer');

INSERT INTO 身份信息 (身份证号, 姓名, 工作单位, 职业) VALUES ('1495643735', 'Mary', 'Byte Solutions', 'Teacher');

INSERT INTO 身份信息 (身份证号, 姓名, 工作单位, 职业) VALUES ('1497553030', 'James', 'Global Net', 'Manager');

INSERT INTO 身份信息 (身份证号, 姓名, 工作单位, 职业) VALUES ('1503247625', 'Sophia', 'Innovate Co', 'Accountant');

INSERT INTO 身份信息 (身份证号, 姓名, 工作单位, 职业) VALUES ('1505235646', 'Liam', 'Tech Corp', 'Writer');

INSERT INTO 身份信息 (身份证号, 姓名, 工作单位, 职业) VALUES ('1505656088', 'Mary', 'Byte Solutions', 'Developer');

INSERT INTO 身份信息 (身份证号, 姓名, 工作单位, 职业) VALUES ('1507222866', 'Emma', 'Sky Soft', 'Accountant');

INSERT INTO 身份信息 (身份证号, 姓名, 工作单位, 职业) VALUES ('1508707533', 'Noah', 'Global Net', 'Artist');

INSERT INTO 身份信息 (身份证号, 姓名, 工作单位, 职业) VALUES ('1510692686', 'William', 'Byte Solutions', 'Accountant');

INSERT INTO 身份信息 (身份证号, 姓名, 工作单位, 职业) VALUES ('1514564197', 'Isabella', 'Sky Soft', 'Accountant');

INSERT INTO 身份信息 (身份证号, 姓名, 工作单位, 职业) VALUES ('1514582016', 'Sophia', 'Info Systems', 'Artist');

INSERT INTO 身份信息 (身份证号, 姓名, 工作单位, 职业) VALUES ('1514772262', 'James', 'Global Net', 'Chef');

INSERT INTO 身份信息 (身份证号, 姓名, 工作单位, 职业) VALUES ('1520674817', 'William', 'Tech Corp', 'Developer');

INSERT INTO 身份信息 (身份证号, 姓名, 工作单位, 职业) VALUES ('1528629764', 'Emma', 'Data Works', 'Chef');

INSERT INTO 身份信息 (身份证号, 姓名, 工作单位, 职业) VALUES ('1528661803', 'Mary', 'Tech Corp', 'Developer');

INSERT INTO 身份信息 (身份证号, 姓名, 工作单位, 职业) VALUES ('1530342258', 'Mary', 'Byte Solutions', 'Doctor');

INSERT INTO 身份信息 (身份证号, 姓名, 工作单位, 职业) VALUES ('1531064608', 'William', 'Global Net', 'Accountant');

INSERT INTO 身份信息 (身份证号, 姓名, 工作单位, 职业) VALUES ('1533191715', 'Noah', 'Data Works', 'Manager');

INSERT INTO 身份信息 (身份证号, 姓名, 工作单位, 职业) VALUES ('1538034350', 'Mary', 'Global Net', 'Writer');

INSERT INTO 身份信息 (身份证号, 姓名, 工作单位, 职业) VALUES ('1538235101', 'Noah', 'Info Systems', 'Designer');

INSERT INTO 身份信息 (身份证号, 姓名, 工作单位, 职业) VALUES ('1538429700', 'William', 'Byte Solutions', 'Accountant');

INSERT INTO 身份信息 (身份证号, 姓名, 工作单位, 职业) VALUES ('1540215633', 'Noah', 'Tech Corp', 'Developer');

INSERT INTO 身份信息 (身份证号, 姓名, 工作单位, 职业) VALUES ('1541988354', 'Isabella', 'Data Works', 'Manager');

INSERT INTO 身份信息 (身份证号, 姓名, 工作单位, 职业) VALUES ('1542379799', 'Isabella', 'Sky Soft', 'Developer');

INSERT INTO 身份信息 (身份证号, 姓名, 工作单位, 职业) VALUES ('1550519839', 'Joh', 'Sky Soft', 'Doctor');

INSERT INTO 身份信息 (身份证号, 姓名, 工作单位, 职业) VALUES ('1553114650', 'Joh', 'Info Systems', 'Artist');

INSERT INTO 身份信息 (身份证号, 姓名, 工作单位, 职业) VALUES ('1553989244', 'James', 'Global Net', 'Teacher');

INSERT INTO 身份信息 (身份证号, 姓名, 工作单位, 职业) VALUES ('1555043312', 'Olivia', 'Innovate Co', 'Teacher');

INSERT INTO 身份信息 (身份证号, 姓名, 工作单位, 职业) VALUES ('1556042379', 'Olivia', 'Info Systems', 'Developer');

INSERT INTO 身份信息 (身份证号, 姓名, 工作单位, 职业) VALUES ('1557023003', 'Isabella', 'Data Works', 'Writer');

INSERT INTO 身份信息 (身份证号, 姓名, 工作单位, 职业) VALUES ('1557704652', 'Mary', 'Tech Corp', 'Teacher');

INSERT INTO 身份信息 (身份证号, 姓名, 工作单位, 职业) VALUES ('1561441207', 'Emma', 'Global Net', 'Artist');

INSERT INTO 身份信息 (身份证号, 姓名, 工作单位, 职业) VALUES ('1561988215', 'Joh', 'Data Works', 'Engineer');

INSERT INTO 身份信息 (身份证号, 姓名, 工作单位, 职业) VALUES ('1564510483', 'Noah', 'Info Systems', 'Accountant');

INSERT INTO 身份信息 (身份证号, 姓名, 工作单位, 职业) VALUES ('1564898725', 'Emma', 'Byte Solutions', 'Artist');

INSERT INTO 身份信息 (身份证号, 姓名, 工作单位, 职业) VALUES ('1569249620', 'Isabella', 'Innovate Co', 'Accountant');

INSERT INTO 身份信息 (身份证号, 姓名, 工作单位, 职业) VALUES ('1572415630', 'Olivia', 'Innovate Co', 'Manager');

INSERT INTO 身份信息 (身份证号, 姓名, 工作单位, 职业) VALUES ('1572632406', 'Liam', 'Innovate Co', 'Artist');

INSERT INTO 身份信息 (身份证号, 姓名, 工作单位, 职业) VALUES ('1573743480', 'William', 'Info Systems', 'Engineer');

INSERT INTO 身份信息 (身份证号, 姓名, 工作单位, 职业) VALUES ('1575788107', 'Joh', 'Tech Corp', 'Doctor');

INSERT INTO 身份信息 (身份证号, 姓名, 工作单位, 职业) VALUES ('1576351044', 'Olivia', 'Info Systems', 'Teacher');

INSERT INTO 身份信息 (身份证号, 姓名, 工作单位, 职业) VALUES ('1577416464', 'Emma', 'Info Systems', 'Accountant');

INSERT INTO 身份信息 (身份证号, 姓名, 工作单位, 职业) VALUES ('1580916868', 'Emma', 'Innovate Co', 'Designer');

INSERT INTO 身份信息 (身份证号, 姓名, 工作单位, 职业) VALUES ('1580955927', 'James', 'Info Systems', 'Chef');

INSERT INTO 身份信息 (身份证号, 姓名, 工作单位, 职业) VALUES ('1583412294', 'Olivia', 'Data Works', 'Chef');

INSERT INTO 身份信息 (身份证号, 姓名, 工作单位, 职业) VALUES ('1588369355', 'James', 'Tech Corp', 'Writer');

INSERT INTO 身份信息 (身份证号, 姓名, 工作单位, 职业) VALUES ('1588843998', 'Sophia', 'Info Systems', 'Developer');

INSERT INTO 身份信息 (身份证号, 姓名, 工作单位, 职业) VALUES ('1589685313', 'Olivia', 'Global Net', 'Engineer');

INSERT INTO 身份信息 (身份证号, 姓名, 工作单位, 职业) VALUES ('1590485167', 'Noah', 'Tech Corp', 'Doctor');

INSERT INTO 身份信息 (身份证号, 姓名, 工作单位, 职业) VALUES ('1597127676', 'Noah', 'Byte Solutions', 'Manager');

INSERT INTO 身份信息 (身份证号, 姓名, 工作单位, 职业) VALUES ('1602151684', 'Isabella', 'Tech Corp', 'Developer');

INSERT INTO 身份信息 (身份证号, 姓名, 工作单位, 职业) VALUES ('1606517966', 'James', 'Byte Solutions', 'Accountant');

INSERT INTO 身份信息 (身份证号, 姓名, 工作单位, 职业) VALUES ('1607296817', 'Noah', 'Global Net', 'Manager');

INSERT INTO 身份信息 (身份证号, 姓名, 工作单位, 职业) VALUES ('1612624483', 'Olivia', 'Tech Corp', 'Designer');

INSERT INTO 身份信息 (身份证号, 姓名, 工作单位, 职业) VALUES ('1613345272', 'Mary', 'Data Works', 'Teacher');

INSERT INTO 身份信息 (身份证号, 姓名, 工作单位, 职业) VALUES ('1613553178', 'Noah', 'Tech Corp', 'Manager');

INSERT INTO 身份信息 (身份证号, 姓名, 工作单位, 职业) VALUES ('1616953744', 'Sophia', 'Byte Solutions', 'Artist');

INSERT INTO 身份信息 (身份证号, 姓名, 工作单位, 职业) VALUES ('1619591103', 'James', 'Info Systems', 'Teacher');

INSERT INTO 身份信息 (身份证号, 姓名, 工作单位, 职业) VALUES ('1620316331', 'Emma', 'Innovate Co', 'Accountant');

INSERT INTO 身份信息 (身份证号, 姓名, 工作单位, 职业) VALUES ('1626564697', 'Joh', 'Data Works', 'Manager');

INSERT INTO 身份信息 (身份证号, 姓名, 工作单位, 职业) VALUES ('1626764206', 'Liam', 'Byte Solutions', 'Accountant');

INSERT INTO 身份信息 (身份证号, 姓名, 工作单位, 职业) VALUES ('1629550230', 'Sophia', 'Global Net', 'Chef');

INSERT INTO 身份信息 (身份证号, 姓名, 工作单位, 职业) VALUES ('1631124318', 'James', 'Data Works', 'Developer');

INSERT INTO 身份信息 (身份证号, 姓名, 工作单位, 职业) VALUES ('1632849886', 'James', 'Byte Solutions', 'Doctor');

INSERT INTO 身份信息 (身份证号, 姓名, 工作单位, 职业) VALUES ('1638520819', 'James', 'Tech Corp', 'Artist');

INSERT INTO 身份信息 (身份证号, 姓名, 工作单位, 职业) VALUES ('1643850362', 'Emma', 'Tech Corp', 'Chef');

INSERT INTO 身份信息 (身份证号, 姓名, 工作单位, 职业) VALUES ('1646189177', 'Liam', 'Global Net', 'Developer');

INSERT INTO 身份信息 (身份证号, 姓名, 工作单位, 职业) VALUES ('1649593152', 'William', 'Global Net', 'Doctor');

INSERT INTO 身份信息 (身份证号, 姓名, 工作单位, 职业) VALUES ('1650427775', 'Emma', 'Global Net', 'Doctor');

INSERT INTO 身份信息 (身份证号, 姓名, 工作单位, 职业) VALUES ('1653292359', 'Liam', 'Global Net', 'Engineer');

INSERT INTO 身份信息 (身份证号, 姓名, 工作单位, 职业) VALUES ('1656235478', 'Sophia', 'Innovate Co', 'Writer');

INSERT INTO 身份信息 (身份证号, 姓名, 工作单位, 职业) VALUES ('1656496854', 'James', 'Info Systems', 'Developer');

INSERT INTO 身份信息 (身份证号, 姓名, 工作单位, 职业) VALUES ('1657422775', 'William', 'Byte Solutions', 'Chef');

INSERT INTO 身份信息 (身份证号, 姓名, 工作单位, 职业) VALUES ('1661748892', 'Joh', 'Data Works', 'Chef');

INSERT INTO 身份信息 (身份证号, 姓名, 工作单位, 职业) VALUES ('1663866841', 'Noah', 'Sky Soft', 'Artist');

INSERT INTO 身份信息 (身份证号, 姓名, 工作单位, 职业) VALUES ('1667945744', 'Emma', 'Global Net', 'Manager');

INSERT INTO 身份信息 (身份证号, 姓名, 工作单位, 职业) VALUES ('1668188044', 'Mary', 'Tech Corp', 'Artist');

INSERT INTO 身份信息 (身份证号, 姓名, 工作单位, 职业) VALUES ('1668811412', 'Liam', 'Sky Soft', 'Developer');

INSERT INTO 身份信息 (身份证号, 姓名, 工作单位, 职业) VALUES ('1669722854', 'Joh', 'Sky Soft', 'Writer');

INSERT INTO 身份信息 (身份证号, 姓名, 工作单位, 职业) VALUES ('1670856934', 'Isabella', 'Sky Soft', 'Chef');

INSERT INTO 身份信息 (身份证号, 姓名, 工作单位, 职业) VALUES ('1672152481', 'Emma', 'Byte Solutions', 'Teacher');

INSERT INTO 身份信息 (身份证号, 姓名, 工作单位, 职业) VALUES ('1672683903', 'Liam', 'Global Net', 'Teacher');

INSERT INTO 身份信息 (身份证号, 姓名, 工作单位, 职业) VALUES ('1674429015', 'William', 'Sky Soft', 'Writer');

INSERT INTO 身份信息 (身份证号, 姓名, 工作单位, 职业) VALUES ('1676834025', 'James', 'Global Net', 'Artist');

INSERT INTO 身份信息 (身份证号, 姓名, 工作单位, 职业) VALUES ('1679014945', 'Emma', 'Byte Solutions', 'Chef');

INSERT INTO 身份信息 (身份证号, 姓名, 工作单位, 职业) VALUES ('1683477299', 'Sophia', 'Global Net', 'Designer');

INSERT INTO 身份信息 (身份证号, 姓名, 工作单位, 职业) VALUES ('1685146550', 'Mary', 'Data Works', 'Manager');

INSERT INTO 身份信息 (身份证号, 姓名, 工作单位, 职业) VALUES ('1686775310', 'Sophia', 'Innovate Co', 'Writer');

INSERT INTO 身份信息 (身份证号, 姓名, 工作单位, 职业) VALUES ('1694259031', 'Olivia', 'Info Systems', 'Teacher');

INSERT INTO 身份信息 (身份证号, 姓名, 工作单位, 职业) VALUES ('1694945299', 'Olivia', 'Sky Soft', 'Teacher');

INSERT INTO 身份信息 (身份证号, 姓名, 工作单位, 职业) VALUES ('1695595395', 'Emma', 'Byte Solutions', 'Engineer');

INSERT INTO 身份信息 (身份证号, 姓名, 工作单位, 职业) VALUES ('1695935705', 'Liam', 'Info Systems', 'Manager');

INSERT INTO 身份信息 (身份证号, 姓名, 工作单位, 职业) VALUES ('1696813074', 'Mary', 'Byte Solutions', 'Developer');

INSERT INTO 身份信息 (身份证号, 姓名, 工作单位, 职业) VALUES ('1696842947', 'Liam', 'Innovate Co', 'Engineer');

INSERT INTO 身份信息 (身份证号, 姓名, 工作单位, 职业) VALUES ('1697588022', 'Noah', 'Global Net', 'Artist');

INSERT INTO 身份信息 (身份证号, 姓名, 工作单位, 职业) VALUES ('1701443157', 'William', 'Sky Soft', 'Teacher');

INSERT INTO 身份信息 (身份证号, 姓名, 工作单位, 职业) VALUES ('1702257732', 'Sophia', 'Info Systems', 'Chef');

INSERT INTO 身份信息 (身份证号, 姓名, 工作单位, 职业) VALUES ('1703819610', 'Sophia', 'Info Systems', 'Chef');

INSERT INTO 身份信息 (身份证号, 姓名, 工作单位, 职业) VALUES ('1706470632', 'James', 'Data Works', 'Developer');

INSERT INTO 身份信息 (身份证号, 姓名, 工作单位, 职业) VALUES ('1709154465', 'Noah', 'Byte Solutions', 'Artist');

INSERT INTO 身份信息 (身份证号, 姓名, 工作单位, 职业) VALUES ('1709422804', 'James', 'Global Net', 'Engineer');

INSERT INTO 身份信息 (身份证号, 姓名, 工作单位, 职业) VALUES ('1710918293', 'Mary', 'Info Systems', 'Chef');

INSERT INTO 身份信息 (身份证号, 姓名, 工作单位, 职业) VALUES ('1711690280', 'James', 'Data Works', 'Artist');

INSERT INTO 身份信息 (身份证号, 姓名, 工作单位, 职业) VALUES ('1713496232', 'Emma', 'Global Net', 'Artist');

INSERT INTO 身份信息 (身份证号, 姓名, 工作单位, 职业) VALUES ('1714047586', 'Emma', 'Innovate Co', 'Artist');

INSERT INTO 身份信息 (身份证号, 姓名, 工作单位, 职业) VALUES ('1714912159', 'Olivia', 'Byte Solutions', 'Engineer');

INSERT INTO 身份信息 (身份证号, 姓名, 工作单位, 职业) VALUES ('1718294789', 'Noah', 'Byte Solutions', 'Accountant');

INSERT INTO 身份信息 (身份证号, 姓名, 工作单位, 职业) VALUES ('1718504956', 'William', 'Info Systems', 'Teacher');

INSERT INTO 身份信息 (身份证号, 姓名, 工作单位, 职业) VALUES ('1718765004', 'Olivia', 'Innovate Co', 'Engineer');

INSERT INTO 身份信息 (身份证号, 姓名, 工作单位, 职业) VALUES ('1719826543', 'Joh', 'Info Systems', 'Doctor');

INSERT INTO 身份信息 (身份证号, 姓名, 工作单位, 职业) VALUES ('1719846108', 'Isabella', 'Innovate Co', 'Accountant');

INSERT INTO 身份信息 (身份证号, 姓名, 工作单位, 职业) VALUES ('1720376932', 'Noah', 'Innovate Co', 'Developer');

INSERT INTO 身份信息 (身份证号, 姓名, 工作单位, 职业) VALUES ('1728180299', 'Liam', 'Tech Corp', 'Manager');

INSERT INTO 身份信息 (身份证号, 姓名, 工作单位, 职业) VALUES ('1735028908', 'James', 'Sky Soft', 'Designer');

INSERT INTO 身份信息 (身份证号, 姓名, 工作单位, 职业) VALUES ('1738133161', 'Isabella', 'Data Works', 'Artist');

INSERT INTO 身份信息 (身份证号, 姓名, 工作单位, 职业) VALUES ('1738649434', 'Sophia', 'Info Systems', 'Writer');

INSERT INTO 身份信息 (身份证号, 姓名, 工作单位, 职业) VALUES ('1739288221', 'William', 'Sky Soft', 'Engineer');

INSERT INTO 身份信息 (身份证号, 姓名, 工作单位, 职业) VALUES ('1742185274', 'Liam', 'Global Net', 'Manager');

INSERT INTO 身份信息 (身份证号, 姓名, 工作单位, 职业) VALUES ('1746166032', 'Isabella', 'Info Systems', 'Chef');

INSERT INTO 身份信息 (身份证号, 姓名, 工作单位, 职业) VALUES ('1747431050', 'Mary', 'Byte Solutions', 'Designer');

INSERT INTO 身份信息 (身份证号, 姓名, 工作单位, 职业) VALUES ('1748333109', 'Mary', 'Innovate Co', 'Developer');

INSERT INTO 身份信息 (身份证号, 姓名, 工作单位, 职业) VALUES ('1748716646', 'Liam', 'Info Systems', 'Doctor');

INSERT INTO 身份信息 (身份证号, 姓名, 工作单位, 职业) VALUES ('1749362187', 'Mary', 'Innovate Co', 'Doctor');

INSERT INTO 身份信息 (身份证号, 姓名, 工作单位, 职业) VALUES ('1750323285', 'Liam', 'Sky Soft', 'Chef');

INSERT INTO 身份信息 (身份证号, 姓名, 工作单位, 职业) VALUES ('1753628178', 'James', 'Tech Corp', 'Manager');

INSERT INTO 身份信息 (身份证号, 姓名, 工作单位, 职业) VALUES ('1755508488', 'Sophia', 'Data Works', 'Teacher');

INSERT INTO 身份信息 (身份证号, 姓名, 工作单位, 职业) VALUES ('1757029347', 'William', 'Tech Corp', 'Engineer');

INSERT INTO 身份信息 (身份证号, 姓名, 工作单位, 职业) VALUES ('1757374750', 'Olivia', 'Sky Soft', 'Chef');

INSERT INTO 身份信息 (身份证号, 姓名, 工作单位, 职业) VALUES ('1762606963', 'Mary', 'Innovate Co', 'Manager');

INSERT INTO 身份信息 (身份证号, 姓名, 工作单位, 职业) VALUES ('1766078120', 'William', 'Data Works', 'Accountant');

INSERT INTO 身份信息 (身份证号, 姓名, 工作单位, 职业) VALUES ('1766133742', 'William', 'Info Systems', 'Manager');

INSERT INTO 身份信息 (身份证号, 姓名, 工作单位, 职业) VALUES ('1767046011', 'James', 'Data Works', 'Accountant');

INSERT INTO 身份信息 (身份证号, 姓名, 工作单位, 职业) VALUES ('1769850144', 'James', 'Sky Soft', 'Engineer');

INSERT INTO 身份信息 (身份证号, 姓名, 工作单位, 职业) VALUES ('1772718967', 'Liam', 'Byte Solutions', 'Teacher');

INSERT INTO 身份信息 (身份证号, 姓名, 工作单位, 职业) VALUES ('1773801777', 'James', 'Innovate Co', 'Engineer');

INSERT INTO 身份信息 (身份证号, 姓名, 工作单位, 职业) VALUES ('1775684725', 'Sophia', 'Global Net', 'Artist');

INSERT INTO 身份信息 (身份证号, 姓名, 工作单位, 职业) VALUES ('1777863626', 'Emma', 'Tech Corp', 'Doctor');

INSERT INTO 身份信息 (身份证号, 姓名, 工作单位, 职业) VALUES ('1782156444', 'Mary', 'Byte Solutions', 'Chef');

INSERT INTO 身份信息 (身份证号, 姓名, 工作单位, 职业) VALUES ('1783787283', 'Noah', 'Innovate Co', 'Writer');

INSERT INTO 身份信息 (身份证号, 姓名, 工作单位, 职业) VALUES ('1784771540', 'Liam', 'Innovate Co', 'Writer');

INSERT INTO 身份信息 (身份证号, 姓名, 工作单位, 职业) VALUES ('1784913992', 'Liam', 'Data Works', 'Artist');

INSERT INTO 身份信息 (身份证号, 姓名, 工作单位, 职业) VALUES ('1785651981', 'Sophia', 'Sky Soft', 'Chef');

INSERT INTO 身份信息 (身份证号, 姓名, 工作单位, 职业) VALUES ('1787657440', 'Isabella', 'Innovate Co', 'Doctor');

INSERT INTO 身份信息 (身份证号, 姓名, 工作单位, 职业) VALUES ('1787905106', 'William', 'Innovate Co', 'Chef');

INSERT INTO 身份信息 (身份证号, 姓名, 工作单位, 职业) VALUES ('1790070732', 'Emma', 'Data Works', 'Doctor');

INSERT INTO 身份信息 (身份证号, 姓名, 工作单位, 职业) VALUES ('1791235258', 'Olivia', 'Tech Corp', 'Writer');

INSERT INTO 身份信息 (身份证号, 姓名, 工作单位, 职业) VALUES ('1792008352', 'Sophia', 'Data Works', 'Designer');

INSERT INTO 身份信息 (身份证号, 姓名, 工作单位, 职业) VALUES ('1792193564', 'Isabella', 'Global Net', 'Artist');

INSERT INTO 身份信息 (身份证号, 姓名, 工作单位, 职业) VALUES ('1795416040', 'Mary', 'Tech Corp', 'Chef');

INSERT INTO 身份信息 (身份证号, 姓名, 工作单位, 职业) VALUES ('1795444052', 'Sophia', 'Info Systems', 'Teacher');

INSERT INTO 身份信息 (身份证号, 姓名, 工作单位, 职业) VALUES ('1797717032', 'William', 'Sky Soft', 'Artist');

INSERT INTO 身份信息 (身份证号, 姓名, 工作单位, 职业) VALUES ('1799324914', 'William', 'Byte Solutions', 'Developer');

INSERT INTO 身份信息 (身份证号, 姓名, 工作单位, 职业) VALUES ('1805220441', 'Emma', 'Tech Corp', 'Teacher');

INSERT INTO 身份信息 (身份证号, 姓名, 工作单位, 职业) VALUES ('1806272161', 'William', 'Tech Corp', 'Developer');

INSERT INTO 身份信息 (身份证号, 姓名, 工作单位, 职业) VALUES ('1808200141', 'Sophia', 'Data Works', 'Developer');

INSERT INTO 身份信息 (身份证号, 姓名, 工作单位, 职业) VALUES ('1808239748', 'Emma', 'Byte Solutions', 'Doctor');

INSERT INTO 身份信息 (身份证号, 姓名, 工作单位, 职业) VALUES ('1808461265', 'William', 'Tech Corp', 'Writer');

INSERT INTO 身份信息 (身份证号, 姓名, 工作单位, 职业) VALUES ('1810525614', 'Sophia', 'Innovate Co', 'Writer');

INSERT INTO 身份信息 (身份证号, 姓名, 工作单位, 职业) VALUES ('1810981996', 'William', 'Innovate Co', 'Doctor');

INSERT INTO 身份信息 (身份证号, 姓名, 工作单位, 职业) VALUES ('1812143443', 'Mary', 'Info Systems', 'Designer');

INSERT INTO 身份信息 (身份证号, 姓名, 工作单位, 职业) VALUES ('1812963357', 'Emma', 'Tech Corp', 'Teacher');

INSERT INTO 身份信息 (身份证号, 姓名, 工作单位, 职业) VALUES ('1813245202', 'Liam', 'Byte Solutions', 'Doctor');

INSERT INTO 身份信息 (身份证号, 姓名, 工作单位, 职业) VALUES ('1813767187', 'Mary', 'Global Net', 'Teacher');

INSERT INTO 身份信息 (身份证号, 姓名, 工作单位, 职业) VALUES ('1813902522', 'James', 'Global Net', 'Teacher');

INSERT INTO 身份信息 (身份证号, 姓名, 工作单位, 职业) VALUES ('1814232820', 'Mary', 'Data Works', 'Chef');

INSERT INTO 身份信息 (身份证号, 姓名, 工作单位, 职业) VALUES ('1819345226', 'Liam', 'Data Works', 'Writer');

INSERT INTO 身份信息 (身份证号, 姓名, 工作单位, 职业) VALUES ('1819570763', 'William', 'Global Net', 'Manager');

INSERT INTO 身份信息 (身份证号, 姓名, 工作单位, 职业) VALUES ('1825337046', 'Sophia', 'Global Net', 'Engineer');

INSERT INTO 身份信息 (身份证号, 姓名, 工作单位, 职业) VALUES ('1828420942', 'Olivia', 'Data Works', 'Accountant');

INSERT INTO 身份信息 (身份证号, 姓名, 工作单位, 职业) VALUES ('1833304899', 'Noah', 'Sky Soft', 'Developer');

INSERT INTO 身份信息 (身份证号, 姓名, 工作单位, 职业) VALUES ('1836009686', 'Noah', 'Tech Corp', 'Chef');

INSERT INTO 身份信息 (身份证号, 姓名, 工作单位, 职业) VALUES ('1837120727', 'Joh', 'Sky Soft', 'Doctor');

INSERT INTO 身份信息 (身份证号, 姓名, 工作单位, 职业) VALUES ('1837204475', 'Mary', 'Tech Corp', 'Manager');

INSERT INTO 身份信息 (身份证号, 姓名, 工作单位, 职业) VALUES ('1842032700', 'James', 'Tech Corp', 'Designer');

INSERT INTO 身份信息 (身份证号, 姓名, 工作单位, 职业) VALUES ('1845461740', 'Emma', 'Data Works', 'Writer');

INSERT INTO 身份信息 (身份证号, 姓名, 工作单位, 职业) VALUES ('1846416074', 'Joh', 'Tech Corp', 'Developer');

INSERT INTO 身份信息 (身份证号, 姓名, 工作单位, 职业) VALUES ('1846565115', 'Joh', 'Sky Soft', 'Developer');

INSERT INTO 身份信息 (身份证号, 姓名, 工作单位, 职业) VALUES ('1849198864', 'Sophia', 'Tech Corp', 'Chef');

INSERT INTO 身份信息 (身份证号, 姓名, 工作单位, 职业) VALUES ('1849560885', 'Isabella', 'Sky Soft', 'Designer');

INSERT INTO 身份信息 (身份证号, 姓名, 工作单位, 职业) VALUES ('1850620593', 'Mary', 'Byte Solutions', 'Accountant');

INSERT INTO 身份信息 (身份证号, 姓名, 工作单位, 职业) VALUES ('1857410820', 'Joh', 'Data Works', 'Developer');

INSERT INTO 身份信息 (身份证号, 姓名, 工作单位, 职业) VALUES ('1860249553', 'Liam', 'Tech Corp', 'Accountant');

INSERT INTO 身份信息 (身份证号, 姓名, 工作单位, 职业) VALUES ('1861872901', 'Emma', 'Info Systems', 'Writer');

INSERT INTO 身份信息 (身份证号, 姓名, 工作单位, 职业) VALUES ('1863683888', 'Olivia', 'Sky Soft', 'Accountant');

INSERT INTO 身份信息 (身份证号, 姓名, 工作单位, 职业) VALUES ('1863840842', 'Olivia', 'Global Net', 'Engineer');

INSERT INTO 身份信息 (身份证号, 姓名, 工作单位, 职业) VALUES ('1864072449', 'Sophia', 'Data Works', 'Engineer');

INSERT INTO 身份信息 (身份证号, 姓名, 工作单位, 职业) VALUES ('1867724189', 'Emma', 'Data Works', 'Doctor');

INSERT INTO 身份信息 (身份证号, 姓名, 工作单位, 职业) VALUES ('1869425884', 'Liam', 'Global Net', 'Teacher');

INSERT INTO 身份信息 (身份证号, 姓名, 工作单位, 职业) VALUES ('1875190414', 'Sophia', 'Info Systems', 'Artist');

INSERT INTO 身份信息 (身份证号, 姓名, 工作单位, 职业) VALUES ('1879415632', 'Olivia', 'Sky Soft', 'Artist');

INSERT INTO 身份信息 (身份证号, 姓名, 工作单位, 职业) VALUES ('1883722865', 'Emma', 'Innovate Co', 'Accountant');

INSERT INTO 身份信息 (身份证号, 姓名, 工作单位, 职业) VALUES ('1884405325', 'Isabella', 'Byte Solutions', 'Writer');

INSERT INTO 身份信息 (身份证号, 姓名, 工作单位, 职业) VALUES ('1891046536', 'Olivia', 'Byte Solutions', 'Manager');

INSERT INTO 身份信息 (身份证号, 姓名, 工作单位, 职业) VALUES ('1891889574', 'William', 'Innovate Co', 'Developer');

INSERT INTO 身份信息 (身份证号, 姓名, 工作单位, 职业) VALUES ('1896006992', 'James', 'Sky Soft', 'Writer');

INSERT INTO 身份信息 (身份证号, 姓名, 工作单位, 职业) VALUES ('1896256687', 'Emma', 'Tech Corp', 'Chef');

INSERT INTO 身份信息 (身份证号, 姓名, 工作单位, 职业) VALUES ('1897776644', 'Liam', 'Sky Soft', 'Doctor');

INSERT INTO 身份信息 (身份证号, 姓名, 工作单位, 职业) VALUES ('1898793745', 'Noah', 'Byte Solutions', 'Writer');

INSERT INTO 身份信息 (身份证号, 姓名, 工作单位, 职业) VALUES ('1899583856', 'Olivia', 'Data Works', 'Accountant');

INSERT INTO 身份信息 (身份证号, 姓名, 工作单位, 职业) VALUES ('1900200311', 'Joh', 'Info Systems', 'Developer');

INSERT INTO 身份信息 (身份证号, 姓名, 工作单位, 职业) VALUES ('1900324294', 'Noah', 'Sky Soft', 'Chef');

INSERT INTO 身份信息 (身份证号, 姓名, 工作单位, 职业) VALUES ('1902924423', 'Liam', 'Tech Corp', 'Artist');

INSERT INTO 身份信息 (身份证号, 姓名, 工作单位, 职业) VALUES ('1905139210', 'William', 'Info Systems', 'Designer');

INSERT INTO 身份信息 (身份证号, 姓名, 工作单位, 职业) VALUES ('1905947317', 'William', 'Innovate Co', 'Writer');

INSERT INTO 身份信息 (身份证号, 姓名, 工作单位, 职业) VALUES ('1907545968', 'Noah', 'Tech Corp', 'Teacher');

INSERT INTO 身份信息 (身份证号, 姓名, 工作单位, 职业) VALUES ('1911275421', 'Sophia', 'Global Net', 'Designer');

INSERT INTO 身份信息 (身份证号, 姓名, 工作单位, 职业) VALUES ('1913904605', 'James', 'Sky Soft', 'Writer');

INSERT INTO 身份信息 (身份证号, 姓名, 工作单位, 职业) VALUES ('1914182413', 'Sophia', 'Tech Corp', 'Artist');

INSERT INTO 身份信息 (身份证号, 姓名, 工作单位, 职业) VALUES ('1915794627', 'Emma', 'Byte Solutions', 'Teacher');

INSERT INTO 身份信息 (身份证号, 姓名, 工作单位, 职业) VALUES ('1917916310', 'William', 'Innovate Co', 'Artist');

INSERT INTO 身份信息 (身份证号, 姓名, 工作单位, 职业) VALUES ('1921853399', 'Isabella', 'Byte Solutions', 'Teacher');

INSERT INTO 身份信息 (身份证号, 姓名, 工作单位, 职业) VALUES ('1923482380', 'Noah', 'Info Systems', 'Chef');

INSERT INTO 身份信息 (身份证号, 姓名, 工作单位, 职业) VALUES ('1927981791', 'Mary', 'Innovate Co', 'Chef');

INSERT INTO 身份信息 (身份证号, 姓名, 工作单位, 职业) VALUES ('1928611833', 'Olivia', 'Innovate Co', 'Engineer');

INSERT INTO 身份信息 (身份证号, 姓名, 工作单位, 职业) VALUES ('1936798703', 'James', 'Tech Corp', 'Accountant');

INSERT INTO 身份信息 (身份证号, 姓名, 工作单位, 职业) VALUES ('1945825956', 'Joh', 'Global Net', 'Teacher');

INSERT INTO 身份信息 (身份证号, 姓名, 工作单位, 职业) VALUES ('1950761357', 'Emma', 'Info Systems', 'Engineer');

INSERT INTO 身份信息 (身份证号, 姓名, 工作单位, 职业) VALUES ('1953984884', 'Olivia', 'Data Works', 'Manager');

INSERT INTO 身份信息 (身份证号, 姓名, 工作单位, 职业) VALUES ('1955679779', 'Mary', 'Info Systems', 'Chef');

INSERT INTO 身份信息 (身份证号, 姓名, 工作单位, 职业) VALUES ('1959522660', 'Olivia', 'Info Systems', 'Accountant');

INSERT INTO 身份信息 (身份证号, 姓名, 工作单位, 职业) VALUES ('1966998089', 'Olivia', 'Info Systems', 'Developer');

INSERT INTO 身份信息 (身份证号, 姓名, 工作单位, 职业) VALUES ('1968995671', 'Mary', 'Info Systems', 'Writer');

INSERT INTO 身份信息 (身份证号, 姓名, 工作单位, 职业) VALUES ('1972420767', 'Liam', 'Info Systems', 'Chef');

INSERT INTO 身份信息 (身份证号, 姓名, 工作单位, 职业) VALUES ('1975434532', 'Sophia', 'Sky Soft', 'Designer');

INSERT INTO 身份信息 (身份证号, 姓名, 工作单位, 职业) VALUES ('1976685776', 'Noah', 'Sky Soft', 'Artist');

INSERT INTO 身份信息 (身份证号, 姓名, 工作单位, 职业) VALUES ('1976820313', 'Isabella', 'Sky Soft', 'Artist');

INSERT INTO 身份信息 (身份证号, 姓名, 工作单位, 职业) VALUES ('1976998625', 'Emma', 'Innovate Co', 'Designer');

INSERT INTO 身份信息 (身份证号, 姓名, 工作单位, 职业) VALUES ('1977479956', 'William', 'Byte Solutions', 'Accountant');

INSERT INTO 身份信息 (身份证号, 姓名, 工作单位, 职业) VALUES ('1978065718', 'Isabella', 'Sky Soft', 'Doctor');

INSERT INTO 身份信息 (身份证号, 姓名, 工作单位, 职业) VALUES ('1978154873', 'Mary', 'Info Systems', 'Writer');

INSERT INTO 身份信息 (身份证号, 姓名, 工作单位, 职业) VALUES ('1980166080', 'Noah', 'Tech Corp', 'Designer');

INSERT INTO 身份信息 (身份证号, 姓名, 工作单位, 职业) VALUES ('1983003496', 'Mary', 'Data Works', 'Chef');

INSERT INTO 身份信息 (身份证号, 姓名, 工作单位, 职业) VALUES ('1984960943', 'James', 'Byte Solutions', 'Chef');

INSERT INTO 身份信息 (身份证号, 姓名, 工作单位, 职业) VALUES ('1987473551', 'Olivia', 'Innovate Co', 'Developer');

INSERT INTO 身份信息 (身份证号, 姓名, 工作单位, 职业) VALUES ('1988138262', 'Isabella', 'Global Net', 'Doctor');

INSERT INTO 身份信息 (身份证号, 姓名, 工作单位, 职业) VALUES ('1988557754', 'Olivia', 'Innovate Co', 'Manager');

INSERT INTO 身份信息 (身份证号, 姓名, 工作单位, 职业) VALUES ('1991076697', 'William', 'Sky Soft', 'Doctor');

INSERT INTO 身份信息 (身份证号, 姓名, 工作单位, 职业) VALUES ('1992260324', 'Isabella', 'Tech Corp', 'Teacher');

INSERT INTO 身份信息 (身份证号, 姓名, 工作单位, 职业) VALUES ('1992775904', 'Isabella', 'Innovate Co', 'Artist');

INSERT INTO 身份信息 (身份证号, 姓名, 工作单位, 职业) VALUES ('1997403407', 'Noah', 'Global Net', 'Developer');

INSERT INTO 身份信息 (身份证号, 姓名, 工作单位, 职业) VALUES ('1997917030', 'William', 'Info Systems', 'Designer');

INSERT INTO 身份信息 (身份证号, 姓名, 工作单位, 职业) VALUES ('1998360287', 'Isabella', 'Tech Corp', 'Writer');

INSERT INTO 身份信息 (身份证号, 姓名, 工作单位, 职业) VALUES ('1998991029', 'Sophia', 'Sky Soft', 'Developer');

INSERT INTO 身份信息 (身份证号, 姓名, 工作单位, 职业) VALUES ('1999910927', 'Sophia', 'Global Net', 'Doctor');

INSERT INTO 身份信息 (身份证号, 姓名, 工作单位, 职业) VALUES ('2003122667', 'Liam', 'Data Works', 'Developer');

INSERT INTO 身份信息 (身份证号, 姓名, 工作单位, 职业) VALUES ('2003372061', 'Emma', 'Data Works', 'Accountant');

INSERT INTO 身份信息 (身份证号, 姓名, 工作单位, 职业) VALUES ('2005853435', 'Noah', 'Info Systems', 'Artist');

INSERT INTO 身份信息 (身份证号, 姓名, 工作单位, 职业) VALUES ('2007379024', 'Mary', 'Tech Corp', 'Manager');

INSERT INTO 身份信息 (身份证号, 姓名, 工作单位, 职业) VALUES ('2008736797', 'Olivia', 'Global Net', 'Writer');

INSERT INTO 身份信息 (身份证号, 姓名, 工作单位, 职业) VALUES ('2012242527', 'James', 'Info Systems', 'Manager');

INSERT INTO 身份信息 (身份证号, 姓名, 工作单位, 职业) VALUES ('2015526339', 'William', 'Byte Solutions', 'Engineer');

INSERT INTO 身份信息 (身份证号, 姓名, 工作单位, 职业) VALUES ('2019061357', 'Sophia', 'Sky Soft', 'Teacher');

INSERT INTO 身份信息 (身份证号, 姓名, 工作单位, 职业) VALUES ('2019503777', 'Joh', 'Innovate Co', 'Manager');

INSERT INTO 身份信息 (身份证号, 姓名, 工作单位, 职业) VALUES ('2021688427', 'Sophia', 'Global Net', 'Accountant');

INSERT INTO 身份信息 (身份证号, 姓名, 工作单位, 职业) VALUES ('2028367204', 'Sophia', 'Innovate Co', 'Teacher');

INSERT INTO 身份信息 (身份证号, 姓名, 工作单位, 职业) VALUES ('2029168209', 'Olivia', 'Sky Soft', 'Chef');

INSERT INTO 身份信息 (身份证号, 姓名, 工作单位, 职业) VALUES ('2033403989', 'Olivia', 'Data Works', 'Manager');

INSERT INTO 身份信息 (身份证号, 姓名, 工作单位, 职业) VALUES ('2035299424', 'Emma', 'Innovate Co', 'Teacher');

INSERT INTO 身份信息 (身份证号, 姓名, 工作单位, 职业) VALUES ('2036909096', 'Noah', 'Innovate Co', 'Teacher');

INSERT INTO 身份信息 (身份证号, 姓名, 工作单位, 职业) VALUES ('2037027663', 'Mary', 'Info Systems', 'Manager');

INSERT INTO 身份信息 (身份证号, 姓名, 工作单位, 职业) VALUES ('2037718090', 'Liam', 'Sky Soft', 'Writer');

INSERT INTO 身份信息 (身份证号, 姓名, 工作单位, 职业) VALUES ('2038049914', 'Noah', 'Global Net', 'Developer');

INSERT INTO 身份信息 (身份证号, 姓名, 工作单位, 职业) VALUES ('2041116339', 'Emma', 'Innovate Co', 'Manager');

INSERT INTO 身份信息 (身份证号, 姓名, 工作单位, 职业) VALUES ('2041322958', 'Liam', 'Global Net', 'Artist');

INSERT INTO 身份信息 (身份证号, 姓名, 工作单位, 职业) VALUES ('2044152457', 'William', 'Innovate Co', 'Designer');

INSERT INTO 身份信息 (身份证号, 姓名, 工作单位, 职业) VALUES ('2044269317', 'Emma', 'Byte Solutions', 'Manager');

INSERT INTO 身份信息 (身份证号, 姓名, 工作单位, 职业) VALUES ('2047470042', 'Olivia', 'Byte Solutions', 'Doctor');

INSERT INTO 身份信息 (身份证号, 姓名, 工作单位, 职业) VALUES ('2047827335', 'Isabella', 'Sky Soft', 'Designer');

INSERT INTO 身份信息 (身份证号, 姓名, 工作单位, 职业) VALUES ('2052418777', 'Olivia', 'Global Net', 'Doctor');

INSERT INTO 身份信息 (身份证号, 姓名, 工作单位, 职业) VALUES ('2052617671', 'Isabella', 'Global Net', 'Manager');

INSERT INTO 身份信息 (身份证号, 姓名, 工作单位, 职业) VALUES ('2054429262', 'Olivia', 'Info Systems', 'Doctor');

INSERT INTO 身份信息 (身份证号, 姓名, 工作单位, 职业) VALUES ('2056215686', 'Isabella', 'Innovate Co', 'Designer');

INSERT INTO 身份信息 (身份证号, 姓名, 工作单位, 职业) VALUES ('2062464820', 'Mary', 'Innovate Co', 'Chef');

INSERT INTO 身份信息 (身份证号, 姓名, 工作单位, 职业) VALUES ('2063030453', 'Sophia', 'Byte Solutions', 'Doctor');

INSERT INTO 身份信息 (身份证号, 姓名, 工作单位, 职业) VALUES ('2066298573', 'Mary', 'Tech Corp', 'Accountant');

INSERT INTO 身份信息 (身份证号, 姓名, 工作单位, 职业) VALUES ('2068575247', 'Joh', 'Global Net', 'Artist');

INSERT INTO 身份信息 (身份证号, 姓名, 工作单位, 职业) VALUES ('2069868187', 'William', 'Tech Corp', 'Teacher');

INSERT INTO 身份信息 (身份证号, 姓名, 工作单位, 职业) VALUES ('2070283788', 'Isabella', 'Innovate Co', 'Designer');

INSERT INTO 身份信息 (身份证号, 姓名, 工作单位, 职业) VALUES ('2071113449', 'Emma', 'Tech Corp', 'Engineer');

INSERT INTO 身份信息 (身份证号, 姓名, 工作单位, 职业) VALUES ('2071634781', 'Sophia', 'Sky Soft', 'Developer');

INSERT INTO 身份信息 (身份证号, 姓名, 工作单位, 职业) VALUES ('2077814195', 'Noah', 'Global Net', 'Engineer');

INSERT INTO 身份信息 (身份证号, 姓名, 工作单位, 职业) VALUES ('2078552463', 'William', 'Global Net', 'Designer');

INSERT INTO 身份信息 (身份证号, 姓名, 工作单位, 职业) VALUES ('2078970944', 'Isabella', 'Data Works', 'Chef');

INSERT INTO 身份信息 (身份证号, 姓名, 工作单位, 职业) VALUES ('2079045374', 'Joh', 'Data Works', 'Manager');

INSERT INTO 身份信息 (身份证号, 姓名, 工作单位, 职业) VALUES ('2081125420', 'Sophia', 'Global Net', 'Writer');

INSERT INTO 身份信息 (身份证号, 姓名, 工作单位, 职业) VALUES ('2082551390', 'William', 'Innovate Co', 'Writer');

INSERT INTO 身份信息 (身份证号, 姓名, 工作单位, 职业) VALUES ('2083118004', 'James', 'Data Works', 'Doctor');

INSERT INTO 身份信息 (身份证号, 姓名, 工作单位, 职业) VALUES ('2086214333', 'James', 'Tech Corp', 'Artist');

INSERT INTO 身份信息 (身份证号, 姓名, 工作单位, 职业) VALUES ('2086582909', 'James', 'Data Works', 'Accountant');

INSERT INTO 身份信息 (身份证号, 姓名, 工作单位, 职业) VALUES ('2087808542', 'Joh', 'Global Net', 'Engineer');

INSERT INTO 身份信息 (身份证号, 姓名, 工作单位, 职业) VALUES ('2089293565', 'Noah', 'Tech Corp', 'Doctor');

INSERT INTO 身份信息 (身份证号, 姓名, 工作单位, 职业) VALUES ('2089658218', 'Noah', 'Info Systems', 'Doctor');

INSERT INTO 身份信息 (身份证号, 姓名, 工作单位, 职业) VALUES ('2089724226', 'Joh', 'Innovate Co', 'Designer');

INSERT INTO 身份信息 (身份证号, 姓名, 工作单位, 职业) VALUES ('2094385377', 'William', 'Global Net', 'Doctor');

INSERT INTO 身份信息 (身份证号, 姓名, 工作单位, 职业) VALUES ('2094927988', 'Joh', 'Data Works', 'Engineer');

INSERT INTO 身份信息 (身份证号, 姓名, 工作单位, 职业) VALUES ('2095575373', 'James', 'Innovate Co', 'Accountant');

INSERT INTO 身份信息 (身份证号, 姓名, 工作单位, 职业) VALUES ('2095663189', 'William', 'Tech Corp', 'Chef');

INSERT INTO 身份信息 (身份证号, 姓名, 工作单位, 职业) VALUES ('2096235930', 'James', 'Info Systems', 'Manager');

INSERT INTO 身份信息 (身份证号, 姓名, 工作单位, 职业) VALUES ('2096665934', 'Emma', 'Info Systems', 'Chef');

INSERT INTO 身份信息 (身份证号, 姓名, 工作单位, 职业) VALUES ('2099250641', 'Mary', 'Info Systems', 'Writer');

INSERT INTO 身份信息 (身份证号, 姓名, 工作单位, 职业) VALUES ('2100512349', 'Joh', 'Byte Solutions', 'Accountant');

INSERT INTO 身份信息 (身份证号, 姓名, 工作单位, 职业) VALUES ('2108877206', 'Mary', 'Global Net', 'Engineer');

INSERT INTO 身份信息 (身份证号, 姓名, 工作单位, 职业) VALUES ('2109674912', 'William', 'Data Works', 'Accountant');

INSERT INTO 身份信息 (身份证号, 姓名, 工作单位, 职业) VALUES ('2111004059', 'Joh', 'Byte Solutions', 'Artist');

INSERT INTO 身份信息 (身份证号, 姓名, 工作单位, 职业) VALUES ('2114889328', 'Olivia', 'Sky Soft', 'Developer');

INSERT INTO 身份信息 (身份证号, 姓名, 工作单位, 职业) VALUES ('2115202568', 'James', 'Sky Soft', 'Accountant');

INSERT INTO 身份信息 (身份证号, 姓名, 工作单位, 职业) VALUES ('2116462371', 'Olivia', 'Sky Soft', 'Developer');

INSERT INTO 身份信息 (身份证号, 姓名, 工作单位, 职业) VALUES ('2119406002', 'Liam', 'Innovate Co', 'Writer');

INSERT INTO 身份信息 (身份证号, 姓名, 工作单位, 职业) VALUES ('2119871510', 'James', 'Byte Solutions', 'Designer');

INSERT INTO 身份信息 (身份证号, 姓名, 工作单位, 职业) VALUES ('2121718348', 'Joh', 'Tech Corp', 'Designer');

INSERT INTO 身份信息 (身份证号, 姓名, 工作单位, 职业) VALUES ('2123318420', 'Joh', 'Global Net', 'Manager');

INSERT INTO 身份信息 (身份证号, 姓名, 工作单位, 职业) VALUES ('2124840584', 'Liam', 'Tech Corp', 'Manager');

INSERT INTO 身份信息 (身份证号, 姓名, 工作单位, 职业) VALUES ('2128088242', 'Emma', 'Byte Solutions', 'Artist');

INSERT INTO 身份信息 (身份证号, 姓名, 工作单位, 职业) VALUES ('2128101402', 'William', 'Innovate Co', 'Artist');

INSERT INTO 身份信息 (身份证号, 姓名, 工作单位, 职业) VALUES ('2130269549', 'Mary', 'Data Works', 'Chef');

INSERT INTO 身份信息 (身份证号, 姓名, 工作单位, 职业) VALUES ('2131461895', 'Noah', 'Tech Corp', 'Manager');

INSERT INTO 身份信息 (身份证号, 姓名, 工作单位, 职业) VALUES ('2132288368', 'Mary', 'Byte Solutions', 'Chef');

INSERT INTO 身份信息 (身份证号, 姓名, 工作单位, 职业) VALUES ('2135601809', 'James', 'Info Systems', 'Manager');

INSERT INTO 身份信息 (身份证号, 姓名, 工作单位, 职业) VALUES ('2137468353', 'Mary', 'Sky Soft', 'Developer');

INSERT INTO 身份信息 (身份证号, 姓名, 工作单位, 职业) VALUES ('2140995845', 'Olivia', 'Tech Corp', 'Doctor');

INSERT INTO 身份信息 (身份证号, 姓名, 工作单位, 职业) VALUES ('2142047032', 'Noah', 'Byte Solutions', 'Manager');

INSERT INTO 身份信息 (身份证号, 姓名, 工作单位, 职业) VALUES ('2142840952', 'William', 'Info Systems', 'Designer');

INSERT INTO 身份信息 (身份证号, 姓名, 工作单位, 职业) VALUES ('2143968080', 'Liam', 'Tech Corp', 'Developer');

INSERT INTO 身份信息 (身份证号, 姓名, 工作单位, 职业) VALUES ('2144854333', 'Olivia', 'Tech Corp', 'Manager');

INSERT INTO 身份信息 (身份证号, 姓名, 工作单位, 职业) VALUES ('2145041959', 'Liam', 'Sky Soft', 'Artist');

INSERT INTO 身份信息 (身份证号, 姓名, 工作单位, 职业) VALUES ('2146535345', 'Mary', 'Byte Solutions', 'Engineer');

INSERT INTO 身份信息 (身份证号, 姓名, 工作单位, 职业) VALUES ('2148141603', 'Joh', 'Info Systems', 'Engineer');

INSERT INTO 身份信息 (身份证号, 姓名, 工作单位, 职业) VALUES ('2149701888', 'Isabella', 'Tech Corp', 'Teacher');

INSERT INTO 身份信息 (身份证号, 姓名, 工作单位, 职业) VALUES ('2153800394', 'William', 'Info Systems', 'Manager');

INSERT INTO 身份信息 (身份证号, 姓名, 工作单位, 职业) VALUES ('2154431801', 'William', 'Tech Corp', 'Doctor');

INSERT INTO 身份信息 (身份证号, 姓名, 工作单位, 职业) VALUES ('2154729466', 'Joh', 'Global Net', 'Chef');

INSERT INTO 身份信息 (身份证号, 姓名, 工作单位, 职业) VALUES ('2158488222', 'James', 'Info Systems', 'Accountant');

INSERT INTO 身份信息 (身份证号, 姓名, 工作单位, 职业) VALUES ('2161221803', 'Mary', 'Byte Solutions', 'Teacher');

INSERT INTO 身份信息 (身份证号, 姓名, 工作单位, 职业) VALUES ('2166828358', 'William', 'Global Net', 'Writer');

INSERT INTO 身份信息 (身份证号, 姓名, 工作单位, 职业) VALUES ('2167620420', 'Noah', 'Sky Soft', 'Chef');

INSERT INTO 身份信息 (身份证号, 姓名, 工作单位, 职业) VALUES ('2168959027', 'Sophia', 'Tech Corp', 'Chef');

INSERT INTO 身份信息 (身份证号, 姓名, 工作单位, 职业) VALUES ('2170663267', 'William', 'Info Systems', 'Artist');

INSERT INTO 身份信息 (身份证号, 姓名, 工作单位, 职业) VALUES ('2170717132', 'Emma', 'Global Net', 'Artist');

INSERT INTO 身份信息 (身份证号, 姓名, 工作单位, 职业) VALUES ('2173355452', 'Emma', 'Tech Corp', 'Writer');

INSERT INTO 身份信息 (身份证号, 姓名, 工作单位, 职业) VALUES ('2175445208', 'James', 'Innovate Co', 'Artist');

INSERT INTO 身份信息 (身份证号, 姓名, 工作单位, 职业) VALUES ('2177101478', 'Olivia', 'Global Net', 'Manager');

INSERT INTO 身份信息 (身份证号, 姓名, 工作单位, 职业) VALUES ('2178651332', 'Joh', 'Byte Solutions', 'Teacher');

INSERT INTO 身份信息 (身份证号, 姓名, 工作单位, 职业) VALUES ('2183691141', 'Liam', 'Innovate Co', 'Manager');

INSERT INTO 身份信息 (身份证号, 姓名, 工作单位, 职业) VALUES ('2184994901', 'Liam', 'Tech Corp', 'Developer');

INSERT INTO 身份信息 (身份证号, 姓名, 工作单位, 职业) VALUES ('2185880310', 'William', 'Innovate Co', 'Designer');

INSERT INTO 身份信息 (身份证号, 姓名, 工作单位, 职业) VALUES ('2186139973', 'Sophia', 'Byte Solutions', 'Writer');

INSERT INTO 身份信息 (身份证号, 姓名, 工作单位, 职业) VALUES ('2189803051', 'Olivia', 'Global Net', 'Teacher');

INSERT INTO 身份信息 (身份证号, 姓名, 工作单位, 职业) VALUES ('2191383476', 'Mary', 'Info Systems', 'Manager');

INSERT INTO 身份信息 (身份证号, 姓名, 工作单位, 职业) VALUES ('2193242583', 'Emma', 'Data Works', 'Writer');

INSERT INTO 身份信息 (身份证号, 姓名, 工作单位, 职业) VALUES ('2193645430', 'Isabella', 'Byte Solutions', 'Artist');

INSERT INTO 身份信息 (身份证号, 姓名, 工作单位, 职业) VALUES ('2196832771', 'Joh', 'Innovate Co', 'Teacher');

INSERT INTO 身份信息 (身份证号, 姓名, 工作单位, 职业) VALUES ('2198068646', 'William', 'Data Works', 'Artist');

INSERT INTO 身份信息 (身份证号, 姓名, 工作单位, 职业) VALUES ('2198690052', 'Liam', 'Innovate Co', 'Manager');

INSERT INTO 身份信息 (身份证号, 姓名, 工作单位, 职业) VALUES ('2198907505', 'William', 'Global Net', 'Doctor');

INSERT INTO 身份信息 (身份证号, 姓名, 工作单位, 职业) VALUES ('2203782226', 'William', 'Sky Soft', 'Teacher');

INSERT INTO 身份信息 (身份证号, 姓名, 工作单位, 职业) VALUES ('2204663433', 'Emma', 'Data Works', 'Chef');

INSERT INTO 身份信息 (身份证号, 姓名, 工作单位, 职业) VALUES ('2205317019', 'Sophia', 'Byte Solutions', 'Accountant');

INSERT INTO 身份信息 (身份证号, 姓名, 工作单位, 职业) VALUES ('2205355460', 'Noah', 'Sky Soft', 'Accountant');

INSERT INTO 身份信息 (身份证号, 姓名, 工作单位, 职业) VALUES ('2206651333', 'Mary', 'Tech Corp', 'Writer');

INSERT INTO 身份信息 (身份证号, 姓名, 工作单位, 职业) VALUES ('2207032553', 'Emma', 'Data Works', 'Manager');

INSERT INTO 身份信息 (身份证号, 姓名, 工作单位, 职业) VALUES ('2208507975', 'Noah', 'Data Works', 'Doctor');

INSERT INTO 身份信息 (身份证号, 姓名, 工作单位, 职业) VALUES ('2211524785', 'Noah', 'Sky Soft', 'Manager');

INSERT INTO 身份信息 (身份证号, 姓名, 工作单位, 职业) VALUES ('2211949624', 'Isabella', 'Tech Corp', 'Accountant');

INSERT INTO 身份信息 (身份证号, 姓名, 工作单位, 职业) VALUES ('2212317069', 'Liam', 'Sky Soft', 'Artist');

INSERT INTO 身份信息 (身份证号, 姓名, 工作单位, 职业) VALUES ('2213358752', 'Emma', 'Innovate Co', 'Teacher');

INSERT INTO 身份信息 (身份证号, 姓名, 工作单位, 职业) VALUES ('2215434370', 'Liam', 'Info Systems', 'Accountant');

INSERT INTO 身份信息 (身份证号, 姓名, 工作单位, 职业) VALUES ('2216490444', 'Isabella', 'Data Works', 'Artist');

INSERT INTO 身份信息 (身份证号, 姓名, 工作单位, 职业) VALUES ('2216784403', 'William', 'Innovate Co', 'Designer');

INSERT INTO 身份信息 (身份证号, 姓名, 工作单位, 职业) VALUES ('2218457767', 'Emma', 'Data Works', 'Accountant');

INSERT INTO 身份信息 (身份证号, 姓名, 工作单位, 职业) VALUES ('2219262961', 'Mary', 'Sky Soft', 'Manager');

INSERT INTO 身份信息 (身份证号, 姓名, 工作单位, 职业) VALUES ('2220175749', 'William', 'Sky Soft', 'Engineer');

INSERT INTO 身份信息 (身份证号, 姓名, 工作单位, 职业) VALUES ('2222536545', 'Liam', 'Sky Soft', 'Accountant');

INSERT INTO 身份信息 (身份证号, 姓名, 工作单位, 职业) VALUES ('2226038602', 'Mary', 'Innovate Co', 'Artist');

INSERT INTO 身份信息 (身份证号, 姓名, 工作单位, 职业) VALUES ('2228303112', 'Joh', 'Tech Corp', 'Doctor');

INSERT INTO 身份信息 (身份证号, 姓名, 工作单位, 职业) VALUES ('2233138124', 'Mary', 'Sky Soft', 'Teacher');

INSERT INTO 身份信息 (身份证号, 姓名, 工作单位, 职业) VALUES ('2233430777', 'Noah', 'Info Systems', 'Engineer');

INSERT INTO 身份信息 (身份证号, 姓名, 工作单位, 职业) VALUES ('2234724305', 'Noah', 'Tech Corp', 'Doctor');

INSERT INTO 身份信息 (身份证号, 姓名, 工作单位, 职业) VALUES ('2235904159', 'Emma', 'Innovate Co', 'Teacher');

INSERT INTO 身份信息 (身份证号, 姓名, 工作单位, 职业) VALUES ('2237574702', 'William', 'Sky Soft', 'Accountant');

INSERT INTO 身份信息 (身份证号, 姓名, 工作单位, 职业) VALUES ('2240911586', 'William', 'Info Systems', 'Manager');

INSERT INTO 身份信息 (身份证号, 姓名, 工作单位, 职业) VALUES ('2242916253', 'Sophia', 'Info Systems', 'Designer');

INSERT INTO 身份信息 (身份证号, 姓名, 工作单位, 职业) VALUES ('2243929882', 'Isabella', 'Global Net', 'Engineer');

INSERT INTO 身份信息 (身份证号, 姓名, 工作单位, 职业) VALUES ('2247641109', 'Mary', 'Innovate Co', 'Chef');

INSERT INTO 身份信息 (身份证号, 姓名, 工作单位, 职业) VALUES ('2247759424', 'James', 'Global Net', 'Chef');

INSERT INTO 身份信息 (身份证号, 姓名, 工作单位, 职业) VALUES ('2249371411', 'Joh', 'Tech Corp', 'Engineer');

INSERT INTO 身份信息 (身份证号, 姓名, 工作单位, 职业) VALUES ('2250359577', 'Sophia', 'Global Net', 'Writer');

INSERT INTO 身份信息 (身份证号, 姓名, 工作单位, 职业) VALUES ('2253361078', 'Mary', 'Data Works', 'Chef');

INSERT INTO 身份信息 (身份证号, 姓名, 工作单位, 职业) VALUES ('2257263680', 'Olivia', 'Byte Solutions', 'Artist');

INSERT INTO 身份信息 (身份证号, 姓名, 工作单位, 职业) VALUES ('2261933882', 'Mary', 'Data Works', 'Chef');

INSERT INTO 身份信息 (身份证号, 姓名, 工作单位, 职业) VALUES ('2264163058', 'Olivia', 'Sky Soft', 'Manager');

INSERT INTO 身份信息 (身份证号, 姓名, 工作单位, 职业) VALUES ('2264893003', 'James', 'Tech Corp', 'Designer');

INSERT INTO 身份信息 (身份证号, 姓名, 工作单位, 职业) VALUES ('2265814169', 'Isabella', 'Info Systems', 'Designer');

INSERT INTO 身份信息 (身份证号, 姓名, 工作单位, 职业) VALUES ('2271134889', 'Mary', 'Data Works', 'Teacher');

INSERT INTO 身份信息 (身份证号, 姓名, 工作单位, 职业) VALUES ('2274496611', 'Olivia', 'Info Systems', 'Accountant');

INSERT INTO 身份信息 (身份证号, 姓名, 工作单位, 职业) VALUES ('2277704036', 'Olivia', 'Sky Soft', 'Doctor');

INSERT INTO 身份信息 (身份证号, 姓名, 工作单位, 职业) VALUES ('2279551667', 'Joh', 'Info Systems', 'Teacher');

INSERT INTO 身份信息 (身份证号, 姓名, 工作单位, 职业) VALUES ('2281610801', 'Isabella', 'Tech Corp', 'Chef');

INSERT INTO 身份信息 (身份证号, 姓名, 工作单位, 职业) VALUES ('2288052727', 'Isabella', 'Byte Solutions', 'Artist');

INSERT INTO 身份信息 (身份证号, 姓名, 工作单位, 职业) VALUES ('2288705682', 'Liam', 'Byte Solutions', 'Developer');

INSERT INTO 身份信息 (身份证号, 姓名, 工作单位, 职业) VALUES ('2290047132', 'Isabella', 'Data Works', 'Designer');

INSERT INTO 身份信息 (身份证号, 姓名, 工作单位, 职业) VALUES ('2290363675', 'Sophia', 'Sky Soft', 'Engineer');

INSERT INTO 身份信息 (身份证号, 姓名, 工作单位, 职业) VALUES ('2292207618', 'James', 'Global Net', 'Chef');

INSERT INTO 身份信息 (身份证号, 姓名, 工作单位, 职业) VALUES ('2292515784', 'Olivia', 'Data Works', 'Chef');

INSERT INTO 身份信息 (身份证号, 姓名, 工作单位, 职业) VALUES ('2295140293', 'Liam', 'Info Systems', 'Teacher');

INSERT INTO 身份信息 (身份证号, 姓名, 工作单位, 职业) VALUES ('2295790202', 'Liam', 'Global Net', 'Doctor');

INSERT INTO 身份信息 (身份证号, 姓名, 工作单位, 职业) VALUES ('2296114760', 'Sophia', 'Sky Soft', 'Teacher');

INSERT INTO 身份信息 (身份证号, 姓名, 工作单位, 职业) VALUES ('2296360531', 'Sophia', 'Sky Soft', 'Chef');

INSERT INTO 身份信息 (身份证号, 姓名, 工作单位, 职业) VALUES ('2297281858', 'Mary', 'Sky Soft', 'Engineer');

INSERT INTO 身份信息 (身份证号, 姓名, 工作单位, 职业) VALUES ('2298122553', 'Noah', 'Innovate Co', 'Developer');

INSERT INTO 身份信息 (身份证号, 姓名, 工作单位, 职业) VALUES ('2300497811', 'Liam', 'Innovate Co', 'Manager');

INSERT INTO 身份信息 (身份证号, 姓名, 工作单位, 职业) VALUES ('2301685233', 'Mary', 'Sky Soft', 'Engineer');

INSERT INTO 身份信息 (身份证号, 姓名, 工作单位, 职业) VALUES ('2304898615', 'Liam', 'Global Net', 'Artist');

INSERT INTO 身份信息 (身份证号, 姓名, 工作单位, 职业) VALUES ('2308688862', 'Noah', 'Data Works', 'Engineer');

INSERT INTO 身份信息 (身份证号, 姓名, 工作单位, 职业) VALUES ('2310035910', 'Olivia', 'Sky Soft', 'Artist');

INSERT INTO 身份信息 (身份证号, 姓名, 工作单位, 职业) VALUES ('2314622201', 'Olivia', 'Data Works', 'Writer');

INSERT INTO 身份信息 (身份证号, 姓名, 工作单位, 职业) VALUES ('2314867525', 'Noah', 'Tech Corp', 'Doctor');

INSERT INTO 身份信息 (身份证号, 姓名, 工作单位, 职业) VALUES ('2314983244', 'James', 'Global Net', 'Writer');

INSERT INTO 身份信息 (身份证号, 姓名, 工作单位, 职业) VALUES ('2316886121', 'Sophia', 'Global Net', 'Engineer');

INSERT INTO 身份信息 (身份证号, 姓名, 工作单位, 职业) VALUES ('2317028417', 'Mary', 'Info Systems', 'Teacher');

INSERT INTO 身份信息 (身份证号, 姓名, 工作单位, 职业) VALUES ('2318389240', 'Mary', 'Byte Solutions', 'Manager');

INSERT INTO 身份信息 (身份证号, 姓名, 工作单位, 职业) VALUES ('2319227649', 'James', 'Tech Corp', 'Teacher');

INSERT INTO 身份信息 (身份证号, 姓名, 工作单位, 职业) VALUES ('2319647647', 'Mary', 'Data Works', 'Accountant');

INSERT INTO 身份信息 (身份证号, 姓名, 工作单位, 职业) VALUES ('2319957004', 'William', 'Byte Solutions', 'Manager');

INSERT INTO 身份信息 (身份证号, 姓名, 工作单位, 职业) VALUES ('2323542864', 'Isabella', 'Byte Solutions', 'Artist');

INSERT INTO 身份信息 (身份证号, 姓名, 工作单位, 职业) VALUES ('2327607446', 'Mary', 'Global Net', 'Doctor');

INSERT INTO 身份信息 (身份证号, 姓名, 工作单位, 职业) VALUES ('2331577935', 'Noah', 'Global Net', 'Chef');

INSERT INTO 身份信息 (身份证号, 姓名, 工作单位, 职业) VALUES ('2332480303', 'Mary', 'Innovate Co', 'Designer');

INSERT INTO 身份信息 (身份证号, 姓名, 工作单位, 职业) VALUES ('2337225032', 'Noah', 'Data Works', 'Writer');

INSERT INTO 身份信息 (身份证号, 姓名, 工作单位, 职业) VALUES ('2341830675', 'Noah', 'Sky Soft', 'Writer');

INSERT INTO 身份信息 (身份证号, 姓名, 工作单位, 职业) VALUES ('2344595336', 'Emma', 'Data Works', 'Engineer');

INSERT INTO 身份信息 (身份证号, 姓名, 工作单位, 职业) VALUES ('2348348914', 'Sophia', 'Tech Corp', 'Writer');

INSERT INTO 身份信息 (身份证号, 姓名, 工作单位, 职业) VALUES ('2348805582', 'Olivia', 'Global Net', 'Writer');

INSERT INTO 身份信息 (身份证号, 姓名, 工作单位, 职业) VALUES ('2349070873', 'Joh', 'Global Net', 'Engineer');

INSERT INTO 身份信息 (身份证号, 姓名, 工作单位, 职业) VALUES ('2355513401', 'Sophia', 'Global Net', 'Artist');

INSERT INTO 身份信息 (身份证号, 姓名, 工作单位, 职业) VALUES ('2359776499', 'Mary', 'Info Systems', 'Doctor');

INSERT INTO 身份信息 (身份证号, 姓名, 工作单位, 职业) VALUES ('2364201335', 'William', 'Global Net', 'Artist');

INSERT INTO 身份信息 (身份证号, 姓名, 工作单位, 职业) VALUES ('2365837862', 'Liam', 'Info Systems', 'Doctor');

INSERT INTO 身份信息 (身份证号, 姓名, 工作单位, 职业) VALUES ('2366288929', 'Olivia', 'Info Systems', 'Engineer');

INSERT INTO 身份信息 (身份证号, 姓名, 工作单位, 职业) VALUES ('2368289045', 'Liam', 'Global Net', 'Accountant');

INSERT INTO 身份信息 (身份证号, 姓名, 工作单位, 职业) VALUES ('2368628072', 'Noah', 'Global Net', 'Developer');

INSERT INTO 身份信息 (身份证号, 姓名, 工作单位, 职业) VALUES ('2371831030', 'Noah', 'Tech Corp', 'Developer');

INSERT INTO 身份信息 (身份证号, 姓名, 工作单位, 职业) VALUES ('2373219776', 'Noah', 'Innovate Co', 'Accountant');

INSERT INTO 身份信息 (身份证号, 姓名, 工作单位, 职业) VALUES ('2376750888', 'William', 'Global Net', 'Engineer');

INSERT INTO 身份信息 (身份证号, 姓名, 工作单位, 职业) VALUES ('2378989398', 'Joh', 'Byte Solutions', 'Artist');

INSERT INTO 身份信息 (身份证号, 姓名, 工作单位, 职业) VALUES ('2380230681', 'Mary', 'Tech Corp', 'Manager');

INSERT INTO 身份信息 (身份证号, 姓名, 工作单位, 职业) VALUES ('2380385482', 'Liam', 'Info Systems', 'Doctor');

INSERT INTO 身份信息 (身份证号, 姓名, 工作单位, 职业) VALUES ('2381573051', 'Liam', 'Info Systems', 'Designer');

INSERT INTO 身份信息 (身份证号, 姓名, 工作单位, 职业) VALUES ('2386743179', 'William', 'Tech Corp', 'Designer');

INSERT INTO 身份信息 (身份证号, 姓名, 工作单位, 职业) VALUES ('2391508122', 'Noah', 'Innovate Co', 'Developer');

INSERT INTO 身份信息 (身份证号, 姓名, 工作单位, 职业) VALUES ('2394310543', 'Joh', 'Byte Solutions', 'Developer');

INSERT INTO 身份信息 (身份证号, 姓名, 工作单位, 职业) VALUES ('2395307619', 'Joh', 'Global Net', 'Writer');

INSERT INTO 身份信息 (身份证号, 姓名, 工作单位, 职业) VALUES ('2396210169', 'Emma', 'Info Systems', 'Artist');

INSERT INTO 身份信息 (身份证号, 姓名, 工作单位, 职业) VALUES ('2397182750', 'Sophia', 'Innovate Co', 'Manager');

INSERT INTO 身份信息 (身份证号, 姓名, 工作单位, 职业) VALUES ('2399184017', 'Mary', 'Innovate Co', 'Doctor');

INSERT INTO 身份信息 (身份证号, 姓名, 工作单位, 职业) VALUES ('2401499269', 'Mary', 'Byte Solutions', 'Chef');

INSERT INTO 身份信息 (身份证号, 姓名, 工作单位, 职业) VALUES ('2401610689', 'Liam', 'Data Works', 'Manager');

INSERT INTO 身份信息 (身份证号, 姓名, 工作单位, 职业) VALUES ('2402428731', 'Mary', 'Data Works', 'Teacher');

INSERT INTO 身份信息 (身份证号, 姓名, 工作单位, 职业) VALUES ('2403115803', 'William', 'Byte Solutions', 'Artist');

INSERT INTO 身份信息 (身份证号, 姓名, 工作单位, 职业) VALUES ('2404424046', 'Liam', 'Innovate Co', 'Manager');

INSERT INTO 身份信息 (身份证号, 姓名, 工作单位, 职业) VALUES ('2405072673', 'Olivia', 'Data Works', 'Artist');

INSERT INTO 身份信息 (身份证号, 姓名, 工作单位, 职业) VALUES ('2405600529', 'Sophia', 'Data Works', 'Doctor');

INSERT INTO 身份信息 (身份证号, 姓名, 工作单位, 职业) VALUES ('2408588735', 'Olivia', 'Info Systems', 'Doctor');

INSERT INTO 身份信息 (身份证号, 姓名, 工作单位, 职业) VALUES ('2413266802', 'Sophia', 'Data Works', 'Engineer');

INSERT INTO 身份信息 (身份证号, 姓名, 工作单位, 职业) VALUES ('2417706048', 'Olivia', 'Innovate Co', 'Accountant');

INSERT INTO 身份信息 (身份证号, 姓名, 工作单位, 职业) VALUES ('2418954909', 'Joh', 'Info Systems', 'Accountant');

INSERT INTO 身份信息 (身份证号, 姓名, 工作单位, 职业) VALUES ('2428178896', 'Noah', 'Innovate Co', 'Teacher');

INSERT INTO 身份信息 (身份证号, 姓名, 工作单位, 职业) VALUES ('2429048092', 'Olivia', 'Data Works', 'Accountant');

INSERT INTO 身份信息 (身份证号, 姓名, 工作单位, 职业) VALUES ('2435960942', 'Sophia', 'Sky Soft', 'Developer');

INSERT INTO 身份信息 (身份证号, 姓名, 工作单位, 职业) VALUES ('2438000368', 'Isabella', 'Sky Soft', 'Manager');

INSERT INTO 身份信息 (身份证号, 姓名, 工作单位, 职业) VALUES ('2439285648', 'Mary', 'Innovate Co', 'Manager');

INSERT INTO 身份信息 (身份证号, 姓名, 工作单位, 职业) VALUES ('2439885932', 'Joh', 'Info Systems', 'Manager');

INSERT INTO 身份信息 (身份证号, 姓名, 工作单位, 职业) VALUES ('2442283144', 'Joh', 'Global Net', 'Developer');

INSERT INTO 身份信息 (身份证号, 姓名, 工作单位, 职业) VALUES ('2445652845', 'Noah', 'Byte Solutions', 'Developer');

INSERT INTO 身份信息 (身份证号, 姓名, 工作单位, 职业) VALUES ('2446993660', 'William', 'Data Works', 'Writer');

INSERT INTO 身份信息 (身份证号, 姓名, 工作单位, 职业) VALUES ('2447109410', 'William', 'Byte Solutions', 'Teacher');

INSERT INTO 身份信息 (身份证号, 姓名, 工作单位, 职业) VALUES ('2450986863', 'Liam', 'Tech Corp', 'Doctor');

INSERT INTO 身份信息 (身份证号, 姓名, 工作单位, 职业) VALUES ('2451678252', 'Mary', 'Innovate Co', 'Developer');

INSERT INTO 身份信息 (身份证号, 姓名, 工作单位, 职业) VALUES ('2456696629', 'Mary', 'Sky Soft', 'Engineer');

INSERT INTO 身份信息 (身份证号, 姓名, 工作单位, 职业) VALUES ('2461119798', 'James', 'Info Systems', 'Developer');

INSERT INTO 身份信息 (身份证号, 姓名, 工作单位, 职业) VALUES ('2462312772', 'Joh', 'Innovate Co', 'Doctor');

INSERT INTO 身份信息 (身份证号, 姓名, 工作单位, 职业) VALUES ('2462529988', 'Mary', 'Byte Solutions', 'Accountant');

INSERT INTO 身份信息 (身份证号, 姓名, 工作单位, 职业) VALUES ('2470879117', 'Liam', 'Sky Soft', 'Writer');

INSERT INTO 身份信息 (身份证号, 姓名, 工作单位, 职业) VALUES ('2483250944', 'Olivia', 'Info Systems', 'Artist');

INSERT INTO 身份信息 (身份证号, 姓名, 工作单位, 职业) VALUES ('2484258156', 'William', 'Info Systems', 'Teacher');

INSERT INTO 身份信息 (身份证号, 姓名, 工作单位, 职业) VALUES ('2485139331', 'James', 'Tech Corp', 'Doctor');

INSERT INTO 身份信息 (身份证号, 姓名, 工作单位, 职业) VALUES ('2486857900', 'Joh', 'Byte Solutions', 'Doctor');

INSERT INTO 身份信息 (身份证号, 姓名, 工作单位, 职业) VALUES ('2487476308', 'Olivia', 'Tech Corp', 'Designer');

INSERT INTO 身份信息 (身份证号, 姓名, 工作单位, 职业) VALUES ('2487576090', 'Mary', 'Info Systems', 'Teacher');

INSERT INTO 身份信息 (身份证号, 姓名, 工作单位, 职业) VALUES ('2487664931', 'Olivia', 'Data Works', 'Chef');

INSERT INTO 身份信息 (身份证号, 姓名, 工作单位, 职业) VALUES ('2488796213', 'Emma', 'Sky Soft', 'Teacher');

INSERT INTO 身份信息 (身份证号, 姓名, 工作单位, 职业) VALUES ('2488893973', 'Mary', 'Innovate Co', 'Writer');

INSERT INTO 身份信息 (身份证号, 姓名, 工作单位, 职业) VALUES ('2492646876', 'William', 'Info Systems', 'Engineer');

INSERT INTO 身份信息 (身份证号, 姓名, 工作单位, 职业) VALUES ('2493722562', 'Olivia', 'Data Works', 'Writer');

INSERT INTO 身份信息 (身份证号, 姓名, 工作单位, 职业) VALUES ('2497088725', 'Isabella', 'Info Systems', 'Developer');

INSERT INTO 身份信息 (身份证号, 姓名, 工作单位, 职业) VALUES ('2498739965', 'Liam', 'Innovate Co', 'Writer');

INSERT INTO 身份信息 (身份证号, 姓名, 工作单位, 职业) VALUES ('2501416165', 'Noah', 'Byte Solutions', 'Designer');

INSERT INTO 身份信息 (身份证号, 姓名, 工作单位, 职业) VALUES ('2502096648', 'James', 'Info Systems', 'Artist');

INSERT INTO 身份信息 (身份证号, 姓名, 工作单位, 职业) VALUES ('2505640878', 'James', 'Byte Solutions', 'Manager');

INSERT INTO 身份信息 (身份证号, 姓名, 工作单位, 职业) VALUES ('2509569673', 'Olivia', 'Global Net', 'Developer');

INSERT INTO 身份信息 (身份证号, 姓名, 工作单位, 职业) VALUES ('2510899517', 'Noah', 'Data Works', 'Artist');

INSERT INTO 身份信息 (身份证号, 姓名, 工作单位, 职业) VALUES ('2511063761', 'Isabella', 'Data Works', 'Accountant');

INSERT INTO 身份信息 (身份证号, 姓名, 工作单位, 职业) VALUES ('2513216783', 'Noah', 'Byte Solutions', 'Engineer');

INSERT INTO 身份信息 (身份证号, 姓名, 工作单位, 职业) VALUES ('2521862517', 'Mary', 'Byte Solutions', 'Chef');

INSERT INTO 身份信息 (身份证号, 姓名, 工作单位, 职业) VALUES ('2522268494', 'Olivia', 'Tech Corp', 'Developer');

INSERT INTO 身份信息 (身份证号, 姓名, 工作单位, 职业) VALUES ('2522552951', 'Isabella', 'Byte Solutions', 'Designer');

INSERT INTO 身份信息 (身份证号, 姓名, 工作单位, 职业) VALUES ('2523712405', 'Joh', 'Byte Solutions', 'Artist');

INSERT INTO 身份信息 (身份证号, 姓名, 工作单位, 职业) VALUES ('2524937098', 'Olivia', 'Innovate Co', 'Artist');

INSERT INTO 身份信息 (身份证号, 姓名, 工作单位, 职业) VALUES ('2529761927', 'Mary', 'Innovate Co', 'Designer');

INSERT INTO 身份信息 (身份证号, 姓名, 工作单位, 职业) VALUES ('2532632910', 'Isabella', 'Byte Solutions', 'Writer');

INSERT INTO 身份信息 (身份证号, 姓名, 工作单位, 职业) VALUES ('2534571838', 'James', 'Info Systems', 'Teacher');

INSERT INTO 身份信息 (身份证号, 姓名, 工作单位, 职业) VALUES ('2535160397', 'Liam', 'Info Systems', 'Accountant');

INSERT INTO 身份信息 (身份证号, 姓名, 工作单位, 职业) VALUES ('2537574820', 'Joh', 'Sky Soft', 'Designer');

INSERT INTO 身份信息 (身份证号, 姓名, 工作单位, 职业) VALUES ('2538727121', 'Mary', 'Data Works', 'Writer');

INSERT INTO 身份信息 (身份证号, 姓名, 工作单位, 职业) VALUES ('2541266726', 'Emma', 'Sky Soft', 'Accountant');

INSERT INTO 身份信息 (身份证号, 姓名, 工作单位, 职业) VALUES ('2542799250', 'Liam', 'Sky Soft', 'Accountant');

INSERT INTO 身份信息 (身份证号, 姓名, 工作单位, 职业) VALUES ('2545728959', 'Olivia', 'Sky Soft', 'Designer');

INSERT INTO 身份信息 (身份证号, 姓名, 工作单位, 职业) VALUES ('2549850897', 'Mary', 'Innovate Co', 'Artist');

INSERT INTO 身份信息 (身份证号, 姓名, 工作单位, 职业) VALUES ('2553549832', 'Noah', 'Sky Soft', 'Developer');

INSERT INTO 身份信息 (身份证号, 姓名, 工作单位, 职业) VALUES ('2555925315', 'James', 'Innovate Co', 'Artist');

INSERT INTO 身份信息 (身份证号, 姓名, 工作单位, 职业) VALUES ('2560776014', 'Olivia', 'Info Systems', 'Engineer');

INSERT INTO 身份信息 (身份证号, 姓名, 工作单位, 职业) VALUES ('2563836399', 'Liam', 'Data Works', 'Artist');

INSERT INTO 身份信息 (身份证号, 姓名, 工作单位, 职业) VALUES ('2564002970', 'William', 'Byte Solutions', 'Designer');

INSERT INTO 身份信息 (身份证号, 姓名, 工作单位, 职业) VALUES ('2564161487', 'Joh', 'Tech Corp', 'Manager');

INSERT INTO 身份信息 (身份证号, 姓名, 工作单位, 职业) VALUES ('2567283361', 'Isabella', 'Global Net', 'Accountant');

INSERT INTO 身份信息 (身份证号, 姓名, 工作单位, 职业) VALUES ('2568767704', 'Noah', 'Tech Corp', 'Developer');

INSERT INTO 身份信息 (身份证号, 姓名, 工作单位, 职业) VALUES ('2569210424', 'Isabella', 'Global Net', 'Writer');

INSERT INTO 身份信息 (身份证号, 姓名, 工作单位, 职业) VALUES ('2569600841', 'Joh', 'Tech Corp', 'Writer');

INSERT INTO 身份信息 (身份证号, 姓名, 工作单位, 职业) VALUES ('2573145170', 'Emma', 'Global Net', 'Designer');

INSERT INTO 身份信息 (身份证号, 姓名, 工作单位, 职业) VALUES ('2574121210', 'Emma', 'Tech Corp', 'Developer');

INSERT INTO 身份信息 (身份证号, 姓名, 工作单位, 职业) VALUES ('2576403754', 'Emma', 'Tech Corp', 'Developer');

INSERT INTO 身份信息 (身份证号, 姓名, 工作单位, 职业) VALUES ('2577075338', 'Liam', 'Global Net', 'Writer');

INSERT INTO 身份信息 (身份证号, 姓名, 工作单位, 职业) VALUES ('2577516948', 'Joh', 'Info Systems', 'Teacher');

INSERT INTO 身份信息 (身份证号, 姓名, 工作单位, 职业) VALUES ('2581329577', 'Noah', 'Tech Corp', 'Writer');

INSERT INTO 身份信息 (身份证号, 姓名, 工作单位, 职业) VALUES ('2584105065', 'William', 'Info Systems', 'Chef');

INSERT INTO 身份信息 (身份证号, 姓名, 工作单位, 职业) VALUES ('2588170538', 'Sophia', 'Innovate Co', 'Manager');

INSERT INTO 身份信息 (身份证号, 姓名, 工作单位, 职业) VALUES ('2588633093', 'Liam', 'Info Systems', 'Artist');

INSERT INTO 身份信息 (身份证号, 姓名, 工作单位, 职业) VALUES ('2589403971', 'Joh', 'Global Net', 'Engineer');

INSERT INTO 身份信息 (身份证号, 姓名, 工作单位, 职业) VALUES ('2591362364', 'William', 'Sky Soft', 'Developer');

INSERT INTO 身份信息 (身份证号, 姓名, 工作单位, 职业) VALUES ('2596561977', 'William', 'Info Systems', 'Chef');

INSERT INTO 身份信息 (身份证号, 姓名, 工作单位, 职业) VALUES ('2599865227', 'Noah', 'Innovate Co', 'Teacher');

INSERT INTO 身份信息 (身份证号, 姓名, 工作单位, 职业) VALUES ('2602129398', 'Emma', 'Sky Soft', 'Chef');

INSERT INTO 身份信息 (身份证号, 姓名, 工作单位, 职业) VALUES ('2602743212', 'Isabella', 'Tech Corp', 'Accountant');

INSERT INTO 身份信息 (身份证号, 姓名, 工作单位, 职业) VALUES ('2603036363', 'Isabella', 'Tech Corp', 'Writer');

INSERT INTO 身份信息 (身份证号, 姓名, 工作单位, 职业) VALUES ('2605038465', 'Noah', 'Global Net', 'Accountant');

INSERT INTO 身份信息 (身份证号, 姓名, 工作单位, 职业) VALUES ('2608174216', 'Emma', 'Global Net', 'Designer');

INSERT INTO 身份信息 (身份证号, 姓名, 工作单位, 职业) VALUES ('2608679950', 'Liam', 'Innovate Co', 'Writer');

INSERT INTO 身份信息 (身份证号, 姓名, 工作单位, 职业) VALUES ('2611191370', 'Mary', 'Data Works', 'Teacher');

INSERT INTO 身份信息 (身份证号, 姓名, 工作单位, 职业) VALUES ('2612424768', 'Joh', 'Info Systems', 'Chef');

INSERT INTO 身份信息 (身份证号, 姓名, 工作单位, 职业) VALUES ('2613637286', 'Mary', 'Sky Soft', 'Manager');

INSERT INTO 身份信息 (身份证号, 姓名, 工作单位, 职业) VALUES ('2614963345', 'Emma', 'Innovate Co', 'Artist');

INSERT INTO 身份信息 (身份证号, 姓名, 工作单位, 职业) VALUES ('2615762444', 'Noah', 'Info Systems', 'Writer');

INSERT INTO 身份信息 (身份证号, 姓名, 工作单位, 职业) VALUES ('2617824439', 'Joh', 'Byte Solutions', 'Writer');

INSERT INTO 身份信息 (身份证号, 姓名, 工作单位, 职业) VALUES ('2619434664', 'Noah', 'Data Works', 'Engineer');

INSERT INTO 身份信息 (身份证号, 姓名, 工作单位, 职业) VALUES ('2623413588', 'James', 'Byte Solutions', 'Teacher');

INSERT INTO 身份信息 (身份证号, 姓名, 工作单位, 职业) VALUES ('2624365846', 'Olivia', 'Global Net', 'Chef');

INSERT INTO 身份信息 (身份证号, 姓名, 工作单位, 职业) VALUES ('2629388479', 'Sophia', 'Info Systems', 'Engineer');

INSERT INTO 身份信息 (身份证号, 姓名, 工作单位, 职业) VALUES ('2630493635', 'Emma', 'Innovate Co', 'Writer');

INSERT INTO 身份信息 (身份证号, 姓名, 工作单位, 职业) VALUES ('2631676509', 'James', 'Sky Soft', 'Doctor');

INSERT INTO 身份信息 (身份证号, 姓名, 工作单位, 职业) VALUES ('2634721468', 'Olivia', 'Global Net', 'Artist');

INSERT INTO 身份信息 (身份证号, 姓名, 工作单位, 职业) VALUES ('2637726173', 'Noah', 'Data Works', 'Writer');

INSERT INTO 身份信息 (身份证号, 姓名, 工作单位, 职业) VALUES ('2638222373', 'Noah', 'Tech Corp', 'Manager');

INSERT INTO 身份信息 (身份证号, 姓名, 工作单位, 职业) VALUES ('2639929029', 'Olivia', 'Global Net', 'Artist');

INSERT INTO 身份信息 (身份证号, 姓名, 工作单位, 职业) VALUES ('2640125836', 'Emma', 'Data Works', 'Writer');

INSERT INTO 身份信息 (身份证号, 姓名, 工作单位, 职业) VALUES ('2640477255', 'Sophia', 'Byte Solutions', 'Doctor');

INSERT INTO 身份信息 (身份证号, 姓名, 工作单位, 职业) VALUES ('2641467536', 'Mary', 'Innovate Co', 'Designer');

INSERT INTO 身份信息 (身份证号, 姓名, 工作单位, 职业) VALUES ('2641567138', 'Emma', 'Tech Corp', 'Engineer');

INSERT INTO 身份信息 (身份证号, 姓名, 工作单位, 职业) VALUES ('2642077827', 'Joh', 'Sky Soft', 'Artist');

INSERT INTO 身份信息 (身份证号, 姓名, 工作单位, 职业) VALUES ('2647175269', 'Mary', 'Sky Soft', 'Designer');

INSERT INTO 身份信息 (身份证号, 姓名, 工作单位, 职业) VALUES ('2647721701', 'James', 'Tech Corp', 'Teacher');

INSERT INTO 身份信息 (身份证号, 姓名, 工作单位, 职业) VALUES ('2649277461', 'Sophia', 'Info Systems', 'Doctor');

INSERT INTO 身份信息 (身份证号, 姓名, 工作单位, 职业) VALUES ('2650713895', 'Sophia', 'Innovate Co', 'Manager');

INSERT INTO 身份信息 (身份证号, 姓名, 工作单位, 职业) VALUES ('2650746120', 'Sophia', 'Sky Soft', 'Designer');

INSERT INTO 身份信息 (身份证号, 姓名, 工作单位, 职业) VALUES ('2652873655', 'Olivia', 'Data Works', 'Doctor');

INSERT INTO 身份信息 (身份证号, 姓名, 工作单位, 职业) VALUES ('2653135058', 'Sophia', 'Info Systems', 'Chef');

INSERT INTO 身份信息 (身份证号, 姓名, 工作单位, 职业) VALUES ('2654012924', 'William', 'Innovate Co', 'Engineer');

INSERT INTO 身份信息 (身份证号, 姓名, 工作单位, 职业) VALUES ('2656454699', 'Emma', 'Innovate Co', 'Teacher');

INSERT INTO 身份信息 (身份证号, 姓名, 工作单位, 职业) VALUES ('2656974930', 'Mary', 'Tech Corp', 'Teacher');

INSERT INTO 身份信息 (身份证号, 姓名, 工作单位, 职业) VALUES ('2657614480', 'James', 'Sky Soft', 'Designer');

INSERT INTO 身份信息 (身份证号, 姓名, 工作单位, 职业) VALUES ('2658014152', 'William', 'Tech Corp', 'Accountant');

INSERT INTO 身份信息 (身份证号, 姓名, 工作单位, 职业) VALUES ('2660663583', 'Mary', 'Data Works', 'Accountant');

INSERT INTO 身份信息 (身份证号, 姓名, 工作单位, 职业) VALUES ('2663321579', 'Joh', 'Byte Solutions', 'Accountant');

INSERT INTO 身份信息 (身份证号, 姓名, 工作单位, 职业) VALUES ('2665053289', 'Emma', 'Innovate Co', 'Doctor');

INSERT INTO 身份信息 (身份证号, 姓名, 工作单位, 职业) VALUES ('2665478199', 'Joh', 'Global Net', 'Accountant');

INSERT INTO 身份信息 (身份证号, 姓名, 工作单位, 职业) VALUES ('2669607906', 'William', 'Sky Soft', 'Chef');

INSERT INTO 身份信息 (身份证号, 姓名, 工作单位, 职业) VALUES ('2671731213', 'Sophia', 'Innovate Co', 'Developer');

INSERT INTO 身份信息 (身份证号, 姓名, 工作单位, 职业) VALUES ('2671992641', 'William', 'Byte Solutions', 'Teacher');

INSERT INTO 身份信息 (身份证号, 姓名, 工作单位, 职业) VALUES ('2672359863', 'Mary', 'Sky Soft', 'Teacher');

INSERT INTO 身份信息 (身份证号, 姓名, 工作单位, 职业) VALUES ('2674844501', 'Mary', 'Tech Corp', 'Manager');

INSERT INTO 身份信息 (身份证号, 姓名, 工作单位, 职业) VALUES ('2676717960', 'William', 'Data Works', 'Chef');

INSERT INTO 身份信息 (身份证号, 姓名, 工作单位, 职业) VALUES ('2678712661', 'Noah', 'Sky Soft', 'Artist');

INSERT INTO 身份信息 (身份证号, 姓名, 工作单位, 职业) VALUES ('2679166840', 'Olivia', 'Byte Solutions', 'Teacher');

INSERT INTO 身份信息 (身份证号, 姓名, 工作单位, 职业) VALUES ('2680596938', 'William', 'Sky Soft', 'Writer');

INSERT INTO 身份信息 (身份证号, 姓名, 工作单位, 职业) VALUES ('2684230697', 'Olivia', 'Global Net', 'Designer');

INSERT INTO 身份信息 (身份证号, 姓名, 工作单位, 职业) VALUES ('2686357968', 'Isabella', 'Info Systems', 'Chef');

INSERT INTO 身份信息 (身份证号, 姓名, 工作单位, 职业) VALUES ('2691967593', 'Liam', 'Info Systems', 'Teacher');

INSERT INTO 身份信息 (身份证号, 姓名, 工作单位, 职业) VALUES ('2692858139', 'Noah', 'Byte Solutions', 'Doctor');

INSERT INTO 身份信息 (身份证号, 姓名, 工作单位, 职业) VALUES ('2695443619', 'Sophia', 'Global Net', 'Manager');

INSERT INTO 身份信息 (身份证号, 姓名, 工作单位, 职业) VALUES ('2699914781', 'William', 'Info Systems', 'Chef');

INSERT INTO 身份信息 (身份证号, 姓名, 工作单位, 职业) VALUES ('2701062420', 'Isabella', 'Sky Soft', 'Chef');

INSERT INTO 身份信息 (身份证号, 姓名, 工作单位, 职业) VALUES ('2703680365', 'William', 'Innovate Co', 'Manager');

INSERT INTO 身份信息 (身份证号, 姓名, 工作单位, 职业) VALUES ('2705625330', 'Mary', 'Info Systems', 'Developer');

INSERT INTO 身份信息 (身份证号, 姓名, 工作单位, 职业) VALUES ('2706075341', 'Sophia', 'Tech Corp', 'Artist');

INSERT INTO 身份信息 (身份证号, 姓名, 工作单位, 职业) VALUES ('2707436795', 'Liam', 'Innovate Co', 'Writer');

INSERT INTO 身份信息 (身份证号, 姓名, 工作单位, 职业) VALUES ('2707806003', 'James', 'Byte Solutions', 'Manager');

INSERT INTO 身份信息 (身份证号, 姓名, 工作单位, 职业) VALUES ('2709976668', 'Liam', 'Innovate Co', 'Writer');

INSERT INTO 身份信息 (身份证号, 姓名, 工作单位, 职业) VALUES ('2713446064', 'Noah', 'Sky Soft', 'Accountant');

INSERT INTO 身份信息 (身份证号, 姓名, 工作单位, 职业) VALUES ('2715194759', 'Isabella', 'Sky Soft', 'Doctor');

INSERT INTO 身份信息 (身份证号, 姓名, 工作单位, 职业) VALUES ('2718661179', 'Sophia', 'Info Systems', 'Designer');

INSERT INTO 身份信息 (身份证号, 姓名, 工作单位, 职业) VALUES ('2719495895', 'William', 'Innovate Co', 'Artist');

INSERT INTO 身份信息 (身份证号, 姓名, 工作单位, 职业) VALUES ('2730776200', 'Sophia', 'Sky Soft', 'Chef');

INSERT INTO 身份信息 (身份证号, 姓名, 工作单位, 职业) VALUES ('2731178880', 'Liam', 'Byte Solutions', 'Developer');

INSERT INTO 身份信息 (身份证号, 姓名, 工作单位, 职业) VALUES ('2731256401', 'William', 'Info Systems', 'Writer');

INSERT INTO 身份信息 (身份证号, 姓名, 工作单位, 职业) VALUES ('2733886809', 'William', 'Innovate Co', 'Accountant');

INSERT INTO 身份信息 (身份证号, 姓名, 工作单位, 职业) VALUES ('2735865373', 'Noah', 'Sky Soft', 'Designer');

INSERT INTO 身份信息 (身份证号, 姓名, 工作单位, 职业) VALUES ('2738596629', 'Mary', 'Data Works', 'Accountant');

INSERT INTO 身份信息 (身份证号, 姓名, 工作单位, 职业) VALUES ('2739328882', 'William', 'Tech Corp', 'Writer');

INSERT INTO 身份信息 (身份证号, 姓名, 工作单位, 职业) VALUES ('2740015658', 'Sophia', 'Innovate Co', 'Teacher');

INSERT INTO 身份信息 (身份证号, 姓名, 工作单位, 职业) VALUES ('2740306428', 'James', 'Innovate Co', 'Teacher');

INSERT INTO 身份信息 (身份证号, 姓名, 工作单位, 职业) VALUES ('2741732805', 'Olivia', 'Innovate Co', 'Designer');

INSERT INTO 身份信息 (身份证号, 姓名, 工作单位, 职业) VALUES ('2741977850', 'William', 'Tech Corp', 'Engineer');

INSERT INTO 身份信息 (身份证号, 姓名, 工作单位, 职业) VALUES ('2742610178', 'James', 'Sky Soft', 'Designer');

INSERT INTO 身份信息 (身份证号, 姓名, 工作单位, 职业) VALUES ('2744466873', 'Isabella', 'Innovate Co', 'Artist');

INSERT INTO 身份信息 (身份证号, 姓名, 工作单位, 职业) VALUES ('2744778863', 'Sophia', 'Info Systems', 'Manager');

INSERT INTO 身份信息 (身份证号, 姓名, 工作单位, 职业) VALUES ('2749418689', 'Sophia', 'Byte Solutions', 'Manager');

INSERT INTO 身份信息 (身份证号, 姓名, 工作单位, 职业) VALUES ('2749555846', 'William', 'Byte Solutions', 'Manager');

INSERT INTO 身份信息 (身份证号, 姓名, 工作单位, 职业) VALUES ('2751138468', 'Isabella', 'Tech Corp', 'Writer');

INSERT INTO 身份信息 (身份证号, 姓名, 工作单位, 职业) VALUES ('2753305298', 'Olivia', 'Innovate Co', 'Accountant');

INSERT INTO 身份信息 (身份证号, 姓名, 工作单位, 职业) VALUES ('2753830398', 'Noah', 'Global Net', 'Writer');

INSERT INTO 身份信息 (身份证号, 姓名, 工作单位, 职业) VALUES ('2754199982', 'Noah', 'Byte Solutions', 'Teacher');

INSERT INTO 身份信息 (身份证号, 姓名, 工作单位, 职业) VALUES ('2756300705', 'Emma', 'Data Works', 'Manager');

INSERT INTO 身份信息 (身份证号, 姓名, 工作单位, 职业) VALUES ('2757581879', 'Sophia', 'Byte Solutions', 'Teacher');

INSERT INTO 身份信息 (身份证号, 姓名, 工作单位, 职业) VALUES ('2757731090', 'William', 'Data Works', 'Accountant');

INSERT INTO 身份信息 (身份证号, 姓名, 工作单位, 职业) VALUES ('2759952834', 'Olivia', 'Byte Solutions', 'Developer');

INSERT INTO 身份信息 (身份证号, 姓名, 工作单位, 职业) VALUES ('2760519256', 'James', 'Innovate Co', 'Accountant');

INSERT INTO 身份信息 (身份证号, 姓名, 工作单位, 职业) VALUES ('2762154633', 'Noah', 'Byte Solutions', 'Manager');

INSERT INTO 身份信息 (身份证号, 姓名, 工作单位, 职业) VALUES ('2763858592', 'Emma', 'Global Net', 'Artist');

INSERT INTO 身份信息 (身份证号, 姓名, 工作单位, 职业) VALUES ('2766346456', 'Joh', 'Global Net', 'Artist');

INSERT INTO 身份信息 (身份证号, 姓名, 工作单位, 职业) VALUES ('2769345926', 'Liam', 'Byte Solutions', 'Writer');

INSERT INTO 身份信息 (身份证号, 姓名, 工作单位, 职业) VALUES ('2769531204', 'Liam', 'Data Works', 'Manager');

INSERT INTO 身份信息 (身份证号, 姓名, 工作单位, 职业) VALUES ('2770749175', 'Emma', 'Innovate Co', 'Designer');

INSERT INTO 身份信息 (身份证号, 姓名, 工作单位, 职业) VALUES ('2773005381', 'Olivia', 'Tech Corp', 'Engineer');

INSERT INTO 身份信息 (身份证号, 姓名, 工作单位, 职业) VALUES ('2776102204', 'Olivia', 'Global Net', 'Designer');

INSERT INTO 身份信息 (身份证号, 姓名, 工作单位, 职业) VALUES ('2776640231', 'William', 'Tech Corp', 'Designer');

INSERT INTO 身份信息 (身份证号, 姓名, 工作单位, 职业) VALUES ('2779898237', 'Isabella', 'Byte Solutions', 'Artist');

INSERT INTO 身份信息 (身份证号, 姓名, 工作单位, 职业) VALUES ('2780735158', 'Olivia', 'Innovate Co', 'Writer');

INSERT INTO 身份信息 (身份证号, 姓名, 工作单位, 职业) VALUES ('2788028328', 'Liam', 'Tech Corp', 'Designer');

INSERT INTO 身份信息 (身份证号, 姓名, 工作单位, 职业) VALUES ('2788380412', 'William', 'Data Works', 'Writer');

INSERT INTO 身份信息 (身份证号, 姓名, 工作单位, 职业) VALUES ('2789229870', 'Sophia', 'Byte Solutions', 'Doctor');

INSERT INTO 身份信息 (身份证号, 姓名, 工作单位, 职业) VALUES ('2796310813', 'William', 'Sky Soft', 'Doctor');

INSERT INTO 身份信息 (身份证号, 姓名, 工作单位, 职业) VALUES ('2796767013', 'Noah', 'Innovate Co', 'Artist');

INSERT INTO 身份信息 (身份证号, 姓名, 工作单位, 职业) VALUES ('2796928681', 'Sophia', 'Byte Solutions', 'Teacher');

INSERT INTO 身份信息 (身份证号, 姓名, 工作单位, 职业) VALUES ('2800074299', 'Emma', 'Tech Corp', 'Teacher');

INSERT INTO 身份信息 (身份证号, 姓名, 工作单位, 职业) VALUES ('2801562136', 'Mary', 'Info Systems', 'Manager');

INSERT INTO 身份信息 (身份证号, 姓名, 工作单位, 职业) VALUES ('2808080940', 'William', 'Tech Corp', 'Engineer');

INSERT INTO 身份信息 (身份证号, 姓名, 工作单位, 职业) VALUES ('2808624354', 'Isabella', 'Data Works', 'Accountant');

INSERT INTO 身份信息 (身份证号, 姓名, 工作单位, 职业) VALUES ('2809123215', 'Emma', 'Tech Corp', 'Accountant');

INSERT INTO 身份信息 (身份证号, 姓名, 工作单位, 职业) VALUES ('2813158123', 'Olivia', 'Data Works', 'Accountant');

INSERT INTO 身份信息 (身份证号, 姓名, 工作单位, 职业) VALUES ('2826838621', 'William', 'Info Systems', 'Manager');

INSERT INTO 身份信息 (身份证号, 姓名, 工作单位, 职业) VALUES ('2826938596', 'Isabella', 'Data Works', 'Writer');

INSERT INTO 身份信息 (身份证号, 姓名, 工作单位, 职业) VALUES ('2827762720', 'Noah', 'Byte Solutions', 'Designer');

INSERT INTO 身份信息 (身份证号, 姓名, 工作单位, 职业) VALUES ('2830226210', 'Sophia', 'Global Net', 'Accountant');

INSERT INTO 身份信息 (身份证号, 姓名, 工作单位, 职业) VALUES ('2830759521', 'Liam', 'Innovate Co', 'Accountant');

INSERT INTO 身份信息 (身份证号, 姓名, 工作单位, 职业) VALUES ('2831930688', 'Liam', 'Byte Solutions', 'Manager');

INSERT INTO 身份信息 (身份证号, 姓名, 工作单位, 职业) VALUES ('2832896985', 'Sophia', 'Global Net', 'Accountant');

INSERT INTO 身份信息 (身份证号, 姓名, 工作单位, 职业) VALUES ('2839663443', 'Liam', 'Data Works', 'Doctor');

INSERT INTO 身份信息 (身份证号, 姓名, 工作单位, 职业) VALUES ('2840932317', 'James', 'Info Systems', 'Engineer');

INSERT INTO 身份信息 (身份证号, 姓名, 工作单位, 职业) VALUES ('2843176091', 'Joh', 'Byte Solutions', 'Developer');

INSERT INTO 身份信息 (身份证号, 姓名, 工作单位, 职业) VALUES ('2845675835', 'Noah', 'Sky Soft', 'Manager');

INSERT INTO 身份信息 (身份证号, 姓名, 工作单位, 职业) VALUES ('2860243187', 'Joh', 'Sky Soft', 'Engineer');

INSERT INTO 身份信息 (身份证号, 姓名, 工作单位, 职业) VALUES ('2861148229', 'William', 'Byte Solutions', 'Designer');

INSERT INTO 身份信息 (身份证号, 姓名, 工作单位, 职业) VALUES ('2861440047', 'Sophia', 'Sky Soft', 'Designer');

INSERT INTO 身份信息 (身份证号, 姓名, 工作单位, 职业) VALUES ('2868233368', 'William', 'Byte Solutions', 'Developer');

INSERT INTO 身份信息 (身份证号, 姓名, 工作单位, 职业) VALUES ('2869959643', 'Joh', 'Byte Solutions', 'Engineer');

INSERT INTO 身份信息 (身份证号, 姓名, 工作单位, 职业) VALUES ('2872596719', 'Isabella', 'Sky Soft', 'Artist');

INSERT INTO 身份信息 (身份证号, 姓名, 工作单位, 职业) VALUES ('2874605946', 'Sophia', 'Sky Soft', 'Artist');

INSERT INTO 身份信息 (身份证号, 姓名, 工作单位, 职业) VALUES ('2876222879', 'Mary', 'Data Works', 'Writer');

INSERT INTO 身份信息 (身份证号, 姓名, 工作单位, 职业) VALUES ('2876439419', 'Noah', 'Sky Soft', 'Developer');

INSERT INTO 身份信息 (身份证号, 姓名, 工作单位, 职业) VALUES ('2876666271', 'William', 'Tech Corp', 'Teacher');

INSERT INTO 身份信息 (身份证号, 姓名, 工作单位, 职业) VALUES ('2880018847', 'Isabella', 'Info Systems', 'Artist');

INSERT INTO 身份信息 (身份证号, 姓名, 工作单位, 职业) VALUES ('2883180651', 'Joh', 'Data Works', 'Engineer');

INSERT INTO 身份信息 (身份证号, 姓名, 工作单位, 职业) VALUES ('2887957957', 'Emma', 'Global Net', 'Engineer');

INSERT INTO 身份信息 (身份证号, 姓名, 工作单位, 职业) VALUES ('2888976928', 'Noah', 'Data Works', 'Teacher');

INSERT INTO 身份信息 (身份证号, 姓名, 工作单位, 职业) VALUES ('2889052132', 'Joh', 'Innovate Co', 'Teacher');

INSERT INTO 身份信息 (身份证号, 姓名, 工作单位, 职业) VALUES ('2890983142', 'Joh', 'Data Works', 'Manager');

INSERT INTO 身份信息 (身份证号, 姓名, 工作单位, 职业) VALUES ('2891721391', 'Liam', 'Byte Solutions', 'Engineer');

INSERT INTO 身份信息 (身份证号, 姓名, 工作单位, 职业) VALUES ('2893081288', 'Olivia', 'Innovate Co', 'Writer');

INSERT INTO 身份信息 (身份证号, 姓名, 工作单位, 职业) VALUES ('2902321719', 'Joh', 'Sky Soft', 'Chef');

INSERT INTO 身份信息 (身份证号, 姓名, 工作单位, 职业) VALUES ('2903090526', 'Liam', 'Byte Solutions', 'Doctor');

INSERT INTO 身份信息 (身份证号, 姓名, 工作单位, 职业) VALUES ('2906913031', 'Liam', 'Info Systems', 'Writer');

INSERT INTO 身份信息 (身份证号, 姓名, 工作单位, 职业) VALUES ('2907534186', 'Olivia', 'Data Works', 'Artist');

INSERT INTO 身份信息 (身份证号, 姓名, 工作单位, 职业) VALUES ('2908096867', 'Joh', 'Byte Solutions', 'Artist');

INSERT INTO 身份信息 (身份证号, 姓名, 工作单位, 职业) VALUES ('2910335954', 'William', 'Byte Solutions', 'Artist');

INSERT INTO 身份信息 (身份证号, 姓名, 工作单位, 职业) VALUES ('2912110417', 'Isabella', 'Data Works', 'Artist');

INSERT INTO 身份信息 (身份证号, 姓名, 工作单位, 职业) VALUES ('2913183337', 'Sophia', 'Byte Solutions', 'Developer');

INSERT INTO 身份信息 (身份证号, 姓名, 工作单位, 职业) VALUES ('2914061870', 'Sophia', 'Data Works', 'Designer');

INSERT INTO 身份信息 (身份证号, 姓名, 工作单位, 职业) VALUES ('2916594710', 'Olivia', 'Global Net', 'Artist');

INSERT INTO 身份信息 (身份证号, 姓名, 工作单位, 职业) VALUES ('2917816605', 'Olivia', 'Global Net', 'Chef');

INSERT INTO 身份信息 (身份证号, 姓名, 工作单位, 职业) VALUES ('2923072270', 'James', 'Innovate Co', 'Accountant');

INSERT INTO 身份信息 (身份证号, 姓名, 工作单位, 职业) VALUES ('2926673343', 'Mary', 'Innovate Co', 'Engineer');

INSERT INTO 身份信息 (身份证号, 姓名, 工作单位, 职业) VALUES ('2929270155', 'Isabella', 'Data Works', 'Manager');

INSERT INTO 身份信息 (身份证号, 姓名, 工作单位, 职业) VALUES ('2930088822', 'Joh', 'Sky Soft', 'Teacher');

INSERT INTO 身份信息 (身份证号, 姓名, 工作单位, 职业) VALUES ('2931159763', 'Isabella', 'Byte Solutions', 'Designer');

INSERT INTO 身份信息 (身份证号, 姓名, 工作单位, 职业) VALUES ('2931663150', 'Mary', 'Data Works', 'Artist');

INSERT INTO 身份信息 (身份证号, 姓名, 工作单位, 职业) VALUES ('2933454676', 'Olivia', 'Innovate Co', 'Chef');

INSERT INTO 身份信息 (身份证号, 姓名, 工作单位, 职业) VALUES ('2933720926', 'Noah', 'Sky Soft', 'Teacher');

INSERT INTO 身份信息 (身份证号, 姓名, 工作单位, 职业) VALUES ('2934326258', 'Mary', 'Tech Corp', 'Developer');

INSERT INTO 身份信息 (身份证号, 姓名, 工作单位, 职业) VALUES ('2934403127', 'Noah', 'Tech Corp', 'Teacher');

INSERT INTO 身份信息 (身份证号, 姓名, 工作单位, 职业) VALUES ('2934754731', 'William', 'Byte Solutions', 'Engineer');

INSERT INTO 身份信息 (身份证号, 姓名, 工作单位, 职业) VALUES ('2934819258', 'Liam', 'Sky Soft', 'Artist');

INSERT INTO 身份信息 (身份证号, 姓名, 工作单位, 职业) VALUES ('2937219120', 'Noah', 'Byte Solutions', 'Writer');

INSERT INTO 身份信息 (身份证号, 姓名, 工作单位, 职业) VALUES ('2941330349', 'Emma', 'Tech Corp', 'Doctor');

INSERT INTO 身份信息 (身份证号, 姓名, 工作单位, 职业) VALUES ('2943239368', 'Olivia', 'Global Net', 'Engineer');

INSERT INTO 身份信息 (身份证号, 姓名, 工作单位, 职业) VALUES ('2945476857', 'Emma', 'Data Works', 'Teacher');

INSERT INTO 身份信息 (身份证号, 姓名, 工作单位, 职业) VALUES ('2945599524', 'Olivia', 'Global Net', 'Designer');

INSERT INTO 身份信息 (身份证号, 姓名, 工作单位, 职业) VALUES ('2945705985', 'James', 'Byte Solutions', 'Manager');

INSERT INTO 身份信息 (身份证号, 姓名, 工作单位, 职业) VALUES ('2947509711', 'Emma', 'Global Net', 'Doctor');

INSERT INTO 身份信息 (身份证号, 姓名, 工作单位, 职业) VALUES ('2948103291', 'William', 'Tech Corp', 'Accountant');

INSERT INTO 身份信息 (身份证号, 姓名, 工作单位, 职业) VALUES ('2950490589', 'James', 'Global Net', 'Teacher');

INSERT INTO 身份信息 (身份证号, 姓名, 工作单位, 职业) VALUES ('2950560813', 'William', 'Innovate Co', 'Accountant');

INSERT INTO 身份信息 (身份证号, 姓名, 工作单位, 职业) VALUES ('2951207050', 'Sophia', 'Innovate Co', 'Developer');

INSERT INTO 身份信息 (身份证号, 姓名, 工作单位, 职业) VALUES ('2952654999', 'Sophia', 'Sky Soft', 'Artist');

INSERT INTO 身份信息 (身份证号, 姓名, 工作单位, 职业) VALUES ('2955819436', 'William', 'Byte Solutions', 'Designer');

INSERT INTO 身份信息 (身份证号, 姓名, 工作单位, 职业) VALUES ('2955834599', 'Mary', 'Global Net', 'Designer');

INSERT INTO 身份信息 (身份证号, 姓名, 工作单位, 职业) VALUES ('2957723635', 'Isabella', 'Data Works', 'Writer');

INSERT INTO 身份信息 (身份证号, 姓名, 工作单位, 职业) VALUES ('2957746668', 'Olivia', 'Tech Corp', 'Chef');

INSERT INTO 身份信息 (身份证号, 姓名, 工作单位, 职业) VALUES ('2960580511', 'Emma', 'Tech Corp', 'Manager');

INSERT INTO 身份信息 (身份证号, 姓名, 工作单位, 职业) VALUES ('2963472402', 'Olivia', 'Byte Solutions', 'Manager');

INSERT INTO 身份信息 (身份证号, 姓名, 工作单位, 职业) VALUES ('2966350719', 'Liam', 'Tech Corp', 'Doctor');

INSERT INTO 身份信息 (身份证号, 姓名, 工作单位, 职业) VALUES ('2968077248', 'Noah', 'Innovate Co', 'Accountant');

INSERT INTO 身份信息 (身份证号, 姓名, 工作单位, 职业) VALUES ('2968490206', 'Liam', 'Info Systems', 'Teacher');

INSERT INTO 身份信息 (身份证号, 姓名, 工作单位, 职业) VALUES ('2969898639', 'Noah', 'Info Systems', 'Accountant');

INSERT INTO 身份信息 (身份证号, 姓名, 工作单位, 职业) VALUES ('2970175492', 'Olivia', 'Sky Soft', 'Accountant');

INSERT INTO 身份信息 (身份证号, 姓名, 工作单位, 职业) VALUES ('2972997587', 'Liam', 'Data Works', 'Teacher');

INSERT INTO 身份信息 (身份证号, 姓名, 工作单位, 职业) VALUES ('2974529466', 'Sophia', 'Sky Soft', 'Artist');

INSERT INTO 身份信息 (身份证号, 姓名, 工作单位, 职业) VALUES ('2977890846', 'William', 'Byte Solutions', 'Manager');

INSERT INTO 身份信息 (身份证号, 姓名, 工作单位, 职业) VALUES ('2979851135', 'Olivia', 'Info Systems', 'Doctor');

INSERT INTO 身份信息 (身份证号, 姓名, 工作单位, 职业) VALUES ('2982456149', 'Sophia', 'Byte Solutions', 'Accountant');

INSERT INTO 身份信息 (身份证号, 姓名, 工作单位, 职业) VALUES ('2983337533', 'Isabella', 'Innovate Co', 'Artist');

INSERT INTO 身份信息 (身份证号, 姓名, 工作单位, 职业) VALUES ('2984946486', 'Noah', 'Innovate Co', 'Accountant');

INSERT INTO 身份信息 (身份证号, 姓名, 工作单位, 职业) VALUES ('2988711805', 'Liam', 'Global Net', 'Developer');

INSERT INTO 身份信息 (身份证号, 姓名, 工作单位, 职业) VALUES ('2989199929', 'Emma', 'Info Systems', 'Designer');

INSERT INTO 身份信息 (身份证号, 姓名, 工作单位, 职业) VALUES ('2989471411', 'James', 'Byte Solutions', 'Developer');

INSERT INTO 身份信息 (身份证号, 姓名, 工作单位, 职业) VALUES ('2989942298', 'Liam', 'Byte Solutions', 'Engineer');

INSERT INTO 身份信息 (身份证号, 姓名, 工作单位, 职业) VALUES ('2989945071', 'William', 'Data Works', 'Chef');

INSERT INTO 身份信息 (身份证号, 姓名, 工作单位, 职业) VALUES ('2991639430', 'James', 'Byte Solutions', 'Accountant');

INSERT INTO 身份信息 (身份证号, 姓名, 工作单位, 职业) VALUES ('2991981430', 'Joh', 'Byte Solutions', 'Writer');

INSERT INTO 身份信息 (身份证号, 姓名, 工作单位, 职业) VALUES ('2992193903', 'Joh', 'Global Net', 'Writer');

INSERT INTO 身份信息 (身份证号, 姓名, 工作单位, 职业) VALUES ('2994632540', 'Sophia', 'Innovate Co', 'Writer');

INSERT INTO 身份信息 (身份证号, 姓名, 工作单位, 职业) VALUES ('2995496451', 'Noah', 'Innovate Co', 'Teacher');

INSERT INTO 身份信息 (身份证号, 姓名, 工作单位, 职业) VALUES ('2999195657', 'Olivia', 'Global Net', 'Engineer');

INSERT INTO 身份信息 (身份证号, 姓名, 工作单位, 职业) VALUES ('2999711233', 'Sophia', 'Global Net', 'Manager');

INSERT INTO 身份信息 (身份证号, 姓名, 工作单位, 职业) VALUES ('3001579334', 'Emma', 'Innovate Co', 'Designer');

INSERT INTO 身份信息 (身份证号, 姓名, 工作单位, 职业) VALUES ('3002393598', 'Liam', 'Data Works', 'Accountant');

INSERT INTO 身份信息 (身份证号, 姓名, 工作单位, 职业) VALUES ('3003332818', 'Mary', 'Info Systems', 'Doctor');

INSERT INTO 身份信息 (身份证号, 姓名, 工作单位, 职业) VALUES ('3005453477', 'Joh', 'Tech Corp', 'Accountant');

INSERT INTO 身份信息 (身份证号, 姓名, 工作单位, 职业) VALUES ('3009094017', 'Mary', 'Info Systems', 'Doctor');

INSERT INTO 身份信息 (身份证号, 姓名, 工作单位, 职业) VALUES ('3012492005', 'Emma', 'Byte Solutions', 'Developer');

INSERT INTO 身份信息 (身份证号, 姓名, 工作单位, 职业) VALUES ('3014359832', 'Emma', 'Sky Soft', 'Doctor');

INSERT INTO 身份信息 (身份证号, 姓名, 工作单位, 职业) VALUES ('3016091476', 'James', 'Tech Corp', 'Manager');

INSERT INTO 身份信息 (身份证号, 姓名, 工作单位, 职业) VALUES ('3017872765', 'Isabella', 'Byte Solutions', 'Chef');

INSERT INTO 身份信息 (身份证号, 姓名, 工作单位, 职业) VALUES ('3019749003', 'Joh', 'Byte Solutions', 'Writer');

INSERT INTO 身份信息 (身份证号, 姓名, 工作单位, 职业) VALUES ('3023154335', 'Liam', 'Byte Solutions', 'Chef');

INSERT INTO 身份信息 (身份证号, 姓名, 工作单位, 职业) VALUES ('3025752432', 'William', 'Global Net', 'Manager');

INSERT INTO 身份信息 (身份证号, 姓名, 工作单位, 职业) VALUES ('3026284666', 'Mary', 'Global Net', 'Artist');

INSERT INTO 身份信息 (身份证号, 姓名, 工作单位, 职业) VALUES ('3036196039', 'Liam', 'Tech Corp', 'Designer');

INSERT INTO 身份信息 (身份证号, 姓名, 工作单位, 职业) VALUES ('3036571370', 'Olivia', 'Global Net', 'Teacher');

INSERT INTO 身份信息 (身份证号, 姓名, 工作单位, 职业) VALUES ('3036991558', 'Liam', 'Innovate Co', 'Artist');

INSERT INTO 身份信息 (身份证号, 姓名, 工作单位, 职业) VALUES ('3044349465', 'Mary', 'Data Works', 'Engineer');

INSERT INTO 身份信息 (身份证号, 姓名, 工作单位, 职业) VALUES ('3048327826', 'Sophia', 'Innovate Co', 'Engineer');

INSERT INTO 身份信息 (身份证号, 姓名, 工作单位, 职业) VALUES ('3051066014', 'Noah', 'Byte Solutions', 'Teacher');

INSERT INTO 身份信息 (身份证号, 姓名, 工作单位, 职业) VALUES ('3053182402', 'Noah', 'Data Works', 'Writer');

INSERT INTO 身份信息 (身份证号, 姓名, 工作单位, 职业) VALUES ('3056381228', 'Noah', 'Byte Solutions', 'Manager');

INSERT INTO 身份信息 (身份证号, 姓名, 工作单位, 职业) VALUES ('3056777928', 'James', 'Global Net', 'Manager');

INSERT INTO 身份信息 (身份证号, 姓名, 工作单位, 职业) VALUES ('3057160507', 'Noah', 'Data Works', 'Developer');

INSERT INTO 身份信息 (身份证号, 姓名, 工作单位, 职业) VALUES ('3058792325', 'William', 'Info Systems', 'Doctor');

INSERT INTO 身份信息 (身份证号, 姓名, 工作单位, 职业) VALUES ('3064873112', 'Emma', 'Tech Corp', 'Engineer');

INSERT INTO 身份信息 (身份证号, 姓名, 工作单位, 职业) VALUES ('3069281486', 'Sophia', 'Info Systems', 'Artist');

INSERT INTO 身份信息 (身份证号, 姓名, 工作单位, 职业) VALUES ('3072147929', 'Noah', 'Tech Corp', 'Writer');

INSERT INTO 身份信息 (身份证号, 姓名, 工作单位, 职业) VALUES ('3072148515', 'Isabella', 'Innovate Co', 'Doctor');

INSERT INTO 身份信息 (身份证号, 姓名, 工作单位, 职业) VALUES ('3075352024', 'Sophia', 'Sky Soft', 'Chef');

INSERT INTO 身份信息 (身份证号, 姓名, 工作单位, 职业) VALUES ('3077616843', 'William', 'Byte Solutions', 'Teacher');

INSERT INTO 身份信息 (身份证号, 姓名, 工作单位, 职业) VALUES ('3078396866', 'Emma', 'Byte Solutions', 'Engineer');

INSERT INTO 身份信息 (身份证号, 姓名, 工作单位, 职业) VALUES ('3082199262', 'William', 'Global Net', 'Developer');

INSERT INTO 身份信息 (身份证号, 姓名, 工作单位, 职业) VALUES ('3082463094', 'James', 'Global Net', 'Manager');

INSERT INTO 身份信息 (身份证号, 姓名, 工作单位, 职业) VALUES ('3089915047', 'Liam', 'Info Systems', 'Manager');

INSERT INTO 身份信息 (身份证号, 姓名, 工作单位, 职业) VALUES ('3090754934', 'Emma', 'Global Net', 'Designer');

INSERT INTO 身份信息 (身份证号, 姓名, 工作单位, 职业) VALUES ('3091778989', 'Isabella', 'Sky Soft', 'Developer');

INSERT INTO 身份信息 (身份证号, 姓名, 工作单位, 职业) VALUES ('3093080715', 'Isabella', 'Innovate Co', 'Manager');

INSERT INTO 身份信息 (身份证号, 姓名, 工作单位, 职业) VALUES ('3107414589', 'Joh', 'Tech Corp', 'Designer');

INSERT INTO 身份信息 (身份证号, 姓名, 工作单位, 职业) VALUES ('3107425624', 'William', 'Info Systems', 'Manager');

INSERT INTO 身份信息 (身份证号, 姓名, 工作单位, 职业) VALUES ('3109245068', 'Liam', 'Innovate Co', 'Developer');

INSERT INTO 身份信息 (身份证号, 姓名, 工作单位, 职业) VALUES ('3113498019', 'Joh', 'Data Works', 'Accountant');

INSERT INTO 身份信息 (身份证号, 姓名, 工作单位, 职业) VALUES ('3113915504', 'Olivia', 'Global Net', 'Writer');

INSERT INTO 身份信息 (身份证号, 姓名, 工作单位, 职业) VALUES ('3115895897', 'Liam', 'Data Works', 'Teacher');

INSERT INTO 身份信息 (身份证号, 姓名, 工作单位, 职业) VALUES ('3118369023', 'Joh', 'Data Works', 'Manager');

INSERT INTO 身份信息 (身份证号, 姓名, 工作单位, 职业) VALUES ('3118793059', 'Mary', 'Sky Soft', 'Accountant');

INSERT INTO 身份信息 (身份证号, 姓名, 工作单位, 职业) VALUES ('3120067805', 'Noah', 'Global Net', 'Engineer');

INSERT INTO 身份信息 (身份证号, 姓名, 工作单位, 职业) VALUES ('3122805763', 'Joh', 'Byte Solutions', 'Chef');

INSERT INTO 身份信息 (身份证号, 姓名, 工作单位, 职业) VALUES ('3122839507', 'Liam', 'Global Net', 'Writer');

INSERT INTO 身份信息 (身份证号, 姓名, 工作单位, 职业) VALUES ('3123015069', 'Mary', 'Innovate Co', 'Writer');

INSERT INTO 身份信息 (身份证号, 姓名, 工作单位, 职业) VALUES ('3123697891', 'William', 'Info Systems', 'Developer');

INSERT INTO 身份信息 (身份证号, 姓名, 工作单位, 职业) VALUES ('3123854395', 'Sophia', 'Sky Soft', 'Developer');

INSERT INTO 身份信息 (身份证号, 姓名, 工作单位, 职业) VALUES ('3127870106', 'Joh', 'Info Systems', 'Writer');

INSERT INTO 身份信息 (身份证号, 姓名, 工作单位, 职业) VALUES ('3129374615', 'William', 'Global Net', 'Doctor');

INSERT INTO 身份信息 (身份证号, 姓名, 工作单位, 职业) VALUES ('3130137749', 'Emma', 'Info Systems', 'Engineer');

INSERT INTO 身份信息 (身份证号, 姓名, 工作单位, 职业) VALUES ('3131573697', 'Joh', 'Byte Solutions', 'Designer');

INSERT INTO 身份信息 (身份证号, 姓名, 工作单位, 职业) VALUES ('3131628988', 'Mary', 'Global Net', 'Engineer');

INSERT INTO 身份信息 (身份证号, 姓名, 工作单位, 职业) VALUES ('3133876544', 'Mary', 'Innovate Co', 'Designer');

INSERT INTO 身份信息 (身份证号, 姓名, 工作单位, 职业) VALUES ('3138408817', 'Mary', 'Tech Corp', 'Writer');

INSERT INTO 身份信息 (身份证号, 姓名, 工作单位, 职业) VALUES ('3141974858', 'Emma', 'Sky Soft', 'Chef');

INSERT INTO 身份信息 (身份证号, 姓名, 工作单位, 职业) VALUES ('3142193510', 'Isabella', 'Info Systems', 'Doctor');

INSERT INTO 身份信息 (身份证号, 姓名, 工作单位, 职业) VALUES ('3143002011', 'Isabella', 'Info Systems', 'Accountant');

INSERT INTO 身份信息 (身份证号, 姓名, 工作单位, 职业) VALUES ('3143071442', 'Liam', 'Tech Corp', 'Developer');

INSERT INTO 身份信息 (身份证号, 姓名, 工作单位, 职业) VALUES ('3144017318', 'Sophia', 'Data Works', 'Accountant');

INSERT INTO 经理 (经理号, 身份证号, 分公司_id) VALUES (1002, '1003773759', 1);

INSERT INTO 经理 (经理号, 身份证号, 分公司_id) VALUES (1003, '1005750065', 2);

INSERT INTO 经理 (经理号, 身份证号, 分公司_id) VALUES (1004, '1005772359', 3);

INSERT INTO 经理 (经理号, 身份证号, 分公司_id) VALUES (1005, '1007356365', 4);

INSERT INTO 经理 (经理号, 身份证号, 分公司_id) VALUES (1006, '1011873347', 5);

INSERT INTO 经理 (经理号, 身份证号, 分公司_id) VALUES (1007, '1012477284', 6);

INSERT INTO 经理 (经理号, 身份证号, 分公司_id) VALUES (1008, '1021372339', 7);

INSERT INTO 经理 (经理号, 身份证号, 分公司_id) VALUES (1009, '1031358786', 8);

INSERT INTO 经理 (经理号, 身份证号, 分公司_id) VALUES (1010, '1032208022', 9);

INSERT INTO 旅游团 (分公司_id) VALUES (1);

INSERT INTO 旅游团 (分公司_id) VALUES (2);

INSERT INTO 旅游团 (分公司_id) VALUES (3);

INSERT INTO 旅游团 (分公司_id) VALUES (4);

INSERT INTO 旅游团 (分公司_id) VALUES (5);

INSERT INTO 旅游团 (分公司_id) VALUES (6);

INSERT INTO 旅游团 (分公司_id) VALUES (7);

INSERT INTO 旅游团 (分公司_id) VALUES (8);

INSERT INTO 旅游团 (分公司_id) VALUES (9);

INSERT INTO 旅游团 (分公司_id) VALUES (10);

INSERT INTO 导游员工 (导游号, 身份证号, 导游资格等级, 旅游团_id) VALUES (1, '1035555550', '3', 1);

INSERT INTO 导游员工 (导游号, 身份证号, 导游资格等级, 旅游团_id) VALUES (2, '1036217391', '4', 1);

INSERT INTO 导游员工 (导游号, 身份证号, 导游资格等级, 旅游团_id) VALUES (3, '1038853989', '3', 2);

INSERT INTO 导游员工 (导游号, 身份证号, 导游资格等级, 旅游团_id) VALUES (4, '1039800029', '3', 2);

INSERT INTO 导游员工 (导游号, 身份证号, 导游资格等级, 旅游团_id) VALUES (5, '1040254104', '5', 3);

INSERT INTO 导游员工 (导游号, 身份证号, 导游资格等级, 旅游团_id) VALUES (6, '1041450877', '5', 3);

INSERT INTO 导游员工 (导游号, 身份证号, 导游资格等级, 旅游团_id) VALUES (7, '1041736492', '4', 4);

INSERT INTO 导游员工 (导游号, 身份证号, 导游资格等级, 旅游团_id) VALUES (9, '1043694265', '3', 4);

INSERT INTO 导游员工 (导游号, 身份证号, 导游资格等级, 旅游团_id) VALUES (10, '1045084079', '4', 5);

INSERT INTO 导游员工 (导游号, 身份证号, 导游资格等级, 旅游团_id) VALUES (11, '1046303673', '3', 5);

INSERT INTO 导游员工 (导游号, 身份证号, 导游资格等级, 旅游团_id) VALUES (12, '1046925037', '5', 6);

INSERT INTO 导游员工 (导游号, 身份证号, 导游资格等级, 旅游团_id) VALUES (13, '1048125202', '5', 6);

INSERT INTO 导游员工 (导游号, 身份证号, 导游资格等级, 旅游团_id) VALUES (14, '1049225981', '3', 7);

INSERT INTO 导游员工 (导游号, 身份证号, 导游资格等级, 旅游团_id) VALUES (15, '1051317239', '5', 7);

INSERT INTO 导游员工 (导游号, 身份证号, 导游资格等级, 旅游团_id) VALUES (16, '1054413360', '3', 8);

INSERT INTO 导游员工 (导游号, 身份证号, 导游资格等级, 旅游团_id) VALUES (17, '1058707520', '3', 8);

INSERT INTO 导游员工 (导游号, 身份证号, 导游资格等级, 旅游团_id) VALUES (18, '1062174013', '4', 9);

INSERT INTO 导游员工 (导游号, 身份证号, 导游资格等级, 旅游团_id) VALUES (19, '1063782783', '5', 9);

INSERT INTO 导游员工 (导游号, 身份证号, 导游资格等级, 旅游团_id) VALUES (20, '1066392595', '3', 10);

INSERT INTO 顾客 (身份证号, 旅游团_id) VALUES ('1003773759', 6);

INSERT INTO 顾客 (身份证号, 旅游团_id) VALUES ('1005750065', 10);

INSERT INTO 顾客 (身份证号, 旅游团_id) VALUES ('1005772359', 1);

INSERT INTO 顾客 (身份证号, 旅游团_id) VALUES ('1007356365', 8);

INSERT INTO 顾客 (身份证号, 旅游团_id) VALUES ('1011873347', 6);

INSERT INTO 顾客 (身份证号, 旅游团_id) VALUES ('1012477284', 6);

INSERT INTO 顾客 (身份证号, 旅游团_id) VALUES ('1021372339', 8);

INSERT INTO 顾客 (身份证号, 旅游团_id) VALUES ('1031358786', 3);

INSERT INTO 顾客 (身份证号, 旅游团_id) VALUES ('1032208022', 8);

INSERT INTO 顾客 (身份证号, 旅游团_id) VALUES ('1032407086', 3);

INSERT INTO 顾客 (身份证号, 旅游团_id) VALUES ('1035555550', 7);

INSERT INTO 顾客 (身份证号, 旅游团_id) VALUES ('1036217391', 6);

INSERT INTO 顾客 (身份证号, 旅游团_id) VALUES ('1038853989', 7);

INSERT INTO 顾客 (身份证号, 旅游团_id) VALUES ('1039800029', 1);

INSERT INTO 顾客 (身份证号, 旅游团_id) VALUES ('1040254104', 7);

INSERT INTO 顾客 (身份证号, 旅游团_id) VALUES ('1041450877', 7);

INSERT INTO 顾客 (身份证号, 旅游团_id) VALUES ('1041736492', 5);

INSERT INTO 顾客 (身份证号, 旅游团_id) VALUES ('1043694265', 7);

INSERT INTO 顾客 (身份证号, 旅游团_id) VALUES ('1045084079', 3);

INSERT INTO 顾客 (身份证号, 旅游团_id) VALUES ('1046303673', 2);

INSERT INTO 顾客 (身份证号, 旅游团_id) VALUES ('1046925037', 9);

INSERT INTO 顾客 (身份证号, 旅游团_id) VALUES ('1048125202', 2);

INSERT INTO 顾客 (身份证号, 旅游团_id) VALUES ('1049225981', 9);

INSERT INTO 顾客 (身份证号, 旅游团_id) VALUES ('1051317239', 9);

INSERT INTO 顾客 (身份证号, 旅游团_id) VALUES ('1054413360', 2);

INSERT INTO 顾客 (身份证号, 旅游团_id) VALUES ('1058707520', 1);

INSERT INTO 顾客 (身份证号, 旅游团_id) VALUES ('1062174013', 3);

INSERT INTO 顾客 (身份证号, 旅游团_id) VALUES ('1063782783', 1);

INSERT INTO 顾客 (身份证号, 旅游团_id) VALUES ('1066392595', 7);

INSERT INTO 顾客 (身份证号, 旅游团_id) VALUES ('1069281062', 2);

INSERT INTO 顾客 (身份证号, 旅游团_id) VALUES ('1070061626', 1);

INSERT INTO 顾客 (身份证号, 旅游团_id) VALUES ('1073140077', 9);

INSERT INTO 顾客 (身份证号, 旅游团_id) VALUES ('1073256974', 1);

INSERT INTO 顾客 (身份证号, 旅游团_id) VALUES ('1074933336', 5);

INSERT INTO 顾客 (身份证号, 旅游团_id) VALUES ('1076606551', 4);

INSERT INTO 顾客 (身份证号, 旅游团_id) VALUES ('1077172768', 4);

INSERT INTO 顾客 (身份证号, 旅游团_id) VALUES ('1083529400', 1);

INSERT INTO 顾客 (身份证号, 旅游团_id) VALUES ('1083940560', 3);

INSERT INTO 顾客 (身份证号, 旅游团_id) VALUES ('1084398475', 7);

INSERT INTO 顾客 (身份证号, 旅游团_id) VALUES ('1085665393', 9);

INSERT INTO 顾客 (身份证号, 旅游团_id) VALUES ('1086352413', 5);

INSERT INTO 顾客 (身份证号, 旅游团_id) VALUES ('1093925867', 5);

INSERT INTO 顾客 (身份证号, 旅游团_id) VALUES ('1103975555', 9);

INSERT INTO 顾客 (身份证号, 旅游团_id) VALUES ('1112366885', 5);

INSERT INTO 顾客 (身份证号, 旅游团_id) VALUES ('1113605195', 3);

INSERT INTO 顾客 (身份证号, 旅游团_id) VALUES ('1126974710', 8);

INSERT INTO 顾客 (身份证号, 旅游团_id) VALUES ('1138237033', 7);

INSERT INTO 顾客 (身份证号, 旅游团_id) VALUES ('1138532389', 8);

INSERT INTO 顾客 (身份证号, 旅游团_id) VALUES ('1138908407', 9);

INSERT INTO 顾客 (身份证号, 旅游团_id) VALUES ('1142308920', 2);

INSERT INTO 顾客 (身份证号, 旅游团_id) VALUES ('1142485150', 3);

INSERT INTO 顾客 (身份证号, 旅游团_id) VALUES ('1143663690', 3);

INSERT INTO 顾客 (身份证号, 旅游团_id) VALUES ('1150281835', 6);

INSERT INTO 顾客 (身份证号, 旅游团_id) VALUES ('1155951124', 8);

INSERT INTO 顾客 (身份证号, 旅游团_id) VALUES ('1159515602', 5);

INSERT INTO 顾客 (身份证号, 旅游团_id) VALUES ('1163255087', 9);

INSERT INTO 顾客 (身份证号, 旅游团_id) VALUES ('1164264876', 7);

INSERT INTO 顾客 (身份证号, 旅游团_id) VALUES ('1170617504', 7);

INSERT INTO 顾客 (身份证号, 旅游团_id) VALUES ('1171837322', 5);

INSERT INTO 顾客 (身份证号, 旅游团_id) VALUES ('1175529921', 9);

INSERT INTO 顾客 (身份证号, 旅游团_id) VALUES ('1179019698', 8);

INSERT INTO 顾客 (身份证号, 旅游团_id) VALUES ('1188638120', 2);

INSERT INTO 顾客 (身份证号, 旅游团_id) VALUES ('1189765576', 4);

INSERT INTO 顾客 (身份证号, 旅游团_id) VALUES ('1190307431', 8);

INSERT INTO 顾客 (身份证号, 旅游团_id) VALUES ('1192704074', 1);

INSERT INTO 顾客 (身份证号, 旅游团_id) VALUES ('1193001222', 8);

INSERT INTO 顾客 (身份证号, 旅游团_id) VALUES ('1193204715', 2);

INSERT INTO 顾客 (身份证号, 旅游团_id) VALUES ('1195157245', 8);

INSERT INTO 顾客 (身份证号, 旅游团_id) VALUES ('1203548735', 10);

INSERT INTO 顾客 (身份证号, 旅游团_id) VALUES ('1204319158', 2);

INSERT INTO 顾客 (身份证号, 旅游团_id) VALUES ('1207893154', 10);

INSERT INTO 顾客 (身份证号, 旅游团_id) VALUES ('1208483182', 9);

INSERT INTO 顾客 (身份证号, 旅游团_id) VALUES ('1211641454', 6);

INSERT INTO 顾客 (身份证号, 旅游团_id) VALUES ('1214503008', 5);

INSERT INTO 顾客 (身份证号, 旅游团_id) VALUES ('1218764373', 7);

INSERT INTO 顾客 (身份证号, 旅游团_id) VALUES ('1219959288', 3);

INSERT INTO 顾客 (身份证号, 旅游团_id) VALUES ('1221336556', 1);

INSERT INTO 顾客 (身份证号, 旅游团_id) VALUES ('1221833669', 8);

INSERT INTO 顾客 (身份证号, 旅游团_id) VALUES ('1235486039', 4);

INSERT INTO 顾客 (身份证号, 旅游团_id) VALUES ('1243116584', 4);

INSERT INTO 顾客 (身份证号, 旅游团_id) VALUES ('1244596923', 7);

INSERT INTO 顾客 (身份证号, 旅游团_id) VALUES ('1253183280', 4);

INSERT INTO 顾客 (身份证号, 旅游团_id) VALUES ('1254990179', 7);

INSERT INTO 顾客 (身份证号, 旅游团_id) VALUES ('1256916668', 9);

INSERT INTO 顾客 (身份证号, 旅游团_id) VALUES ('1257881839', 10);

INSERT INTO 顾客 (身份证号, 旅游团_id) VALUES ('1259040497', 9);

INSERT INTO 顾客 (身份证号, 旅游团_id) VALUES ('1259616469', 7);

INSERT INTO 顾客 (身份证号, 旅游团_id) VALUES ('1260573608', 4);

INSERT INTO 顾客 (身份证号, 旅游团_id) VALUES ('1263225371', 7);

INSERT INTO 顾客 (身份证号, 旅游团_id) VALUES ('1264859969', 4);

INSERT INTO 顾客 (身份证号, 旅游团_id) VALUES ('1266252378', 1);

INSERT INTO 顾客 (身份证号, 旅游团_id) VALUES ('1269434019', 7);

INSERT INTO 顾客 (身份证号, 旅游团_id) VALUES ('1270891160', 6);

INSERT INTO 顾客 (身份证号, 旅游团_id) VALUES ('1271836641', 3);

INSERT INTO 顾客 (身份证号, 旅游团_id) VALUES ('1272551926', 8);

INSERT INTO 顾客 (身份证号, 旅游团_id) VALUES ('1274433192', 8);

INSERT INTO 顾客 (身份证号, 旅游团_id) VALUES ('1276966262', 8);

INSERT INTO 顾客 (身份证号, 旅游团_id) VALUES ('1277039596', 7);

INSERT INTO 顾客 (身份证号, 旅游团_id) VALUES ('1278620553', 10);

INSERT INTO 顾客 (身份证号, 旅游团_id) VALUES ('1281915447', 7);

INSERT INTO 顾客 (身份证号, 旅游团_id) VALUES ('1284026640', 7);

INSERT INTO 顾客 (身份证号, 旅游团_id) VALUES ('1290513124', 9);

INSERT INTO 顾客 (身份证号, 旅游团_id) VALUES ('1291069963', 1);

INSERT INTO 顾客 (身份证号, 旅游团_id) VALUES ('1295265693', 8);

INSERT INTO 顾客 (身份证号, 旅游团_id) VALUES ('1296519340', 9);

INSERT INTO 顾客 (身份证号, 旅游团_id) VALUES ('1297163136', 1);

INSERT INTO 顾客 (身份证号, 旅游团_id) VALUES ('1297303491', 9);

INSERT INTO 顾客 (身份证号, 旅游团_id) VALUES ('1299183877', 9);

INSERT INTO 顾客 (身份证号, 旅游团_id) VALUES ('1299383328', 9);

INSERT INTO 顾客 (身份证号, 旅游团_id) VALUES ('1302146226', 7);

INSERT INTO 顾客 (身份证号, 旅游团_id) VALUES ('1303095925', 10);

INSERT INTO 顾客 (身份证号, 旅游团_id) VALUES ('1304268707', 3);

INSERT INTO 顾客 (身份证号, 旅游团_id) VALUES ('1305236720', 1);

INSERT INTO 顾客 (身份证号, 旅游团_id) VALUES ('1308602472', 2);

INSERT INTO 顾客 (身份证号, 旅游团_id) VALUES ('1311461652', 7);

INSERT INTO 顾客 (身份证号, 旅游团_id) VALUES ('1313861729', 9);

INSERT INTO 顾客 (身份证号, 旅游团_id) VALUES ('1315870491', 8);

INSERT INTO 顾客 (身份证号, 旅游团_id) VALUES ('1316545156', 6);

INSERT INTO 顾客 (身份证号, 旅游团_id) VALUES ('1321512501', 4);

INSERT INTO 顾客 (身份证号, 旅游团_id) VALUES ('1329914421', 3);

INSERT INTO 顾客 (身份证号, 旅游团_id) VALUES ('1332562569', 4);

INSERT INTO 顾客 (身份证号, 旅游团_id) VALUES ('1334985072', 10);

INSERT INTO 顾客 (身份证号, 旅游团_id) VALUES ('1340029856', 5);

INSERT INTO 顾客 (身份证号, 旅游团_id) VALUES ('1341643821', 10);

INSERT INTO 顾客 (身份证号, 旅游团_id) VALUES ('1348565977', 3);

INSERT INTO 顾客 (身份证号, 旅游团_id) VALUES ('1349832535', 10);

INSERT INTO 顾客 (身份证号, 旅游团_id) VALUES ('1351737085', 5);

INSERT INTO 顾客 (身份证号, 旅游团_id) VALUES ('1359933679', 7);

INSERT INTO 顾客 (身份证号, 旅游团_id) VALUES ('1361017863', 6);

INSERT INTO 顾客 (身份证号, 旅游团_id) VALUES ('1365106995', 1);

INSERT INTO 顾客 (身份证号, 旅游团_id) VALUES ('1366035026', 7);

INSERT INTO 顾客 (身份证号, 旅游团_id) VALUES ('1369319251', 2);

INSERT INTO 顾客 (身份证号, 旅游团_id) VALUES ('1373239634', 7);

INSERT INTO 顾客 (身份证号, 旅游团_id) VALUES ('1374109645', 2);

INSERT INTO 顾客 (身份证号, 旅游团_id) VALUES ('1374979675', 8);

INSERT INTO 顾客 (身份证号, 旅游团_id) VALUES ('1376937463', 4);

INSERT INTO 顾客 (身份证号, 旅游团_id) VALUES ('1379160409', 9);

INSERT INTO 顾客 (身份证号, 旅游团_id) VALUES ('1382796355', 8);

INSERT INTO 顾客 (身份证号, 旅游团_id) VALUES ('1383361188', 9);

INSERT INTO 顾客 (身份证号, 旅游团_id) VALUES ('1384070207', 4);

INSERT INTO 顾客 (身份证号, 旅游团_id) VALUES ('1384763284', 4);

INSERT INTO 顾客 (身份证号, 旅游团_id) VALUES ('1385298149', 5);

INSERT INTO 顾客 (身份证号, 旅游团_id) VALUES ('1388412082', 2);

INSERT INTO 顾客 (身份证号, 旅游团_id) VALUES ('1388579143', 2);

INSERT INTO 顾客 (身份证号, 旅游团_id) VALUES ('1390142215', 10);

INSERT INTO 顾客 (身份证号, 旅游团_id) VALUES ('1398841587', 7);

INSERT INTO 顾客 (身份证号, 旅游团_id) VALUES ('1401740026', 10);

INSERT INTO 顾客 (身份证号, 旅游团_id) VALUES ('1402297067', 3);

INSERT INTO 顾客 (身份证号, 旅游团_id) VALUES ('1403753548', 9);

INSERT INTO 顾客 (身份证号, 旅游团_id) VALUES ('1405974098', 1);

INSERT INTO 顾客 (身份证号, 旅游团_id) VALUES ('1406104264', 2);

INSERT INTO 顾客 (身份证号, 旅游团_id) VALUES ('1406619081', 8);

INSERT INTO 顾客 (身份证号, 旅游团_id) VALUES ('1409106930', 2);

INSERT INTO 顾客 (身份证号, 旅游团_id) VALUES ('1412913755', 3);

INSERT INTO 顾客 (身份证号, 旅游团_id) VALUES ('1413201659', 7);

INSERT INTO 顾客 (身份证号, 旅游团_id) VALUES ('1414392160', 8);

INSERT INTO 顾客 (身份证号, 旅游团_id) VALUES ('1414914922', 6);

INSERT INTO 顾客 (身份证号, 旅游团_id) VALUES ('1414965774', 4);

INSERT INTO 顾客 (身份证号, 旅游团_id) VALUES ('1421644656', 3);

INSERT INTO 顾客 (身份证号, 旅游团_id) VALUES ('1423284658', 8);

INSERT INTO 顾客 (身份证号, 旅游团_id) VALUES ('1430095344', 8);

INSERT INTO 顾客 (身份证号, 旅游团_id) VALUES ('1434123226', 8);

INSERT INTO 顾客 (身份证号, 旅游团_id) VALUES ('1439514663', 8);

INSERT INTO 顾客 (身份证号, 旅游团_id) VALUES ('1444198228', 7);

INSERT INTO 顾客 (身份证号, 旅游团_id) VALUES ('1445397933', 6);

INSERT INTO 顾客 (身份证号, 旅游团_id) VALUES ('1446653457', 7);

INSERT INTO 顾客 (身份证号, 旅游团_id) VALUES ('1449742965', 6);

INSERT INTO 顾客 (身份证号, 旅游团_id) VALUES ('1449815617', 5);

INSERT INTO 顾客 (身份证号, 旅游团_id) VALUES ('1451381148', 3);

INSERT INTO 顾客 (身份证号, 旅游团_id) VALUES ('1451811398', 10);

INSERT INTO 顾客 (身份证号, 旅游团_id) VALUES ('1453082921', 8);

INSERT INTO 顾客 (身份证号, 旅游团_id) VALUES ('1458713248', 10);

INSERT INTO 顾客 (身份证号, 旅游团_id) VALUES ('1464009640', 6);

INSERT INTO 顾客 (身份证号, 旅游团_id) VALUES ('1465845741', 2);

INSERT INTO 顾客 (身份证号, 旅游团_id) VALUES ('1468697130', 8);

INSERT INTO 顾客 (身份证号, 旅游团_id) VALUES ('1470870199', 9);

INSERT INTO 顾客 (身份证号, 旅游团_id) VALUES ('1475552819', 6);

INSERT INTO 顾客 (身份证号, 旅游团_id) VALUES ('1475962726', 10);

INSERT INTO 顾客 (身份证号, 旅游团_id) VALUES ('1479722733', 1);

INSERT INTO 顾客 (身份证号, 旅游团_id) VALUES ('1480156570', 2);

INSERT INTO 顾客 (身份证号, 旅游团_id) VALUES ('1480388585', 6);

INSERT INTO 顾客 (身份证号, 旅游团_id) VALUES ('1482774905', 8);

INSERT INTO 顾客 (身份证号, 旅游团_id) VALUES ('1484381934', 5);

INSERT INTO 顾客 (身份证号, 旅游团_id) VALUES ('1487450605', 2);

INSERT INTO 顾客 (身份证号, 旅游团_id) VALUES ('1488957507', 10);

INSERT INTO 顾客 (身份证号, 旅游团_id) VALUES ('1490185179', 2);

INSERT INTO 顾客 (身份证号, 旅游团_id) VALUES ('1491262870', 9);

INSERT INTO 顾客 (身份证号, 旅游团_id) VALUES ('1495643735', 6);

INSERT INTO 顾客 (身份证号, 旅游团_id) VALUES ('1497553030', 3);

INSERT INTO 顾客 (身份证号, 旅游团_id) VALUES ('1503247625', 10);

INSERT INTO 顾客 (身份证号, 旅游团_id) VALUES ('1505235646', 2);

INSERT INTO 顾客 (身份证号, 旅游团_id) VALUES ('1505656088', 3);

INSERT INTO 顾客 (身份证号, 旅游团_id) VALUES ('1507222866', 2);

INSERT INTO 顾客 (身份证号, 旅游团_id) VALUES ('1508707533', 6);

INSERT INTO 顾客 (身份证号, 旅游团_id) VALUES ('1510692686', 2);

INSERT INTO 顾客 (身份证号, 旅游团_id) VALUES ('1514564197', 3);

INSERT INTO 顾客 (身份证号, 旅游团_id) VALUES ('1514582016', 6);

INSERT INTO 顾客 (身份证号, 旅游团_id) VALUES ('1514772262', 1);

INSERT INTO 顾客 (身份证号, 旅游团_id) VALUES ('1520674817', 5);

INSERT INTO 顾客 (身份证号, 旅游团_id) VALUES ('1528629764', 1);

INSERT INTO 顾客 (身份证号, 旅游团_id) VALUES ('1528661803', 1);

INSERT INTO 顾客 (身份证号, 旅游团_id) VALUES ('1530342258', 6);

INSERT INTO 顾客 (身份证号, 旅游团_id) VALUES ('1531064608', 5);

INSERT INTO 顾客 (身份证号, 旅游团_id) VALUES ('1533191715', 3);

INSERT INTO 顾客 (身份证号, 旅游团_id) VALUES ('1538034350', 8);

INSERT INTO 顾客 (身份证号, 旅游团_id) VALUES ('1538235101', 9);

INSERT INTO 顾客 (身份证号, 旅游团_id) VALUES ('1538429700', 3);

INSERT INTO 顾客 (身份证号, 旅游团_id) VALUES ('1540215633', 6);

INSERT INTO 顾客 (身份证号, 旅游团_id) VALUES ('1541988354', 6);

INSERT INTO 顾客 (身份证号, 旅游团_id) VALUES ('1542379799', 1);

INSERT INTO 顾客 (身份证号, 旅游团_id) VALUES ('1550519839', 9);

INSERT INTO 顾客 (身份证号, 旅游团_id) VALUES ('1553114650', 4);

INSERT INTO 顾客 (身份证号, 旅游团_id) VALUES ('1553989244', 4);

INSERT INTO 顾客 (身份证号, 旅游团_id) VALUES ('1555043312', 1);

INSERT INTO 顾客 (身份证号, 旅游团_id) VALUES ('1556042379', 10);

INSERT INTO 顾客 (身份证号, 旅游团_id) VALUES ('1557023003', 10);

INSERT INTO 顾客 (身份证号, 旅游团_id) VALUES ('1557704652', 5);

INSERT INTO 顾客 (身份证号, 旅游团_id) VALUES ('1561441207', 7);

INSERT INTO 顾客 (身份证号, 旅游团_id) VALUES ('1561988215', 7);

INSERT INTO 顾客 (身份证号, 旅游团_id) VALUES ('1564510483', 2);

INSERT INTO 顾客 (身份证号, 旅游团_id) VALUES ('1564898725', 5);

INSERT INTO 顾客 (身份证号, 旅游团_id) VALUES ('1569249620', 9);

INSERT INTO 顾客 (身份证号, 旅游团_id) VALUES ('1572415630', 3);

INSERT INTO 顾客 (身份证号, 旅游团_id) VALUES ('1572632406', 9);

INSERT INTO 顾客 (身份证号, 旅游团_id) VALUES ('1573743480', 5);

INSERT INTO 顾客 (身份证号, 旅游团_id) VALUES ('1575788107', 3);

INSERT INTO 顾客 (身份证号, 旅游团_id) VALUES ('1576351044', 7);

INSERT INTO 顾客 (身份证号, 旅游团_id) VALUES ('1577416464', 5);

INSERT INTO 顾客 (身份证号, 旅游团_id) VALUES ('1580916868', 6);

INSERT INTO 顾客 (身份证号, 旅游团_id) VALUES ('1580955927', 6);

INSERT INTO 顾客 (身份证号, 旅游团_id) VALUES ('1583412294', 2);

INSERT INTO 顾客 (身份证号, 旅游团_id) VALUES ('1588369355', 2);

INSERT INTO 顾客 (身份证号, 旅游团_id) VALUES ('1588843998', 3);

INSERT INTO 顾客 (身份证号, 旅游团_id) VALUES ('1589685313', 9);

INSERT INTO 顾客 (身份证号, 旅游团_id) VALUES ('1590485167', 5);

INSERT INTO 顾客 (身份证号, 旅游团_id) VALUES ('1597127676', 7);

INSERT INTO 顾客 (身份证号, 旅游团_id) VALUES ('1602151684', 2);

INSERT INTO 顾客 (身份证号, 旅游团_id) VALUES ('1606517966', 8);

INSERT INTO 顾客 (身份证号, 旅游团_id) VALUES ('1607296817', 10);

INSERT INTO 顾客 (身份证号, 旅游团_id) VALUES ('1612624483', 10);

INSERT INTO 顾客 (身份证号, 旅游团_id) VALUES ('1613345272', 6);

INSERT INTO 顾客 (身份证号, 旅游团_id) VALUES ('1613553178', 4);

INSERT INTO 顾客 (身份证号, 旅游团_id) VALUES ('1616953744', 7);

INSERT INTO 顾客 (身份证号, 旅游团_id) VALUES ('1619591103', 1);

INSERT INTO 顾客 (身份证号, 旅游团_id) VALUES ('1620316331', 3);

INSERT INTO 顾客 (身份证号, 旅游团_id) VALUES ('1626564697', 1);

INSERT INTO 顾客 (身份证号, 旅游团_id) VALUES ('1626764206', 9);

INSERT INTO 顾客 (身份证号, 旅游团_id) VALUES ('1629550230', 6);

INSERT INTO 顾客 (身份证号, 旅游团_id) VALUES ('1631124318', 9);

INSERT INTO 顾客 (身份证号, 旅游团_id) VALUES ('1632849886', 1);

INSERT INTO 顾客 (身份证号, 旅游团_id) VALUES ('1638520819', 1);

INSERT INTO 顾客 (身份证号, 旅游团_id) VALUES ('1643850362', 4);

INSERT INTO 顾客 (身份证号, 旅游团_id) VALUES ('1646189177', 7);

INSERT INTO 顾客 (身份证号, 旅游团_id) VALUES ('1649593152', 10);

INSERT INTO 顾客 (身份证号, 旅游团_id) VALUES ('1650427775', 4);

INSERT INTO 顾客 (身份证号, 旅游团_id) VALUES ('1653292359', 1);

INSERT INTO 顾客 (身份证号, 旅游团_id) VALUES ('1656235478', 3);

INSERT INTO 顾客 (身份证号, 旅游团_id) VALUES ('1656496854', 8);

INSERT INTO 顾客 (身份证号, 旅游团_id) VALUES ('1657422775', 5);

INSERT INTO 顾客 (身份证号, 旅游团_id) VALUES ('1661748892', 5);

INSERT INTO 顾客 (身份证号, 旅游团_id) VALUES ('1663866841', 3);

INSERT INTO 顾客 (身份证号, 旅游团_id) VALUES ('1667945744', 3);

INSERT INTO 顾客 (身份证号, 旅游团_id) VALUES ('1668188044', 7);

INSERT INTO 顾客 (身份证号, 旅游团_id) VALUES ('1668811412', 6);

INSERT INTO 顾客 (身份证号, 旅游团_id) VALUES ('1669722854', 3);

INSERT INTO 顾客 (身份证号, 旅游团_id) VALUES ('1670856934', 3);

INSERT INTO 顾客 (身份证号, 旅游团_id) VALUES ('1672152481', 10);

INSERT INTO 顾客 (身份证号, 旅游团_id) VALUES ('1672683903', 8);

INSERT INTO 顾客 (身份证号, 旅游团_id) VALUES ('1674429015', 2);

INSERT INTO 顾客 (身份证号, 旅游团_id) VALUES ('1676834025', 2);

INSERT INTO 顾客 (身份证号, 旅游团_id) VALUES ('1679014945', 9);

INSERT INTO 顾客 (身份证号, 旅游团_id) VALUES ('1683477299', 1);

INSERT INTO 顾客 (身份证号, 旅游团_id) VALUES ('1685146550', 7);

INSERT INTO 顾客 (身份证号, 旅游团_id) VALUES ('1686775310', 2);

INSERT INTO 顾客 (身份证号, 旅游团_id) VALUES ('1694259031', 2);

INSERT INTO 顾客 (身份证号, 旅游团_id) VALUES ('1694945299', 6);

INSERT INTO 顾客 (身份证号, 旅游团_id) VALUES ('1695595395', 8);

INSERT INTO 顾客 (身份证号, 旅游团_id) VALUES ('1695935705', 5);

INSERT INTO 顾客 (身份证号, 旅游团_id) VALUES ('1696813074', 5);

INSERT INTO 顾客 (身份证号, 旅游团_id) VALUES ('1696842947', 9);

INSERT INTO 顾客 (身份证号, 旅游团_id) VALUES ('1697588022', 7);

INSERT INTO 顾客 (身份证号, 旅游团_id) VALUES ('1701443157', 3);

INSERT INTO 顾客 (身份证号, 旅游团_id) VALUES ('1702257732', 1);

INSERT INTO 顾客 (身份证号, 旅游团_id) VALUES ('1703819610', 2);

INSERT INTO 顾客 (身份证号, 旅游团_id) VALUES ('1706470632', 6);

INSERT INTO 顾客 (身份证号, 旅游团_id) VALUES ('1709154465', 2);

INSERT INTO 顾客 (身份证号, 旅游团_id) VALUES ('1709422804', 4);

INSERT INTO 顾客 (身份证号, 旅游团_id) VALUES ('1710918293', 10);

INSERT INTO 顾客 (身份证号, 旅游团_id) VALUES ('1711690280', 6);

INSERT INTO 顾客 (身份证号, 旅游团_id) VALUES ('1713496232', 6);

INSERT INTO 顾客 (身份证号, 旅游团_id) VALUES ('1714047586', 5);

INSERT INTO 顾客 (身份证号, 旅游团_id) VALUES ('1714912159', 1);

INSERT INTO 顾客 (身份证号, 旅游团_id) VALUES ('1718294789', 3);

INSERT INTO 顾客 (身份证号, 旅游团_id) VALUES ('1718504956', 7);

INSERT INTO 顾客 (身份证号, 旅游团_id) VALUES ('1718765004', 1);

INSERT INTO 顾客 (身份证号, 旅游团_id) VALUES ('1719826543', 6);

INSERT INTO 顾客 (身份证号, 旅游团_id) VALUES ('1719846108', 5);

INSERT INTO 顾客 (身份证号, 旅游团_id) VALUES ('1720376932', 8);

INSERT INTO 顾客 (身份证号, 旅游团_id) VALUES ('1728180299', 5);

INSERT INTO 顾客 (身份证号, 旅游团_id) VALUES ('1735028908', 9);

INSERT INTO 顾客 (身份证号, 旅游团_id) VALUES ('1738133161', 5);

INSERT INTO 顾客 (身份证号, 旅游团_id) VALUES ('1738649434', 5);

INSERT INTO 顾客 (身份证号, 旅游团_id) VALUES ('1739288221', 8);

INSERT INTO 顾客 (身份证号, 旅游团_id) VALUES ('1742185274', 2);

INSERT INTO 顾客 (身份证号, 旅游团_id) VALUES ('1746166032', 7);

INSERT INTO 顾客 (身份证号, 旅游团_id) VALUES ('1747431050', 10);

INSERT INTO 顾客 (身份证号, 旅游团_id) VALUES ('1748333109', 10);

INSERT INTO 顾客 (身份证号, 旅游团_id) VALUES ('1748716646', 9);

INSERT INTO 顾客 (身份证号, 旅游团_id) VALUES ('1749362187', 2);

INSERT INTO 顾客 (身份证号, 旅游团_id) VALUES ('1750323285', 9);

INSERT INTO 顾客 (身份证号, 旅游团_id) VALUES ('1753628178', 5);

INSERT INTO 顾客 (身份证号, 旅游团_id) VALUES ('1755508488', 1);

INSERT INTO 顾客 (身份证号, 旅游团_id) VALUES ('1757029347', 3);

INSERT INTO 顾客 (身份证号, 旅游团_id) VALUES ('1757374750', 1);

INSERT INTO 顾客 (身份证号, 旅游团_id) VALUES ('1762606963', 9);

INSERT INTO 顾客 (身份证号, 旅游团_id) VALUES ('1766078120', 6);

INSERT INTO 顾客 (身份证号, 旅游团_id) VALUES ('1766133742', 10);

INSERT INTO 顾客 (身份证号, 旅游团_id) VALUES ('1767046011', 8);

INSERT INTO 顾客 (身份证号, 旅游团_id) VALUES ('1769850144', 3);

INSERT INTO 顾客 (身份证号, 旅游团_id) VALUES ('1772718967', 3);

INSERT INTO 顾客 (身份证号, 旅游团_id) VALUES ('1773801777', 5);

INSERT INTO 顾客 (身份证号, 旅游团_id) VALUES ('1775684725', 4);

INSERT INTO 顾客 (身份证号, 旅游团_id) VALUES ('1777863626', 7);

INSERT INTO 顾客 (身份证号, 旅游团_id) VALUES ('1782156444', 3);

INSERT INTO 顾客 (身份证号, 旅游团_id) VALUES ('1783787283', 1);

INSERT INTO 顾客 (身份证号, 旅游团_id) VALUES ('1784771540', 8);

INSERT INTO 顾客 (身份证号, 旅游团_id) VALUES ('1784913992', 8);

INSERT INTO 顾客 (身份证号, 旅游团_id) VALUES ('1785651981', 10);

INSERT INTO 顾客 (身份证号, 旅游团_id) VALUES ('1787657440', 4);

INSERT INTO 顾客 (身份证号, 旅游团_id) VALUES ('1787905106', 7);

INSERT INTO 顾客 (身份证号, 旅游团_id) VALUES ('1790070732', 1);

INSERT INTO 顾客 (身份证号, 旅游团_id) VALUES ('1791235258', 8);

INSERT INTO 顾客 (身份证号, 旅游团_id) VALUES ('1792008352', 3);

INSERT INTO 顾客 (身份证号, 旅游团_id) VALUES ('1792193564', 2);

INSERT INTO 顾客 (身份证号, 旅游团_id) VALUES ('1795416040', 7);

INSERT INTO 顾客 (身份证号, 旅游团_id) VALUES ('1795444052', 5);

INSERT INTO 顾客 (身份证号, 旅游团_id) VALUES ('1797717032', 5);

INSERT INTO 顾客 (身份证号, 旅游团_id) VALUES ('1799324914', 7);

INSERT INTO 顾客 (身份证号, 旅游团_id) VALUES ('1805220441', 10);

INSERT INTO 顾客 (身份证号, 旅游团_id) VALUES ('1806272161', 4);

INSERT INTO 顾客 (身份证号, 旅游团_id) VALUES ('1808200141', 7);

INSERT INTO 顾客 (身份证号, 旅游团_id) VALUES ('1808239748', 3);

INSERT INTO 顾客 (身份证号, 旅游团_id) VALUES ('1808461265', 6);

INSERT INTO 顾客 (身份证号, 旅游团_id) VALUES ('1810525614', 9);

INSERT INTO 顾客 (身份证号, 旅游团_id) VALUES ('1810981996', 2);

INSERT INTO 顾客 (身份证号, 旅游团_id) VALUES ('1812143443', 9);

INSERT INTO 顾客 (身份证号, 旅游团_id) VALUES ('1812963357', 6);

INSERT INTO 顾客 (身份证号, 旅游团_id) VALUES ('1813245202', 6);

INSERT INTO 顾客 (身份证号, 旅游团_id) VALUES ('1813767187', 7);

INSERT INTO 顾客 (身份证号, 旅游团_id) VALUES ('1813902522', 7);

INSERT INTO 顾客 (身份证号, 旅游团_id) VALUES ('1814232820', 9);

INSERT INTO 顾客 (身份证号, 旅游团_id) VALUES ('1819345226', 2);

INSERT INTO 顾客 (身份证号, 旅游团_id) VALUES ('1819570763', 5);

INSERT INTO 顾客 (身份证号, 旅游团_id) VALUES ('1825337046', 7);

INSERT INTO 顾客 (身份证号, 旅游团_id) VALUES ('1828420942', 10);

INSERT INTO 顾客 (身份证号, 旅游团_id) VALUES ('1833304899', 10);

INSERT INTO 顾客 (身份证号, 旅游团_id) VALUES ('1836009686', 7);

INSERT INTO 顾客 (身份证号, 旅游团_id) VALUES ('1837120727', 9);

INSERT INTO 顾客 (身份证号, 旅游团_id) VALUES ('1837204475', 1);

INSERT INTO 顾客 (身份证号, 旅游团_id) VALUES ('1842032700', 1);

INSERT INTO 顾客 (身份证号, 旅游团_id) VALUES ('1845461740', 7);

INSERT INTO 顾客 (身份证号, 旅游团_id) VALUES ('1846416074', 5);

INSERT INTO 顾客 (身份证号, 旅游团_id) VALUES ('1846565115', 8);

INSERT INTO 顾客 (身份证号, 旅游团_id) VALUES ('1849198864', 4);

INSERT INTO 顾客 (身份证号, 旅游团_id) VALUES ('1849560885', 6);

INSERT INTO 顾客 (身份证号, 旅游团_id) VALUES ('1850620593', 2);

INSERT INTO 顾客 (身份证号, 旅游团_id) VALUES ('1857410820', 6);

INSERT INTO 顾客 (身份证号, 旅游团_id) VALUES ('1860249553', 10);

INSERT INTO 顾客 (身份证号, 旅游团_id) VALUES ('1861872901', 3);

INSERT INTO 顾客 (身份证号, 旅游团_id) VALUES ('1863683888', 10);

INSERT INTO 顾客 (身份证号, 旅游团_id) VALUES ('1863840842', 7);

INSERT INTO 顾客 (身份证号, 旅游团_id) VALUES ('1864072449', 7);

INSERT INTO 顾客 (身份证号, 旅游团_id) VALUES ('1867724189', 9);

INSERT INTO 顾客 (身份证号, 旅游团_id) VALUES ('1869425884', 3);

INSERT INTO 顾客 (身份证号, 旅游团_id) VALUES ('1875190414', 6);

INSERT INTO 顾客 (身份证号, 旅游团_id) VALUES ('1879415632', 6);

INSERT INTO 顾客 (身份证号, 旅游团_id) VALUES ('1883722865', 6);

INSERT INTO 顾客 (身份证号, 旅游团_id) VALUES ('1884405325', 4);

INSERT INTO 顾客 (身份证号, 旅游团_id) VALUES ('1891046536', 10);

INSERT INTO 顾客 (身份证号, 旅游团_id) VALUES ('1891889574', 1);

INSERT INTO 顾客 (身份证号, 旅游团_id) VALUES ('1896006992', 6);

INSERT INTO 顾客 (身份证号, 旅游团_id) VALUES ('1896256687', 3);

INSERT INTO 顾客 (身份证号, 旅游团_id) VALUES ('1897776644', 3);

INSERT INTO 顾客 (身份证号, 旅游团_id) VALUES ('1898793745', 5);

INSERT INTO 顾客 (身份证号, 旅游团_id) VALUES ('1899583856', 7);

INSERT INTO 顾客 (身份证号, 旅游团_id) VALUES ('1900200311', 5);

INSERT INTO 顾客 (身份证号, 旅游团_id) VALUES ('1900324294', 1);

INSERT INTO 顾客 (身份证号, 旅游团_id) VALUES ('1902924423', 3);

INSERT INTO 顾客 (身份证号, 旅游团_id) VALUES ('1905139210', 5);

INSERT INTO 顾客 (身份证号, 旅游团_id) VALUES ('1905947317', 7);

INSERT INTO 顾客 (身份证号, 旅游团_id) VALUES ('1907545968', 7);

INSERT INTO 顾客 (身份证号, 旅游团_id) VALUES ('1911275421', 5);

INSERT INTO 顾客 (身份证号, 旅游团_id) VALUES ('1913904605', 4);

INSERT INTO 顾客 (身份证号, 旅游团_id) VALUES ('1914182413', 6);

INSERT INTO 顾客 (身份证号, 旅游团_id) VALUES ('1915794627', 1);

INSERT INTO 顾客 (身份证号, 旅游团_id) VALUES ('1917916310', 10);

INSERT INTO 顾客 (身份证号, 旅游团_id) VALUES ('1921853399', 6);

INSERT INTO 顾客 (身份证号, 旅游团_id) VALUES ('1923482380', 10);

INSERT INTO 顾客 (身份证号, 旅游团_id) VALUES ('1927981791', 1);

INSERT INTO 顾客 (身份证号, 旅游团_id) VALUES ('1928611833', 8);

INSERT INTO 顾客 (身份证号, 旅游团_id) VALUES ('1936798703', 7);

INSERT INTO 顾客 (身份证号, 旅游团_id) VALUES ('1945825956', 5);

INSERT INTO 顾客 (身份证号, 旅游团_id) VALUES ('1950761357', 6);

INSERT INTO 顾客 (身份证号, 旅游团_id) VALUES ('1953984884', 8);

INSERT INTO 顾客 (身份证号, 旅游团_id) VALUES ('1955679779', 3);

INSERT INTO 顾客 (身份证号, 旅游团_id) VALUES ('1959522660', 5);

INSERT INTO 顾客 (身份证号, 旅游团_id) VALUES ('1966998089', 2);

INSERT INTO 顾客 (身份证号, 旅游团_id) VALUES ('1968995671', 7);

INSERT INTO 顾客 (身份证号, 旅游团_id) VALUES ('1972420767', 4);

INSERT INTO 顾客 (身份证号, 旅游团_id) VALUES ('1975434532', 8);

INSERT INTO 顾客 (身份证号, 旅游团_id) VALUES ('1976685776', 2);

INSERT INTO 顾客 (身份证号, 旅游团_id) VALUES ('1976820313', 3);

INSERT INTO 顾客 (身份证号, 旅游团_id) VALUES ('1976998625', 2);

INSERT INTO 顾客 (身份证号, 旅游团_id) VALUES ('1977479956', 4);

INSERT INTO 顾客 (身份证号, 旅游团_id) VALUES ('1978065718', 5);

INSERT INTO 顾客 (身份证号, 旅游团_id) VALUES ('1978154873', 1);

INSERT INTO 顾客 (身份证号, 旅游团_id) VALUES ('1980166080', 6);

INSERT INTO 顾客 (身份证号, 旅游团_id) VALUES ('1983003496', 7);

INSERT INTO 顾客 (身份证号, 旅游团_id) VALUES ('1984960943', 2);

INSERT INTO 顾客 (身份证号, 旅游团_id) VALUES ('1987473551', 7);

INSERT INTO 顾客 (身份证号, 旅游团_id) VALUES ('1988138262', 9);

INSERT INTO 顾客 (身份证号, 旅游团_id) VALUES ('1988557754', 7);

INSERT INTO 顾客 (身份证号, 旅游团_id) VALUES ('1991076697', 1);

INSERT INTO 顾客 (身份证号, 旅游团_id) VALUES ('1992260324', 6);

INSERT INTO 顾客 (身份证号, 旅游团_id) VALUES ('1992775904', 8);

INSERT INTO 顾客 (身份证号, 旅游团_id) VALUES ('1997403407', 5);

INSERT INTO 顾客 (身份证号, 旅游团_id) VALUES ('1997917030', 1);

INSERT INTO 顾客 (身份证号, 旅游团_id) VALUES ('1998360287', 8);

INSERT INTO 顾客 (身份证号, 旅游团_id) VALUES ('1998991029', 10);

INSERT INTO 顾客 (身份证号, 旅游团_id) VALUES ('1999910927', 7);

INSERT INTO 顾客 (身份证号, 旅游团_id) VALUES ('2003122667', 1);

INSERT INTO 顾客 (身份证号, 旅游团_id) VALUES ('2003372061', 6);

INSERT INTO 顾客 (身份证号, 旅游团_id) VALUES ('2005853435', 8);

INSERT INTO 顾客 (身份证号, 旅游团_id) VALUES ('2007379024', 9);

INSERT INTO 顾客 (身份证号, 旅游团_id) VALUES ('2008736797', 6);

INSERT INTO 顾客 (身份证号, 旅游团_id) VALUES ('2012242527', 7);

INSERT INTO 顾客 (身份证号, 旅游团_id) VALUES ('2015526339', 9);

INSERT INTO 顾客 (身份证号, 旅游团_id) VALUES ('2019061357', 3);

INSERT INTO 顾客 (身份证号, 旅游团_id) VALUES ('2019503777', 9);

INSERT INTO 顾客 (身份证号, 旅游团_id) VALUES ('2021688427', 10);

INSERT INTO 顾客 (身份证号, 旅游团_id) VALUES ('2028367204', 8);

INSERT INTO 顾客 (身份证号, 旅游团_id) VALUES ('2029168209', 5);

INSERT INTO 顾客 (身份证号, 旅游团_id) VALUES ('2033403989', 5);

INSERT INTO 顾客 (身份证号, 旅游团_id) VALUES ('2035299424', 3);

INSERT INTO 顾客 (身份证号, 旅游团_id) VALUES ('2036909096', 4);

INSERT INTO 顾客 (身份证号, 旅游团_id) VALUES ('2037027663', 5);

INSERT INTO 顾客 (身份证号, 旅游团_id) VALUES ('2037718090', 2);

INSERT INTO 顾客 (身份证号, 旅游团_id) VALUES ('2038049914', 10);

INSERT INTO 顾客 (身份证号, 旅游团_id) VALUES ('2041116339', 10);

INSERT INTO 顾客 (身份证号, 旅游团_id) VALUES ('2041322958', 4);

INSERT INTO 顾客 (身份证号, 旅游团_id) VALUES ('2044152457', 4);

INSERT INTO 顾客 (身份证号, 旅游团_id) VALUES ('2044269317', 9);

INSERT INTO 顾客 (身份证号, 旅游团_id) VALUES ('2047470042', 9);

INSERT INTO 顾客 (身份证号, 旅游团_id) VALUES ('2047827335', 1);

INSERT INTO 顾客 (身份证号, 旅游团_id) VALUES ('2052418777', 1);

INSERT INTO 顾客 (身份证号, 旅游团_id) VALUES ('2052617671', 6);

INSERT INTO 顾客 (身份证号, 旅游团_id) VALUES ('2054429262', 8);

INSERT INTO 顾客 (身份证号, 旅游团_id) VALUES ('2056215686', 4);

INSERT INTO 顾客 (身份证号, 旅游团_id) VALUES ('2062464820', 2);

INSERT INTO 顾客 (身份证号, 旅游团_id) VALUES ('2063030453', 10);

INSERT INTO 顾客 (身份证号, 旅游团_id) VALUES ('2066298573', 9);

INSERT INTO 顾客 (身份证号, 旅游团_id) VALUES ('2068575247', 2);

INSERT INTO 顾客 (身份证号, 旅游团_id) VALUES ('2069868187', 6);

INSERT INTO 顾客 (身份证号, 旅游团_id) VALUES ('2070283788', 10);

INSERT INTO 顾客 (身份证号, 旅游团_id) VALUES ('2071113449', 4);

INSERT INTO 顾客 (身份证号, 旅游团_id) VALUES ('2071634781', 9);

INSERT INTO 顾客 (身份证号, 旅游团_id) VALUES ('2077814195', 1);

INSERT INTO 顾客 (身份证号, 旅游团_id) VALUES ('2078552463', 7);

INSERT INTO 顾客 (身份证号, 旅游团_id) VALUES ('2078970944', 5);

INSERT INTO 顾客 (身份证号, 旅游团_id) VALUES ('2079045374', 3);

INSERT INTO 顾客 (身份证号, 旅游团_id) VALUES ('2081125420', 7);

INSERT INTO 顾客 (身份证号, 旅游团_id) VALUES ('2082551390', 2);

INSERT INTO 顾客 (身份证号, 旅游团_id) VALUES ('2083118004', 9);

INSERT INTO 顾客 (身份证号, 旅游团_id) VALUES ('2086214333', 7);

INSERT INTO 顾客 (身份证号, 旅游团_id) VALUES ('2086582909', 8);

INSERT INTO 顾客 (身份证号, 旅游团_id) VALUES ('2087808542', 7);

INSERT INTO 顾客 (身份证号, 旅游团_id) VALUES ('2089293565', 9);

INSERT INTO 顾客 (身份证号, 旅游团_id) VALUES ('2089658218', 5);

INSERT INTO 顾客 (身份证号, 旅游团_id) VALUES ('2089724226', 3);

INSERT INTO 顾客 (身份证号, 旅游团_id) VALUES ('2094385377', 9);

INSERT INTO 顾客 (身份证号, 旅游团_id) VALUES ('2094927988', 10);

INSERT INTO 顾客 (身份证号, 旅游团_id) VALUES ('2095575373', 9);

INSERT INTO 顾客 (身份证号, 旅游团_id) VALUES ('2095663189', 4);

INSERT INTO 顾客 (身份证号, 旅游团_id) VALUES ('2096235930', 8);

INSERT INTO 顾客 (身份证号, 旅游团_id) VALUES ('2096665934', 10);

INSERT INTO 顾客 (身份证号, 旅游团_id) VALUES ('2099250641', 6);

INSERT INTO 顾客 (身份证号, 旅游团_id) VALUES ('2100512349', 2);

INSERT INTO 顾客 (身份证号, 旅游团_id) VALUES ('2108877206', 9);

INSERT INTO 顾客 (身份证号, 旅游团_id) VALUES ('2109674912', 4);

INSERT INTO 顾客 (身份证号, 旅游团_id) VALUES ('2111004059', 5);

INSERT INTO 顾客 (身份证号, 旅游团_id) VALUES ('2114889328', 3);

INSERT INTO 顾客 (身份证号, 旅游团_id) VALUES ('2115202568', 4);

INSERT INTO 顾客 (身份证号, 旅游团_id) VALUES ('2116462371', 1);

INSERT INTO 顾客 (身份证号, 旅游团_id) VALUES ('2119406002', 7);

INSERT INTO 顾客 (身份证号, 旅游团_id) VALUES ('2119871510', 1);

INSERT INTO 顾客 (身份证号, 旅游团_id) VALUES ('2121718348', 2);

INSERT INTO 顾客 (身份证号, 旅游团_id) VALUES ('2123318420', 3);

INSERT INTO 顾客 (身份证号, 旅游团_id) VALUES ('2124840584', 1);

INSERT INTO 顾客 (身份证号, 旅游团_id) VALUES ('2128088242', 1);

INSERT INTO 顾客 (身份证号, 旅游团_id) VALUES ('2128101402', 1);

INSERT INTO 顾客 (身份证号, 旅游团_id) VALUES ('2130269549', 5);

INSERT INTO 顾客 (身份证号, 旅游团_id) VALUES ('2131461895', 1);

INSERT INTO 顾客 (身份证号, 旅游团_id) VALUES ('2132288368', 3);

INSERT INTO 顾客 (身份证号, 旅游团_id) VALUES ('2135601809', 2);

INSERT INTO 顾客 (身份证号, 旅游团_id) VALUES ('2137468353', 4);

INSERT INTO 顾客 (身份证号, 旅游团_id) VALUES ('2140995845', 10);

INSERT INTO 顾客 (身份证号, 旅游团_id) VALUES ('2142047032', 5);

INSERT INTO 顾客 (身份证号, 旅游团_id) VALUES ('2142840952', 3);

INSERT INTO 顾客 (身份证号, 旅游团_id) VALUES ('2143968080', 4);

INSERT INTO 顾客 (身份证号, 旅游团_id) VALUES ('2144854333', 4);

INSERT INTO 顾客 (身份证号, 旅游团_id) VALUES ('2145041959', 4);

INSERT INTO 顾客 (身份证号, 旅游团_id) VALUES ('2146535345', 10);

INSERT INTO 顾客 (身份证号, 旅游团_id) VALUES ('2148141603', 1);

INSERT INTO 顾客 (身份证号, 旅游团_id) VALUES ('2149701888', 4);

INSERT INTO 顾客 (身份证号, 旅游团_id) VALUES ('2153800394', 6);

INSERT INTO 顾客 (身份证号, 旅游团_id) VALUES ('2154431801', 4);

INSERT INTO 顾客 (身份证号, 旅游团_id) VALUES ('2154729466', 6);

INSERT INTO 顾客 (身份证号, 旅游团_id) VALUES ('2158488222', 10);

INSERT INTO 顾客 (身份证号, 旅游团_id) VALUES ('2161221803', 5);

INSERT INTO 顾客 (身份证号, 旅游团_id) VALUES ('2166828358', 3);

INSERT INTO 顾客 (身份证号, 旅游团_id) VALUES ('2167620420', 2);

INSERT INTO 顾客 (身份证号, 旅游团_id) VALUES ('2168959027', 8);

INSERT INTO 顾客 (身份证号, 旅游团_id) VALUES ('2170663267', 2);

INSERT INTO 顾客 (身份证号, 旅游团_id) VALUES ('2170717132', 10);

INSERT INTO 顾客 (身份证号, 旅游团_id) VALUES ('2173355452', 4);

INSERT INTO 顾客 (身份证号, 旅游团_id) VALUES ('2175445208', 7);

INSERT INTO 顾客 (身份证号, 旅游团_id) VALUES ('2177101478', 1);

INSERT INTO 顾客 (身份证号, 旅游团_id) VALUES ('2178651332', 8);

INSERT INTO 顾客 (身份证号, 旅游团_id) VALUES ('2183691141', 5);

INSERT INTO 顾客 (身份证号, 旅游团_id) VALUES ('2184994901', 4);

INSERT INTO 顾客 (身份证号, 旅游团_id) VALUES ('2185880310', 3);

INSERT INTO 顾客 (身份证号, 旅游团_id) VALUES ('2186139973', 4);

INSERT INTO 顾客 (身份证号, 旅游团_id) VALUES ('2189803051', 3);

INSERT INTO 顾客 (身份证号, 旅游团_id) VALUES ('2191383476', 9);

INSERT INTO 顾客 (身份证号, 旅游团_id) VALUES ('2193242583', 4);

INSERT INTO 顾客 (身份证号, 旅游团_id) VALUES ('2193645430', 9);

INSERT INTO 顾客 (身份证号, 旅游团_id) VALUES ('2196832771', 10);

INSERT INTO 顾客 (身份证号, 旅游团_id) VALUES ('2198068646', 7);

INSERT INTO 顾客 (身份证号, 旅游团_id) VALUES ('2198690052', 5);

INSERT INTO 顾客 (身份证号, 旅游团_id) VALUES ('2198907505', 7);

INSERT INTO 顾客 (身份证号, 旅游团_id) VALUES ('2203782226', 3);

INSERT INTO 顾客 (身份证号, 旅游团_id) VALUES ('2204663433', 2);

INSERT INTO 顾客 (身份证号, 旅游团_id) VALUES ('2205317019', 2);

INSERT INTO 顾客 (身份证号, 旅游团_id) VALUES ('2205355460', 10);

INSERT INTO 顾客 (身份证号, 旅游团_id) VALUES ('2206651333', 1);

INSERT INTO 顾客 (身份证号, 旅游团_id) VALUES ('2207032553', 4);

INSERT INTO 顾客 (身份证号, 旅游团_id) VALUES ('2208507975', 4);

INSERT INTO 顾客 (身份证号, 旅游团_id) VALUES ('2211524785', 9);

INSERT INTO 顾客 (身份证号, 旅游团_id) VALUES ('2211949624', 10);

INSERT INTO 顾客 (身份证号, 旅游团_id) VALUES ('2212317069', 2);

INSERT INTO 顾客 (身份证号, 旅游团_id) VALUES ('2213358752', 2);

INSERT INTO 顾客 (身份证号, 旅游团_id) VALUES ('2215434370', 6);

INSERT INTO 顾客 (身份证号, 旅游团_id) VALUES ('2216490444', 7);

INSERT INTO 顾客 (身份证号, 旅游团_id) VALUES ('2216784403', 4);

INSERT INTO 顾客 (身份证号, 旅游团_id) VALUES ('2218457767', 9);

INSERT INTO 顾客 (身份证号, 旅游团_id) VALUES ('2219262961', 2);

INSERT INTO 顾客 (身份证号, 旅游团_id) VALUES ('2220175749', 2);

INSERT INTO 顾客 (身份证号, 旅游团_id) VALUES ('2222536545', 1);

INSERT INTO 顾客 (身份证号, 旅游团_id) VALUES ('2226038602', 8);

INSERT INTO 顾客 (身份证号, 旅游团_id) VALUES ('2228303112', 6);

INSERT INTO 顾客 (身份证号, 旅游团_id) VALUES ('2233138124', 3);

INSERT INTO 顾客 (身份证号, 旅游团_id) VALUES ('2233430777', 2);

INSERT INTO 顾客 (身份证号, 旅游团_id) VALUES ('2234724305', 7);

INSERT INTO 顾客 (身份证号, 旅游团_id) VALUES ('2235904159', 3);

INSERT INTO 顾客 (身份证号, 旅游团_id) VALUES ('2237574702', 5);

INSERT INTO 顾客 (身份证号, 旅游团_id) VALUES ('2240911586', 10);

INSERT INTO 顾客 (身份证号, 旅游团_id) VALUES ('2242916253', 3);

INSERT INTO 顾客 (身份证号, 旅游团_id) VALUES ('2243929882', 10);

INSERT INTO 顾客 (身份证号, 旅游团_id) VALUES ('2247641109', 8);

INSERT INTO 顾客 (身份证号, 旅游团_id) VALUES ('2247759424', 7);

INSERT INTO 顾客 (身份证号, 旅游团_id) VALUES ('2249371411', 3);

INSERT INTO 顾客 (身份证号, 旅游团_id) VALUES ('2250359577', 2);

INSERT INTO 顾客 (身份证号, 旅游团_id) VALUES ('2253361078', 4);

INSERT INTO 顾客 (身份证号, 旅游团_id) VALUES ('2257263680', 5);

INSERT INTO 顾客 (身份证号, 旅游团_id) VALUES ('2261933882', 4);

INSERT INTO 顾客 (身份证号, 旅游团_id) VALUES ('2264163058', 8);

INSERT INTO 顾客 (身份证号, 旅游团_id) VALUES ('2264893003', 7);

INSERT INTO 顾客 (身份证号, 旅游团_id) VALUES ('2265814169', 2);

INSERT INTO 顾客 (身份证号, 旅游团_id) VALUES ('2271134889', 9);

INSERT INTO 顾客 (身份证号, 旅游团_id) VALUES ('2274496611', 5);

INSERT INTO 顾客 (身份证号, 旅游团_id) VALUES ('2277704036', 4);

INSERT INTO 顾客 (身份证号, 旅游团_id) VALUES ('2279551667', 7);

INSERT INTO 顾客 (身份证号, 旅游团_id) VALUES ('2281610801', 1);

INSERT INTO 顾客 (身份证号, 旅游团_id) VALUES ('2288052727', 1);

INSERT INTO 顾客 (身份证号, 旅游团_id) VALUES ('2288705682', 1);

INSERT INTO 顾客 (身份证号, 旅游团_id) VALUES ('2290047132', 10);

INSERT INTO 顾客 (身份证号, 旅游团_id) VALUES ('2290363675', 7);

INSERT INTO 顾客 (身份证号, 旅游团_id) VALUES ('2292207618', 8);

INSERT INTO 顾客 (身份证号, 旅游团_id) VALUES ('2292515784', 1);

INSERT INTO 顾客 (身份证号, 旅游团_id) VALUES ('2295140293', 2);

INSERT INTO 顾客 (身份证号, 旅游团_id) VALUES ('2295790202', 1);

INSERT INTO 顾客 (身份证号, 旅游团_id) VALUES ('2296114760', 7);

INSERT INTO 顾客 (身份证号, 旅游团_id) VALUES ('2296360531', 2);

INSERT INTO 顾客 (身份证号, 旅游团_id) VALUES ('2297281858', 9);

INSERT INTO 顾客 (身份证号, 旅游团_id) VALUES ('2298122553', 7);

INSERT INTO 顾客 (身份证号, 旅游团_id) VALUES ('2300497811', 8);

INSERT INTO 顾客 (身份证号, 旅游团_id) VALUES ('2301685233', 3);

INSERT INTO 顾客 (身份证号, 旅游团_id) VALUES ('2304898615', 6);

INSERT INTO 顾客 (身份证号, 旅游团_id) VALUES ('2308688862', 4);

INSERT INTO 顾客 (身份证号, 旅游团_id) VALUES ('2310035910', 2);

INSERT INTO 顾客 (身份证号, 旅游团_id) VALUES ('2314622201', 10);

INSERT INTO 顾客 (身份证号, 旅游团_id) VALUES ('2314867525', 4);

INSERT INTO 顾客 (身份证号, 旅游团_id) VALUES ('2314983244', 5);

INSERT INTO 顾客 (身份证号, 旅游团_id) VALUES ('2316886121', 9);

INSERT INTO 顾客 (身份证号, 旅游团_id) VALUES ('2317028417', 6);

INSERT INTO 顾客 (身份证号, 旅游团_id) VALUES ('2318389240', 7);

INSERT INTO 顾客 (身份证号, 旅游团_id) VALUES ('2319227649', 1);

INSERT INTO 顾客 (身份证号, 旅游团_id) VALUES ('2319647647', 7);

INSERT INTO 顾客 (身份证号, 旅游团_id) VALUES ('2319957004', 10);

INSERT INTO 顾客 (身份证号, 旅游团_id) VALUES ('2323542864', 2);

INSERT INTO 顾客 (身份证号, 旅游团_id) VALUES ('2327607446', 6);

INSERT INTO 顾客 (身份证号, 旅游团_id) VALUES ('2331577935', 3);

INSERT INTO 顾客 (身份证号, 旅游团_id) VALUES ('2332480303', 6);

INSERT INTO 顾客 (身份证号, 旅游团_id) VALUES ('2337225032', 7);

INSERT INTO 顾客 (身份证号, 旅游团_id) VALUES ('2341830675', 3);

INSERT INTO 顾客 (身份证号, 旅游团_id) VALUES ('2344595336', 3);

INSERT INTO 顾客 (身份证号, 旅游团_id) VALUES ('2348348914', 8);

INSERT INTO 顾客 (身份证号, 旅游团_id) VALUES ('2348805582', 10);

INSERT INTO 顾客 (身份证号, 旅游团_id) VALUES ('2349070873', 9);

INSERT INTO 顾客 (身份证号, 旅游团_id) VALUES ('2355513401', 8);

INSERT INTO 顾客 (身份证号, 旅游团_id) VALUES ('2359776499', 7);

INSERT INTO 顾客 (身份证号, 旅游团_id) VALUES ('2364201335', 2);

INSERT INTO 顾客 (身份证号, 旅游团_id) VALUES ('2365837862', 5);

INSERT INTO 顾客 (身份证号, 旅游团_id) VALUES ('2366288929', 6);

INSERT INTO 顾客 (身份证号, 旅游团_id) VALUES ('2368289045', 1);

INSERT INTO 顾客 (身份证号, 旅游团_id) VALUES ('2368628072', 1);

INSERT INTO 顾客 (身份证号, 旅游团_id) VALUES ('2371831030', 4);

INSERT INTO 顾客 (身份证号, 旅游团_id) VALUES ('2373219776', 4);

INSERT INTO 顾客 (身份证号, 旅游团_id) VALUES ('2376750888', 6);

INSERT INTO 顾客 (身份证号, 旅游团_id) VALUES ('2378989398', 7);

INSERT INTO 顾客 (身份证号, 旅游团_id) VALUES ('2380230681', 2);

INSERT INTO 顾客 (身份证号, 旅游团_id) VALUES ('2380385482', 8);

INSERT INTO 顾客 (身份证号, 旅游团_id) VALUES ('2381573051', 10);

INSERT INTO 顾客 (身份证号, 旅游团_id) VALUES ('2386743179', 5);

INSERT INTO 顾客 (身份证号, 旅游团_id) VALUES ('2391508122', 3);

INSERT INTO 顾客 (身份证号, 旅游团_id) VALUES ('2394310543', 1);

INSERT INTO 顾客 (身份证号, 旅游团_id) VALUES ('2395307619', 8);

INSERT INTO 顾客 (身份证号, 旅游团_id) VALUES ('2396210169', 5);

INSERT INTO 顾客 (身份证号, 旅游团_id) VALUES ('2397182750', 5);

INSERT INTO 顾客 (身份证号, 旅游团_id) VALUES ('2399184017', 7);

INSERT INTO 顾客 (身份证号, 旅游团_id) VALUES ('2401499269', 10);

INSERT INTO 顾客 (身份证号, 旅游团_id) VALUES ('2401610689', 1);

INSERT INTO 顾客 (身份证号, 旅游团_id) VALUES ('2402428731', 10);

INSERT INTO 顾客 (身份证号, 旅游团_id) VALUES ('2403115803', 5);

INSERT INTO 顾客 (身份证号, 旅游团_id) VALUES ('2404424046', 7);

INSERT INTO 顾客 (身份证号, 旅游团_id) VALUES ('2405072673', 10);

INSERT INTO 顾客 (身份证号, 旅游团_id) VALUES ('2405600529', 2);

INSERT INTO 顾客 (身份证号, 旅游团_id) VALUES ('2408588735', 2);

INSERT INTO 顾客 (身份证号, 旅游团_id) VALUES ('2413266802', 8);

INSERT INTO 顾客 (身份证号, 旅游团_id) VALUES ('2417706048', 8);

INSERT INTO 顾客 (身份证号, 旅游团_id) VALUES ('2418954909', 1);

INSERT INTO 顾客 (身份证号, 旅游团_id) VALUES ('2428178896', 10);

INSERT INTO 顾客 (身份证号, 旅游团_id) VALUES ('2429048092', 8);

INSERT INTO 顾客 (身份证号, 旅游团_id) VALUES ('2435960942', 5);

INSERT INTO 顾客 (身份证号, 旅游团_id) VALUES ('2438000368', 10);

INSERT INTO 顾客 (身份证号, 旅游团_id) VALUES ('2439285648', 1);

INSERT INTO 顾客 (身份证号, 旅游团_id) VALUES ('2439885932', 3);

INSERT INTO 顾客 (身份证号, 旅游团_id) VALUES ('2442283144', 3);

INSERT INTO 顾客 (身份证号, 旅游团_id) VALUES ('2445652845', 7);

INSERT INTO 顾客 (身份证号, 旅游团_id) VALUES ('2446993660', 6);

INSERT INTO 顾客 (身份证号, 旅游团_id) VALUES ('2447109410', 6);

INSERT INTO 顾客 (身份证号, 旅游团_id) VALUES ('2450986863', 8);

INSERT INTO 顾客 (身份证号, 旅游团_id) VALUES ('2451678252', 6);

INSERT INTO 顾客 (身份证号, 旅游团_id) VALUES ('2456696629', 10);

INSERT INTO 顾客 (身份证号, 旅游团_id) VALUES ('2461119798', 2);

INSERT INTO 顾客 (身份证号, 旅游团_id) VALUES ('2462312772', 9);

INSERT INTO 顾客 (身份证号, 旅游团_id) VALUES ('2462529988', 8);

INSERT INTO 顾客 (身份证号, 旅游团_id) VALUES ('2470879117', 3);

INSERT INTO 顾客 (身份证号, 旅游团_id) VALUES ('2483250944', 8);

INSERT INTO 顾客 (身份证号, 旅游团_id) VALUES ('2484258156', 8);

INSERT INTO 顾客 (身份证号, 旅游团_id) VALUES ('2485139331', 6);

INSERT INTO 顾客 (身份证号, 旅游团_id) VALUES ('2486857900', 2);

INSERT INTO 顾客 (身份证号, 旅游团_id) VALUES ('2487476308', 3);

INSERT INTO 顾客 (身份证号, 旅游团_id) VALUES ('2487576090', 2);

INSERT INTO 顾客 (身份证号, 旅游团_id) VALUES ('2487664931', 1);

INSERT INTO 顾客 (身份证号, 旅游团_id) VALUES ('2488796213', 9);

INSERT INTO 顾客 (身份证号, 旅游团_id) VALUES ('2488893973', 1);

INSERT INTO 顾客 (身份证号, 旅游团_id) VALUES ('2492646876', 1);

INSERT INTO 顾客 (身份证号, 旅游团_id) VALUES ('2493722562', 10);

INSERT INTO 顾客 (身份证号, 旅游团_id) VALUES ('2497088725', 3);

INSERT INTO 顾客 (身份证号, 旅游团_id) VALUES ('2498739965', 2);

INSERT INTO 顾客 (身份证号, 旅游团_id) VALUES ('2501416165', 2);

INSERT INTO 顾客 (身份证号, 旅游团_id) VALUES ('2502096648', 4);

INSERT INTO 顾客 (身份证号, 旅游团_id) VALUES ('2505640878', 3);

INSERT INTO 顾客 (身份证号, 旅游团_id) VALUES ('2509569673', 6);

INSERT INTO 顾客 (身份证号, 旅游团_id) VALUES ('2510899517', 3);

INSERT INTO 顾客 (身份证号, 旅游团_id) VALUES ('2511063761', 1);

INSERT INTO 顾客 (身份证号, 旅游团_id) VALUES ('2513216783', 7);

INSERT INTO 顾客 (身份证号, 旅游团_id) VALUES ('2521862517', 10);

INSERT INTO 顾客 (身份证号, 旅游团_id) VALUES ('2522268494', 3);

INSERT INTO 顾客 (身份证号, 旅游团_id) VALUES ('2522552951', 8);

INSERT INTO 顾客 (身份证号, 旅游团_id) VALUES ('2523712405', 8);

INSERT INTO 顾客 (身份证号, 旅游团_id) VALUES ('2524937098', 6);

INSERT INTO 顾客 (身份证号, 旅游团_id) VALUES ('2529761927', 8);

INSERT INTO 顾客 (身份证号, 旅游团_id) VALUES ('2532632910', 5);

INSERT INTO 顾客 (身份证号, 旅游团_id) VALUES ('2534571838', 3);

INSERT INTO 顾客 (身份证号, 旅游团_id) VALUES ('2535160397', 7);

INSERT INTO 顾客 (身份证号, 旅游团_id) VALUES ('2537574820', 3);

INSERT INTO 顾客 (身份证号, 旅游团_id) VALUES ('2538727121', 3);

INSERT INTO 顾客 (身份证号, 旅游团_id) VALUES ('2541266726', 4);

INSERT INTO 顾客 (身份证号, 旅游团_id) VALUES ('2542799250', 3);

INSERT INTO 顾客 (身份证号, 旅游团_id) VALUES ('2545728959', 1);

INSERT INTO 顾客 (身份证号, 旅游团_id) VALUES ('2549850897', 10);

INSERT INTO 顾客 (身份证号, 旅游团_id) VALUES ('2553549832', 5);

INSERT INTO 顾客 (身份证号, 旅游团_id) VALUES ('2555925315', 10);

INSERT INTO 顾客 (身份证号, 旅游团_id) VALUES ('2560776014', 5);

INSERT INTO 顾客 (身份证号, 旅游团_id) VALUES ('2563836399', 10);

INSERT INTO 顾客 (身份证号, 旅游团_id) VALUES ('2564002970', 4);

INSERT INTO 顾客 (身份证号, 旅游团_id) VALUES ('2564161487', 8);

INSERT INTO 顾客 (身份证号, 旅游团_id) VALUES ('2567283361', 9);

INSERT INTO 顾客 (身份证号, 旅游团_id) VALUES ('2568767704', 2);

INSERT INTO 顾客 (身份证号, 旅游团_id) VALUES ('2569210424', 5);

INSERT INTO 顾客 (身份证号, 旅游团_id) VALUES ('2569600841', 5);

INSERT INTO 顾客 (身份证号, 旅游团_id) VALUES ('2573145170', 2);

INSERT INTO 顾客 (身份证号, 旅游团_id) VALUES ('2574121210', 5);

INSERT INTO 顾客 (身份证号, 旅游团_id) VALUES ('2576403754', 6);

INSERT INTO 顾客 (身份证号, 旅游团_id) VALUES ('2577075338', 10);

INSERT INTO 顾客 (身份证号, 旅游团_id) VALUES ('2577516948', 3);

INSERT INTO 顾客 (身份证号, 旅游团_id) VALUES ('2581329577', 9);

INSERT INTO 顾客 (身份证号, 旅游团_id) VALUES ('2584105065', 9);

INSERT INTO 顾客 (身份证号, 旅游团_id) VALUES ('2588170538', 8);

INSERT INTO 顾客 (身份证号, 旅游团_id) VALUES ('2588633093', 2);

INSERT INTO 顾客 (身份证号, 旅游团_id) VALUES ('2589403971', 10);

INSERT INTO 顾客 (身份证号, 旅游团_id) VALUES ('2591362364', 2);

INSERT INTO 顾客 (身份证号, 旅游团_id) VALUES ('2596561977', 8);

INSERT INTO 顾客 (身份证号, 旅游团_id) VALUES ('2599865227', 9);

INSERT INTO 顾客 (身份证号, 旅游团_id) VALUES ('2602129398', 10);

INSERT INTO 顾客 (身份证号, 旅游团_id) VALUES ('2602743212', 10);

INSERT INTO 顾客 (身份证号, 旅游团_id) VALUES ('2603036363', 7);

INSERT INTO 顾客 (身份证号, 旅游团_id) VALUES ('2605038465', 6);

INSERT INTO 顾客 (身份证号, 旅游团_id) VALUES ('2608174216', 1);

INSERT INTO 顾客 (身份证号, 旅游团_id) VALUES ('2608679950', 10);

INSERT INTO 顾客 (身份证号, 旅游团_id) VALUES ('2611191370', 8);

INSERT INTO 顾客 (身份证号, 旅游团_id) VALUES ('2612424768', 2);

INSERT INTO 顾客 (身份证号, 旅游团_id) VALUES ('2613637286', 10);

INSERT INTO 顾客 (身份证号, 旅游团_id) VALUES ('2614963345', 2);

INSERT INTO 顾客 (身份证号, 旅游团_id) VALUES ('2615762444', 5);

INSERT INTO 顾客 (身份证号, 旅游团_id) VALUES ('2617824439', 6);

INSERT INTO 顾客 (身份证号, 旅游团_id) VALUES ('2619434664', 6);

INSERT INTO 顾客 (身份证号, 旅游团_id) VALUES ('2623413588', 5);

INSERT INTO 顾客 (身份证号, 旅游团_id) VALUES ('2624365846', 6);

INSERT INTO 顾客 (身份证号, 旅游团_id) VALUES ('2629388479', 8);

INSERT INTO 顾客 (身份证号, 旅游团_id) VALUES ('2630493635', 4);

INSERT INTO 顾客 (身份证号, 旅游团_id) VALUES ('2631676509', 4);

INSERT INTO 顾客 (身份证号, 旅游团_id) VALUES ('2634721468', 3);

INSERT INTO 顾客 (身份证号, 旅游团_id) VALUES ('2637726173', 10);

INSERT INTO 顾客 (身份证号, 旅游团_id) VALUES ('2638222373', 6);

INSERT INTO 顾客 (身份证号, 旅游团_id) VALUES ('2639929029', 7);

INSERT INTO 顾客 (身份证号, 旅游团_id) VALUES ('2640125836', 6);

INSERT INTO 顾客 (身份证号, 旅游团_id) VALUES ('2640477255', 1);

INSERT INTO 顾客 (身份证号, 旅游团_id) VALUES ('2641467536', 1);

INSERT INTO 顾客 (身份证号, 旅游团_id) VALUES ('2641567138', 5);

INSERT INTO 顾客 (身份证号, 旅游团_id) VALUES ('2642077827', 1);

INSERT INTO 顾客 (身份证号, 旅游团_id) VALUES ('2647175269', 7);

INSERT INTO 顾客 (身份证号, 旅游团_id) VALUES ('2647721701', 6);

INSERT INTO 顾客 (身份证号, 旅游团_id) VALUES ('2649277461', 5);

INSERT INTO 顾客 (身份证号, 旅游团_id) VALUES ('2650713895', 5);

INSERT INTO 顾客 (身份证号, 旅游团_id) VALUES ('2650746120', 8);

INSERT INTO 顾客 (身份证号, 旅游团_id) VALUES ('2652873655', 6);

INSERT INTO 顾客 (身份证号, 旅游团_id) VALUES ('2653135058', 1);

INSERT INTO 顾客 (身份证号, 旅游团_id) VALUES ('2654012924', 2);

INSERT INTO 顾客 (身份证号, 旅游团_id) VALUES ('2656454699', 2);

INSERT INTO 顾客 (身份证号, 旅游团_id) VALUES ('2656974930', 3);

INSERT INTO 顾客 (身份证号, 旅游团_id) VALUES ('2657614480', 5);

INSERT INTO 顾客 (身份证号, 旅游团_id) VALUES ('2658014152', 2);

INSERT INTO 顾客 (身份证号, 旅游团_id) VALUES ('2660663583', 4);

INSERT INTO 顾客 (身份证号, 旅游团_id) VALUES ('2663321579', 6);

INSERT INTO 顾客 (身份证号, 旅游团_id) VALUES ('2665053289', 8);

INSERT INTO 顾客 (身份证号, 旅游团_id) VALUES ('2665478199', 4);

INSERT INTO 顾客 (身份证号, 旅游团_id) VALUES ('2669607906', 2);

INSERT INTO 顾客 (身份证号, 旅游团_id) VALUES ('2671731213', 10);

INSERT INTO 顾客 (身份证号, 旅游团_id) VALUES ('2671992641', 1);

INSERT INTO 顾客 (身份证号, 旅游团_id) VALUES ('2672359863', 1);

INSERT INTO 顾客 (身份证号, 旅游团_id) VALUES ('2674844501', 9);

INSERT INTO 顾客 (身份证号, 旅游团_id) VALUES ('2676717960', 4);

INSERT INTO 顾客 (身份证号, 旅游团_id) VALUES ('2678712661', 10);

INSERT INTO 顾客 (身份证号, 旅游团_id) VALUES ('2679166840', 6);

INSERT INTO 顾客 (身份证号, 旅游团_id) VALUES ('2680596938', 6);

INSERT INTO 顾客 (身份证号, 旅游团_id) VALUES ('2684230697', 7);

INSERT INTO 顾客 (身份证号, 旅游团_id) VALUES ('2686357968', 10);

INSERT INTO 顾客 (身份证号, 旅游团_id) VALUES ('2691967593', 7);

INSERT INTO 顾客 (身份证号, 旅游团_id) VALUES ('2692858139', 7);

INSERT INTO 顾客 (身份证号, 旅游团_id) VALUES ('2695443619', 8);

INSERT INTO 顾客 (身份证号, 旅游团_id) VALUES ('2699914781', 6);

INSERT INTO 顾客 (身份证号, 旅游团_id) VALUES ('2701062420', 3);

INSERT INTO 顾客 (身份证号, 旅游团_id) VALUES ('2703680365', 5);

INSERT INTO 顾客 (身份证号, 旅游团_id) VALUES ('2705625330', 10);

INSERT INTO 顾客 (身份证号, 旅游团_id) VALUES ('2706075341', 9);

INSERT INTO 顾客 (身份证号, 旅游团_id) VALUES ('2707436795', 5);

INSERT INTO 顾客 (身份证号, 旅游团_id) VALUES ('2707806003', 9);

INSERT INTO 顾客 (身份证号, 旅游团_id) VALUES ('2709976668', 7);

INSERT INTO 顾客 (身份证号, 旅游团_id) VALUES ('2713446064', 6);

INSERT INTO 顾客 (身份证号, 旅游团_id) VALUES ('2715194759', 8);

INSERT INTO 顾客 (身份证号, 旅游团_id) VALUES ('2718661179', 5);

INSERT INTO 顾客 (身份证号, 旅游团_id) VALUES ('2719495895', 3);

INSERT INTO 顾客 (身份证号, 旅游团_id) VALUES ('2730776200', 5);

INSERT INTO 顾客 (身份证号, 旅游团_id) VALUES ('2731178880', 6);

INSERT INTO 顾客 (身份证号, 旅游团_id) VALUES ('2731256401', 6);

INSERT INTO 顾客 (身份证号, 旅游团_id) VALUES ('2733886809', 8);

INSERT INTO 顾客 (身份证号, 旅游团_id) VALUES ('2735865373', 2);

INSERT INTO 顾客 (身份证号, 旅游团_id) VALUES ('2738596629', 4);

INSERT INTO 顾客 (身份证号, 旅游团_id) VALUES ('2739328882', 10);

INSERT INTO 顾客 (身份证号, 旅游团_id) VALUES ('2740015658', 8);

INSERT INTO 顾客 (身份证号, 旅游团_id) VALUES ('2740306428', 8);

INSERT INTO 顾客 (身份证号, 旅游团_id) VALUES ('2741732805', 3);

INSERT INTO 顾客 (身份证号, 旅游团_id) VALUES ('2741977850', 4);

INSERT INTO 顾客 (身份证号, 旅游团_id) VALUES ('2742610178', 4);

INSERT INTO 顾客 (身份证号, 旅游团_id) VALUES ('2744466873', 10);

INSERT INTO 顾客 (身份证号, 旅游团_id) VALUES ('2744778863', 10);

INSERT INTO 顾客 (身份证号, 旅游团_id) VALUES ('2749418689', 2);

INSERT INTO 顾客 (身份证号, 旅游团_id) VALUES ('2749555846', 6);

INSERT INTO 顾客 (身份证号, 旅游团_id) VALUES ('2751138468', 9);

INSERT INTO 顾客 (身份证号, 旅游团_id) VALUES ('2753305298', 8);

INSERT INTO 顾客 (身份证号, 旅游团_id) VALUES ('2753830398', 3);

INSERT INTO 顾客 (身份证号, 旅游团_id) VALUES ('2754199982', 1);

INSERT INTO 顾客 (身份证号, 旅游团_id) VALUES ('2756300705', 9);

INSERT INTO 顾客 (身份证号, 旅游团_id) VALUES ('2757581879', 1);

INSERT INTO 顾客 (身份证号, 旅游团_id) VALUES ('2757731090', 4);

INSERT INTO 顾客 (身份证号, 旅游团_id) VALUES ('2759952834', 3);

INSERT INTO 顾客 (身份证号, 旅游团_id) VALUES ('2760519256', 7);

INSERT INTO 顾客 (身份证号, 旅游团_id) VALUES ('2762154633', 3);

INSERT INTO 顾客 (身份证号, 旅游团_id) VALUES ('2763858592', 10);

INSERT INTO 顾客 (身份证号, 旅游团_id) VALUES ('2766346456', 5);

INSERT INTO 顾客 (身份证号, 旅游团_id) VALUES ('2769345926', 4);

INSERT INTO 顾客 (身份证号, 旅游团_id) VALUES ('2769531204', 3);

INSERT INTO 顾客 (身份证号, 旅游团_id) VALUES ('2770749175', 7);

INSERT INTO 顾客 (身份证号, 旅游团_id) VALUES ('2773005381', 9);

INSERT INTO 顾客 (身份证号, 旅游团_id) VALUES ('2776102204', 1);

INSERT INTO 顾客 (身份证号, 旅游团_id) VALUES ('2776640231', 7);

INSERT INTO 顾客 (身份证号, 旅游团_id) VALUES ('2779898237', 9);

INSERT INTO 顾客 (身份证号, 旅游团_id) VALUES ('2780735158', 4);

INSERT INTO 顾客 (身份证号, 旅游团_id) VALUES ('2788028328', 8);

INSERT INTO 顾客 (身份证号, 旅游团_id) VALUES ('2788380412', 3);

INSERT INTO 顾客 (身份证号, 旅游团_id) VALUES ('2789229870', 2);

INSERT INTO 顾客 (身份证号, 旅游团_id) VALUES ('2796310813', 9);

INSERT INTO 顾客 (身份证号, 旅游团_id) VALUES ('2796767013', 10);

INSERT INTO 顾客 (身份证号, 旅游团_id) VALUES ('2796928681', 2);

INSERT INTO 顾客 (身份证号, 旅游团_id) VALUES ('2800074299', 6);

INSERT INTO 顾客 (身份证号, 旅游团_id) VALUES ('2801562136', 10);

INSERT INTO 顾客 (身份证号, 旅游团_id) VALUES ('2808080940', 8);

INSERT INTO 顾客 (身份证号, 旅游团_id) VALUES ('2808624354', 2);

INSERT INTO 顾客 (身份证号, 旅游团_id) VALUES ('2809123215', 4);

INSERT INTO 顾客 (身份证号, 旅游团_id) VALUES ('2813158123', 4);

INSERT INTO 顾客 (身份证号, 旅游团_id) VALUES ('2826838621', 2);

INSERT INTO 顾客 (身份证号, 旅游团_id) VALUES ('2826938596', 5);

INSERT INTO 顾客 (身份证号, 旅游团_id) VALUES ('2827762720', 7);

INSERT INTO 顾客 (身份证号, 旅游团_id) VALUES ('2830226210', 6);

INSERT INTO 顾客 (身份证号, 旅游团_id) VALUES ('2830759521', 5);

INSERT INTO 顾客 (身份证号, 旅游团_id) VALUES ('2831930688', 1);

INSERT INTO 顾客 (身份证号, 旅游团_id) VALUES ('2832896985', 7);

INSERT INTO 顾客 (身份证号, 旅游团_id) VALUES ('2839663443', 2);

INSERT INTO 顾客 (身份证号, 旅游团_id) VALUES ('2840932317', 10);

INSERT INTO 顾客 (身份证号, 旅游团_id) VALUES ('2843176091', 9);

INSERT INTO 顾客 (身份证号, 旅游团_id) VALUES ('2845675835', 1);

INSERT INTO 顾客 (身份证号, 旅游团_id) VALUES ('2860243187', 5);

INSERT INTO 顾客 (身份证号, 旅游团_id) VALUES ('2861148229', 1);

INSERT INTO 顾客 (身份证号, 旅游团_id) VALUES ('2861440047', 4);

INSERT INTO 顾客 (身份证号, 旅游团_id) VALUES ('2868233368', 2);

INSERT INTO 顾客 (身份证号, 旅游团_id) VALUES ('2869959643', 4);

INSERT INTO 顾客 (身份证号, 旅游团_id) VALUES ('2872596719', 1);

INSERT INTO 顾客 (身份证号, 旅游团_id) VALUES ('2874605946', 9);

INSERT INTO 顾客 (身份证号, 旅游团_id) VALUES ('2876222879', 9);

INSERT INTO 顾客 (身份证号, 旅游团_id) VALUES ('2876439419', 9);

INSERT INTO 顾客 (身份证号, 旅游团_id) VALUES ('2876666271', 4);

INSERT INTO 顾客 (身份证号, 旅游团_id) VALUES ('2880018847', 7);

INSERT INTO 顾客 (身份证号, 旅游团_id) VALUES ('2883180651', 9);

INSERT INTO 顾客 (身份证号, 旅游团_id) VALUES ('2887957957', 7);

INSERT INTO 顾客 (身份证号, 旅游团_id) VALUES ('2888976928', 10);

INSERT INTO 顾客 (身份证号, 旅游团_id) VALUES ('2889052132', 2);

INSERT INTO 顾客 (身份证号, 旅游团_id) VALUES ('2890983142', 6);

INSERT INTO 顾客 (身份证号, 旅游团_id) VALUES ('2891721391', 9);

INSERT INTO 顾客 (身份证号, 旅游团_id) VALUES ('2893081288', 4);

INSERT INTO 顾客 (身份证号, 旅游团_id) VALUES ('2902321719', 6);

INSERT INTO 顾客 (身份证号, 旅游团_id) VALUES ('2903090526', 10);

INSERT INTO 顾客 (身份证号, 旅游团_id) VALUES ('2906913031', 5);

INSERT INTO 顾客 (身份证号, 旅游团_id) VALUES ('2907534186', 5);

INSERT INTO 顾客 (身份证号, 旅游团_id) VALUES ('2908096867', 8);

INSERT INTO 顾客 (身份证号, 旅游团_id) VALUES ('2910335954', 4);

INSERT INTO 顾客 (身份证号, 旅游团_id) VALUES ('2912110417', 10);

INSERT INTO 顾客 (身份证号, 旅游团_id) VALUES ('2913183337', 7);

INSERT INTO 顾客 (身份证号, 旅游团_id) VALUES ('2914061870', 7);

INSERT INTO 顾客 (身份证号, 旅游团_id) VALUES ('2916594710', 1);

INSERT INTO 顾客 (身份证号, 旅游团_id) VALUES ('2917816605', 2);

INSERT INTO 顾客 (身份证号, 旅游团_id) VALUES ('2923072270', 3);

INSERT INTO 顾客 (身份证号, 旅游团_id) VALUES ('2926673343', 5);

INSERT INTO 顾客 (身份证号, 旅游团_id) VALUES ('2929270155', 5);

INSERT INTO 顾客 (身份证号, 旅游团_id) VALUES ('2930088822', 7);

INSERT INTO 顾客 (身份证号, 旅游团_id) VALUES ('2931159763', 7);

INSERT INTO 顾客 (身份证号, 旅游团_id) VALUES ('2931663150', 4);

INSERT INTO 顾客 (身份证号, 旅游团_id) VALUES ('2933454676', 10);

INSERT INTO 顾客 (身份证号, 旅游团_id) VALUES ('2933720926', 4);

INSERT INTO 顾客 (身份证号, 旅游团_id) VALUES ('2934326258', 7);

INSERT INTO 顾客 (身份证号, 旅游团_id) VALUES ('2934403127', 3);

INSERT INTO 顾客 (身份证号, 旅游团_id) VALUES ('2934754731', 3);

INSERT INTO 顾客 (身份证号, 旅游团_id) VALUES ('2934819258', 7);

INSERT INTO 顾客 (身份证号, 旅游团_id) VALUES ('2937219120', 5);

INSERT INTO 顾客 (身份证号, 旅游团_id) VALUES ('2941330349', 3);

INSERT INTO 顾客 (身份证号, 旅游团_id) VALUES ('2943239368', 8);

INSERT INTO 顾客 (身份证号, 旅游团_id) VALUES ('2945476857', 9);

INSERT INTO 顾客 (身份证号, 旅游团_id) VALUES ('2945599524', 1);

INSERT INTO 顾客 (身份证号, 旅游团_id) VALUES ('2945705985', 2);

INSERT INTO 顾客 (身份证号, 旅游团_id) VALUES ('2947509711', 7);

INSERT INTO 顾客 (身份证号, 旅游团_id) VALUES ('2948103291', 1);

INSERT INTO 顾客 (身份证号, 旅游团_id) VALUES ('2950490589', 1);

INSERT INTO 顾客 (身份证号, 旅游团_id) VALUES ('2950560813', 3);

INSERT INTO 顾客 (身份证号, 旅游团_id) VALUES ('2951207050', 7);

INSERT INTO 顾客 (身份证号, 旅游团_id) VALUES ('2952654999', 1);

INSERT INTO 顾客 (身份证号, 旅游团_id) VALUES ('2955819436', 1);

INSERT INTO 顾客 (身份证号, 旅游团_id) VALUES ('2955834599', 8);

INSERT INTO 顾客 (身份证号, 旅游团_id) VALUES ('2957723635', 1);

INSERT INTO 顾客 (身份证号, 旅游团_id) VALUES ('2957746668', 8);

INSERT INTO 顾客 (身份证号, 旅游团_id) VALUES ('2960580511', 2);

INSERT INTO 顾客 (身份证号, 旅游团_id) VALUES ('2963472402', 10);

INSERT INTO 顾客 (身份证号, 旅游团_id) VALUES ('2966350719', 2);

INSERT INTO 顾客 (身份证号, 旅游团_id) VALUES ('2968077248', 6);

INSERT INTO 顾客 (身份证号, 旅游团_id) VALUES ('2968490206', 6);

INSERT INTO 顾客 (身份证号, 旅游团_id) VALUES ('2969898639', 5);

INSERT INTO 顾客 (身份证号, 旅游团_id) VALUES ('2970175492', 2);

INSERT INTO 顾客 (身份证号, 旅游团_id) VALUES ('2972997587', 10);

INSERT INTO 顾客 (身份证号, 旅游团_id) VALUES ('2974529466', 1);

INSERT INTO 顾客 (身份证号, 旅游团_id) VALUES ('2977890846', 3);

INSERT INTO 顾客 (身份证号, 旅游团_id) VALUES ('2979851135', 4);

INSERT INTO 顾客 (身份证号, 旅游团_id) VALUES ('2982456149', 7);

INSERT INTO 顾客 (身份证号, 旅游团_id) VALUES ('2983337533', 2);

INSERT INTO 顾客 (身份证号, 旅游团_id) VALUES ('2984946486', 2);

INSERT INTO 顾客 (身份证号, 旅游团_id) VALUES ('2988711805', 3);

INSERT INTO 顾客 (身份证号, 旅游团_id) VALUES ('2989199929', 9);

INSERT INTO 顾客 (身份证号, 旅游团_id) VALUES ('2989471411', 4);

INSERT INTO 顾客 (身份证号, 旅游团_id) VALUES ('2989942298', 9);

INSERT INTO 顾客 (身份证号, 旅游团_id) VALUES ('2989945071', 7);

INSERT INTO 顾客 (身份证号, 旅游团_id) VALUES ('2991639430', 9);

INSERT INTO 顾客 (身份证号, 旅游团_id) VALUES ('2991981430', 8);

INSERT INTO 顾客 (身份证号, 旅游团_id) VALUES ('2992193903', 6);

INSERT INTO 顾客 (身份证号, 旅游团_id) VALUES ('2994632540', 5);

INSERT INTO 顾客 (身份证号, 旅游团_id) VALUES ('2995496451', 7);

INSERT INTO 顾客 (身份证号, 旅游团_id) VALUES ('2999195657', 6);

INSERT INTO 顾客 (身份证号, 旅游团_id) VALUES ('2999711233', 4);

INSERT INTO 顾客 (身份证号, 旅游团_id) VALUES ('3001579334', 4);

INSERT INTO 顾客 (身份证号, 旅游团_id) VALUES ('3002393598', 3);

INSERT INTO 顾客 (身份证号, 旅游团_id) VALUES ('3003332818', 8);

INSERT INTO 顾客 (身份证号, 旅游团_id) VALUES ('3005453477', 9);

INSERT INTO 顾客 (身份证号, 旅游团_id) VALUES ('3009094017', 4);

INSERT INTO 顾客 (身份证号, 旅游团_id) VALUES ('3012492005', 4);

INSERT INTO 顾客 (身份证号, 旅游团_id) VALUES ('3014359832', 8);

INSERT INTO 顾客 (身份证号, 旅游团_id) VALUES ('3016091476', 4);

INSERT INTO 顾客 (身份证号, 旅游团_id) VALUES ('3017872765', 2);

INSERT INTO 顾客 (身份证号, 旅游团_id) VALUES ('3019749003', 10);

INSERT INTO 顾客 (身份证号, 旅游团_id) VALUES ('3023154335', 2);

INSERT INTO 顾客 (身份证号, 旅游团_id) VALUES ('3025752432', 2);

INSERT INTO 顾客 (身份证号, 旅游团_id) VALUES ('3026284666', 8);

INSERT INTO 顾客 (身份证号, 旅游团_id) VALUES ('3036196039', 3);

INSERT INTO 顾客 (身份证号, 旅游团_id) VALUES ('3036571370', 9);

INSERT INTO 顾客 (身份证号, 旅游团_id) VALUES ('3036991558', 7);

INSERT INTO 顾客 (身份证号, 旅游团_id) VALUES ('3044349465', 9);

INSERT INTO 顾客 (身份证号, 旅游团_id) VALUES ('3048327826', 4);

INSERT INTO 顾客 (身份证号, 旅游团_id) VALUES ('3051066014', 4);

INSERT INTO 顾客 (身份证号, 旅游团_id) VALUES ('3053182402', 9);

INSERT INTO 顾客 (身份证号, 旅游团_id) VALUES ('3056381228', 3);

INSERT INTO 顾客 (身份证号, 旅游团_id) VALUES ('3056777928', 10);

INSERT INTO 顾客 (身份证号, 旅游团_id) VALUES ('3057160507', 6);

INSERT INTO 顾客 (身份证号, 旅游团_id) VALUES ('3058792325', 4);

INSERT INTO 顾客 (身份证号, 旅游团_id) VALUES ('3064873112', 10);

INSERT INTO 顾客 (身份证号, 旅游团_id) VALUES ('3069281486', 7);

INSERT INTO 顾客 (身份证号, 旅游团_id) VALUES ('3072147929', 6);

INSERT INTO 顾客 (身份证号, 旅游团_id) VALUES ('3072148515', 8);

INSERT INTO 顾客 (身份证号, 旅游团_id) VALUES ('3075352024', 4);

INSERT INTO 顾客 (身份证号, 旅游团_id) VALUES ('3077616843', 7);

INSERT INTO 顾客 (身份证号, 旅游团_id) VALUES ('3078396866', 9);

INSERT INTO 顾客 (身份证号, 旅游团_id) VALUES ('3082199262', 10);

INSERT INTO 顾客 (身份证号, 旅游团_id) VALUES ('3082463094', 4);

INSERT INTO 顾客 (身份证号, 旅游团_id) VALUES ('3089915047', 3);

INSERT INTO 顾客 (身份证号, 旅游团_id) VALUES ('3090754934', 7);

INSERT INTO 顾客 (身份证号, 旅游团_id) VALUES ('3091778989', 4);

INSERT INTO 顾客 (身份证号, 旅游团_id) VALUES ('3093080715', 3);

INSERT INTO 顾客 (身份证号, 旅游团_id) VALUES ('3107414589', 6);

INSERT INTO 顾客 (身份证号, 旅游团_id) VALUES ('3107425624', 6);

INSERT INTO 顾客 (身份证号, 旅游团_id) VALUES ('3109245068', 7);

INSERT INTO 顾客 (身份证号, 旅游团_id) VALUES ('3113498019', 9);

INSERT INTO 顾客 (身份证号, 旅游团_id) VALUES ('3113915504', 2);

INSERT INTO 顾客 (身份证号, 旅游团_id) VALUES ('3115895897', 1);

INSERT INTO 顾客 (身份证号, 旅游团_id) VALUES ('3118369023', 1);

INSERT INTO 顾客 (身份证号, 旅游团_id) VALUES ('3118793059', 10);

INSERT INTO 顾客 (身份证号, 旅游团_id) VALUES ('3120067805', 4);

INSERT INTO 顾客 (身份证号, 旅游团_id) VALUES ('3122805763', 8);

INSERT INTO 顾客 (身份证号, 旅游团_id) VALUES ('3122839507', 2);

INSERT INTO 顾客 (身份证号, 旅游团_id) VALUES ('3123015069', 9);

INSERT INTO 顾客 (身份证号, 旅游团_id) VALUES ('3123697891', 7);

INSERT INTO 顾客 (身份证号, 旅游团_id) VALUES ('3123854395', 8);

INSERT INTO 顾客 (身份证号, 旅游团_id) VALUES ('3127870106', 2);

INSERT INTO 顾客 (身份证号, 旅游团_id) VALUES ('3129374615', 1);

INSERT INTO 顾客 (身份证号, 旅游团_id) VALUES ('3130137749', 9);

INSERT INTO 顾客 (身份证号, 旅游团_id) VALUES ('3131573697', 9);

INSERT INTO 顾客 (身份证号, 旅游团_id) VALUES ('3131628988', 5);

INSERT INTO 顾客 (身份证号, 旅游团_id) VALUES ('3133876544', 1);

INSERT INTO 顾客 (身份证号, 旅游团_id) VALUES ('3138408817', 4);

INSERT INTO 顾客 (身份证号, 旅游团_id) VALUES ('3141974858', 3);

INSERT INTO 顾客 (身份证号, 旅游团_id) VALUES ('3142193510', 2);

INSERT INTO 顾客 (身份证号, 旅游团_id) VALUES ('3143002011', 10);

INSERT INTO 顾客 (身份证号, 旅游团_id) VALUES ('3143071442', 4);

INSERT INTO 顾客 (身份证号, 旅游团_id) VALUES ('3144017318', 4);

INSERT INTO 旅游线路 (id, 总公司_id) VALUES (1, 1);

INSERT INTO 旅游线路 (id, 总公司_id) VALUES (2, 1);

INSERT INTO 旅游线路 (id, 总公司_id) VALUES (3, 1);

INSERT INTO 旅游线路 (id, 总公司_id) VALUES (4, 1);

INSERT INTO 旅游线路 (id, 总公司_id) VALUES (5, 1);

INSERT INTO 旅游线路 (id, 总公司_id) VALUES (6, 1);

INSERT INTO 旅游线路 (id, 总公司_id) VALUES (7, 1);

INSERT INTO 旅游线路 (id, 总公司_id) VALUES (8, 1);

INSERT INTO 旅游线路 (id, 总公司_id) VALUES (9, 1);

INSERT INTO 旅游线路 (id, 总公司_id) VALUES (10, 1);

INSERT INTO 地点 (地点, 旅游线路_id) VALUES ('BeiJing', 1);

INSERT INTO 地点 (地点, 旅游线路_id) VALUES ('ChongQi', 8);

INSERT INTO 地点 (地点, 旅游线路_id) VALUES ('FuJia', 7);

INSERT INTO 地点 (地点, 旅游线路_id) VALUES ('GuangZhou', 3);

INSERT INTO 地点 (地点, 旅游线路_id) VALUES ('HaiNa', 6);

INSERT INTO 地点 (地点, 旅游线路_id) VALUES ('ShangHai', 2);

INSERT INTO 地点 (地点, 旅游线路_id) VALUES ('SiChua', 5);

INSERT INTO 地点 (地点, 旅游线路_id) VALUES ('TianJi', 4);

INSERT INTO 地点 (地点, 旅游线路_id) VALUES ('XinJiang', 9);

INSERT INTO 地点 (地点, 旅游线路_id) VALUES ('XiZang', 10);

INSERT INTO 景点 (景点, 旅游线路_id) VALUES ('Four Girls Mountai', 5);

INSERT INTO 景点 (景点, 旅游线路_id) VALUES ('Giant Buddhist Temple', 3);

INSERT INTO 景点 (景点, 旅游线路_id) VALUES ('Gulangyu Island', 7);

INSERT INTO 景点 (景点, 旅游线路_id) VALUES ('Hongya Cave', 8);

INSERT INTO 景点 (景点, 旅游线路_id) VALUES ('Potala Place', 10);

INSERT INTO 景点 (景点, 旅游线路_id) VALUES ('Sea Island', 6);

INSERT INTO 景点 (景点, 旅游线路_id) VALUES ('Shi Family Grand Courtyard', 4);

INSERT INTO 景点 (景点, 旅游线路_id) VALUES ('the Bund', 2);

INSERT INTO 景点 (景点, 旅游线路_id) VALUES ('The Palace Museum', 1);

INSERT INTO 景点 (景点, 旅游线路_id) VALUES ('Tian Sha', 9);

INSERT INTO 旅游时间段 (时间段, 价格, 交通方式, 服务等级)
VALUES
    ('April', 4700, 'Bus', 3),
    ('May', 5200, 'Bus', 3),
    ('June', 5500, 'airplane', 4),
    ('July', 6000, 'Bus', 3),
    ('August', 5000, 'Bus', 3),
    ('September', 7700, 'airplane', 4),
    ('October', 7000, 'Bus', 3),
    ('November', 9000, 'airplane', 5),
    ('December', 4300, 'Bus', 3),
    ('January', 8000, 'airplane', 5),
    ('February', 4900, 'Train', 4),
    ('March', 5300, 'Car', 3),
    ('April', 5600, 'airplane', 4),
    ('May', 6100, 'Train', 3),
    ('June', 5100, 'Car', 3),
    ('July', 7800, 'Train', 4),
    ('August', 7100, 'Car', 3),
    ('September', 9200, 'Train', 5),
    ('October', 4400, 'Car', 3),
    ('November', 8100, 'Train', 5),
    ('December', 4800, 'airplane', 3),
    ('January', 5250, 'Boat', 3),
    ('February', 5550, 'Train', 4),
    ('March', 6050, 'Boat', 3),
    ('April', 5050, 'airplane', 3),
    ('May', 7750, 'Boat', 4),
    ('June', 7050, 'airplane', 3),
    ('July', 9050, 'Boat', 5),
    ('August', 4350, 'airplane', 3),
    ('September', 8050, 'Boat', 5);

INSERT INTO 旅游信息 (旅游时间, 旅游费用, 保险, 服务等级, 旅游合同, 旅游团_id, 顾客_身份证号) VALUES ('2019 July', 0, '3', '5', NULL, 10, '2235904159');

INSERT INTO 旅游信息 (旅游时间, 旅游费用, 保险, 服务等级, 旅游合同, 旅游团_id, 顾客_身份证号) VALUES ('2020 March', 0, '3', '4', NULL, 4, '2808624354');

INSERT INTO 旅游信息 (旅游时间, 旅游费用, 保险, 服务等级, 旅游合同, 旅游团_id, 顾客_身份证号) VALUES ('2020 January', 0, '5', '4', NULL, 3, '1869425884');

INSERT INTO 旅游信息 (旅游时间, 旅游费用, 保险, 服务等级, 旅游合同, 旅游团_id, 顾客_身份证号) VALUES ('2019 March', 0, '3', '4', NULL, 8, '1470870199');

INSERT INTO 旅游信息 (旅游时间, 旅游费用, 保险, 服务等级, 旅游合同, 旅游团_id, 顾客_身份证号) VALUES ('2022 February', 0, '1', '3', NULL, 5, '2890983142');

INSERT INTO 旅游信息 (旅游时间, 旅游费用, 保险, 服务等级, 旅游合同, 旅游团_id, 顾客_身份证号) VALUES ('2021 October', 0, '4', '5', NULL, 5, '2211524785');

INSERT INTO 旅游信息 (旅游时间, 旅游费用, 保险, 服务等级, 旅游合同, 旅游团_id, 顾客_身份证号) VALUES ('2018 June', 0, '4', '3', NULL, 8, '2078552463');

INSERT INTO 旅游信息 (旅游时间, 旅游费用, 保险, 服务等级, 旅游合同, 旅游团_id, 顾客_身份证号) VALUES ('2019 March', 0, '1', '3', NULL, 10, '2602129398');

INSERT INTO 旅游信息 (旅游时间, 旅游费用, 保险, 服务等级, 旅游合同, 旅游团_id, 顾客_身份证号) VALUES ('2022 August', 0, '1', '3', NULL, 5, '1085665393');

INSERT INTO 旅游信息 (旅游时间, 旅游费用, 保险, 服务等级, 旅游合同, 旅游团_id, 顾客_身份证号) VALUES ('2019 July', 0, '2', '5', NULL, 7, '2563836399');

INSERT INTO 旅游信息 (旅游时间, 旅游费用, 保险, 服务等级, 旅游合同, 旅游团_id, 顾客_身份证号) VALUES ('2021 October', 0, '5', '4', NULL, 6, '2984946486');

INSERT INTO 旅游信息 (旅游时间, 旅游费用, 保险, 服务等级, 旅游合同, 旅游团_id, 顾客_身份证号) VALUES ('2021 May', 0, '5', '4', NULL, 3, '1650427775');

INSERT INTO 旅游信息 (旅游时间, 旅游费用, 保险, 服务等级, 旅游合同, 旅游团_id, 顾客_身份证号) VALUES ('2022 October', 0, '3', '4', NULL, 8, '2037718090');

INSERT INTO 旅游信息 (旅游时间, 旅游费用, 保险, 服务等级, 旅游合同, 旅游团_id, 顾客_身份证号) VALUES ('2019 March', 0, '4', '4', NULL, 4, '1799324914');

INSERT INTO 旅游信息 (旅游时间, 旅游费用, 保险, 服务等级, 旅游合同, 旅游团_id, 顾客_身份证号) VALUES ('2022 April', 0, '5', '4', NULL, 4, '1613553178');

INSERT INTO 旅游信息 (旅游时间, 旅游费用, 保险, 服务等级, 旅游合同, 旅游团_id, 顾客_身份证号) VALUES ('2018 February', 0, '3', '4', NULL, 10, '1035555550');

INSERT INTO 旅游信息 (旅游时间, 旅游费用, 保险, 服务等级, 旅游合同, 旅游团_id, 顾客_身份证号) VALUES ('2021 August', 0, '3', '4', NULL, 3, '2111004059');

INSERT INTO 旅游信息 (旅游时间, 旅游费用, 保险, 服务等级, 旅游合同, 旅游团_id, 顾客_身份证号) VALUES ('2020 August', 0, '3', '4', NULL, 1, '1602151684');

INSERT INTO 旅游信息 (旅游时间, 旅游费用, 保险, 服务等级, 旅游合同, 旅游团_id, 顾客_身份证号) VALUES ('2018 July', 0, '1', '4', NULL, 2, '1695595395');

INSERT INTO 旅游信息 (旅游时间, 旅游费用, 保险, 服务等级, 旅游合同, 旅游团_id, 顾客_身份证号) VALUES ('2018 March', 0, '3', '4', NULL, 8, '1711690280');

INSERT INTO 旅游信息 (旅游时间, 旅游费用, 保险, 服务等级, 旅游合同, 旅游团_id, 顾客_身份证号) VALUES ('2020 January', 0, '4', '4', NULL, 5, '1945825956');

INSERT INTO 旅游信息 (旅游时间, 旅游费用, 保险, 服务等级, 旅游合同, 旅游团_id, 顾客_身份证号) VALUES ('2023 September', 0, '2', '4', NULL, 4, '2672359863');

INSERT INTO 旅游信息 (旅游时间, 旅游费用, 保险, 服务等级, 旅游合同, 旅游团_id, 顾客_身份证号) VALUES ('2022 October', 0, '4', '3', NULL, 6, '2760519256');

INSERT INTO 旅游信息 (旅游时间, 旅游费用, 保险, 服务等级, 旅游合同, 旅游团_id, 顾客_身份证号) VALUES ('2020 April', 0, '3', '3', NULL, 7, '2327607446');

INSERT INTO 旅游信息 (旅游时间, 旅游费用, 保险, 服务等级, 旅游合同, 旅游团_id, 顾客_身份证号) VALUES ('2019 April', 0, '2', '5', NULL, 4, '3036196039');

INSERT INTO 旅游信息 (旅游时间, 旅游费用, 保险, 服务等级, 旅游合同, 旅游团_id, 顾客_身份证号) VALUES ('2019 April', 0, '5', '3', NULL, 4, '1299183877');

INSERT INTO 旅游信息 (旅游时间, 旅游费用, 保险, 服务等级, 旅游合同, 旅游团_id, 顾客_身份证号) VALUES ('2020 March', 0, '1', '4', NULL, 4, '2319957004');

INSERT INTO 旅游信息 (旅游时间, 旅游费用, 保险, 服务等级, 旅游合同, 旅游团_id, 顾客_身份证号) VALUES ('2022 March', 0, '4', '4', NULL, 6, '1772718967');

INSERT INTO 旅游信息 (旅游时间, 旅游费用, 保险, 服务等级, 旅游合同, 旅游团_id, 顾客_身份证号) VALUES ('2018 March', 0, '3', '3', NULL, 3, '1299383328');

INSERT INTO 旅游信息 (旅游时间, 旅游费用, 保险, 服务等级, 旅游合同, 旅游团_id, 顾客_身份证号) VALUES ('2018 June', 0, '3', '3', NULL, 5, '1179019698');

INSERT INTO 旅游信息 (旅游时间, 旅游费用, 保险, 服务等级, 旅游合同, 旅游团_id, 顾客_身份证号) VALUES ('2020 August', 0, '5', '3', NULL, 5, '2298122553');

INSERT INTO 旅游信息 (旅游时间, 旅游费用, 保险, 服务等级, 旅游合同, 旅游团_id, 顾客_身份证号) VALUES ('2020 April', 0, '1', '3', NULL, 8, '2439885932');

INSERT INTO 旅游信息 (旅游时间, 旅游费用, 保险, 服务等级, 旅游合同, 旅游团_id, 顾客_身份证号) VALUES ('2021 October', 0, '1', '4', NULL, 7, '2769531204');

INSERT INTO 旅游信息 (旅游时间, 旅游费用, 保险, 服务等级, 旅游合同, 旅游团_id, 顾客_身份证号) VALUES ('2018 March', 0, '2', '4', NULL, 4, '2170717132');

INSERT INTO 旅游信息 (旅游时间, 旅游费用, 保险, 服务等级, 旅游合同, 旅游团_id, 顾客_身份证号) VALUES ('2019 March', 0, '5', '3', NULL, 7, '1695935705');

INSERT INTO 旅游信息 (旅游时间, 旅游费用, 保险, 服务等级, 旅游合同, 旅游团_id, 顾客_身份证号) VALUES ('2018 September', 0, '4', '4', NULL, 8, '1449742965');

INSERT INTO 旅游信息 (旅游时间, 旅游费用, 保险, 服务等级, 旅游合同, 旅游团_id, 顾客_身份证号) VALUES ('2021 July', 0, '4', '5', NULL, 4, '1207893154');

INSERT INTO 旅游信息 (旅游时间, 旅游费用, 保险, 服务等级, 旅游合同, 旅游团_id, 顾客_身份证号) VALUES ('2020 April', 0, '3', '5', NULL, 3, '2876439419');

INSERT INTO 旅游信息 (旅游时间, 旅游费用, 保险, 服务等级, 旅游合同, 旅游团_id, 顾客_身份证号) VALUES ('2022 March', 0, '4', '3', NULL, 2, '1074933336');

INSERT INTO 旅游信息 (旅游时间, 旅游费用, 保险, 服务等级, 旅游合同, 旅游团_id, 顾客_身份证号) VALUES ('2023 April', 0, '3', '4', NULL, 6, '1739288221');

INSERT INTO 旅游信息 (旅游时间, 旅游费用, 保险, 服务等级, 旅游合同, 旅游团_id, 顾客_身份证号) VALUES ('2021 February', 0, '2', '5', NULL, 7, '2212317069');

INSERT INTO 旅游信息 (旅游时间, 旅游费用, 保险, 服务等级, 旅游合同, 旅游团_id, 顾客_身份证号) VALUES ('2020 May', 0, '2', '5', NULL, 8, '1542379799');

INSERT INTO 旅游信息 (旅游时间, 旅游费用, 保险, 服务等级, 旅游合同, 旅游团_id, 顾客_身份证号) VALUES ('2018 January', 0, '3', '5', NULL, 2, '2015526339');

INSERT INTO 旅游信息 (旅游时间, 旅游费用, 保险, 服务等级, 旅游合同, 旅游团_id, 顾客_身份证号) VALUES ('2023 June', 0, '4', '4', NULL, 10, '2617824439');

INSERT INTO 旅游信息 (旅游时间, 旅游费用, 保险, 服务等级, 旅游合同, 旅游团_id, 顾客_身份证号) VALUES ('2020 March', 0, '5', '4', NULL, 1, '2542799250');

INSERT INTO 旅游信息 (旅游时间, 旅游费用, 保险, 服务等级, 旅游合同, 旅游团_id, 顾客_身份证号) VALUES ('2022 April', 0, '4', '5', NULL, 5, '1572415630');

INSERT INTO 旅游信息 (旅游时间, 旅游费用, 保险, 服务等级, 旅游合同, 旅游团_id, 顾客_身份证号) VALUES ('2020 March', 0, '3', '5', NULL, 7, '2760519256');

INSERT INTO 旅游信息 (旅游时间, 旅游费用, 保险, 服务等级, 旅游合同, 旅游团_id, 顾客_身份证号) VALUES ('2022 September', 0, '4', '4', NULL, 9, '3089915047');

INSERT INTO 旅游信息 (旅游时间, 旅游费用, 保险, 服务等级, 旅游合同, 旅游团_id, 顾客_身份证号) VALUES ('2018 January', 0, '4', '5', NULL, 8, '1253183280');

INSERT INTO 旅游信息 (旅游时间, 旅游费用, 保险, 服务等级, 旅游合同, 旅游团_id, 顾客_身份证号) VALUES ('2020 October', 0, '4', '4', NULL, 10, '2130269549');

INSERT INTO 旅游信息 (旅游时间, 旅游费用, 保险, 服务等级, 旅游合同, 旅游团_id, 顾客_身份证号) VALUES ('2019 March', 0, '5', '4', NULL, 2, '1453082921');

INSERT INTO 旅游信息 (旅游时间, 旅游费用, 保险, 服务等级, 旅游合同, 旅游团_id, 顾客_身份证号) VALUES ('2022 February', 0, '3', '3', NULL, 3, '2613637286');

INSERT INTO 旅游信息 (旅游时间, 旅游费用, 保险, 服务等级, 旅游合同, 旅游团_id, 顾客_身份证号) VALUES ('2022 February', 0, '4', '4', NULL, 8, '2015526339');

INSERT INTO 旅游信息 (旅游时间, 旅游费用, 保险, 服务等级, 旅游合同, 旅游团_id, 顾客_身份证号) VALUES ('2022 September', 0, '2', '5', NULL, 9, '2068575247');

INSERT INTO 旅游信息 (旅游时间, 旅游费用, 保险, 服务等级, 旅游合同, 旅游团_id, 顾客_身份证号) VALUES ('2019 August', 0, '4', '5', NULL, 5, '2177101478');

INSERT INTO 旅游信息 (旅游时间, 旅游费用, 保险, 服务等级, 旅游合同, 旅游团_id, 顾客_身份证号) VALUES ('2022 May', 0, '3', '5', NULL, 3, '2211949624');

INSERT INTO 旅游信息 (旅游时间, 旅游费用, 保险, 服务等级, 旅游合同, 旅游团_id, 顾客_身份证号) VALUES ('2020 June', 0, '5', '5', NULL, 2, '2003372061');

INSERT INTO 旅游信息 (旅游时间, 旅游费用, 保险, 服务等级, 旅游合同, 旅游团_id, 顾客_身份证号) VALUES ('2020 January', 0, '3', '5', NULL, 7, '2744778863');

INSERT INTO 旅游信息 (旅游时间, 旅游费用, 保险, 服务等级, 旅游合同, 旅游团_id, 顾客_身份证号) VALUES ('2021 March', 0, '4', '3', NULL, 7, '2095575373');

INSERT INTO 旅游信息 (旅游时间, 旅游费用, 保险, 服务等级, 旅游合同, 旅游团_id, 顾客_身份证号) VALUES ('2019 July', 0, '5', '5', NULL, 3, '3129374615');

INSERT INTO 旅游信息 (旅游时间, 旅游费用, 保险, 服务等级, 旅游合同, 旅游团_id, 顾客_身份证号) VALUES ('2019 April', 0, '2', '5', NULL, 9, '1748333109');

INSERT INTO 旅游信息 (旅游时间, 旅游费用, 保险, 服务等级, 旅游合同, 旅游团_id, 顾客_身份证号) VALUES ('2018 July', 0, '3', '4', NULL, 4, '2983337533');

INSERT INTO 旅游信息 (旅游时间, 旅游费用, 保险, 服务等级, 旅游合同, 旅游团_id, 顾客_身份证号) VALUES ('2018 March', 0, '4', '5', NULL, 1, '3118793059');

INSERT INTO 旅游信息 (旅游时间, 旅游费用, 保险, 服务等级, 旅游合同, 旅游团_id, 顾客_身份证号) VALUES ('2019 March', 0, '5', '4', NULL, 6, '2492646876');

INSERT INTO 旅游信息 (旅游时间, 旅游费用, 保险, 服务等级, 旅游合同, 旅游团_id, 顾客_身份证号) VALUES ('2021 October', 0, '4', '4', NULL, 7, '1810981996');

INSERT INTO 旅游信息 (旅游时间, 旅游费用, 保险, 服务等级, 旅游合同, 旅游团_id, 顾客_身份证号) VALUES ('2018 May', 0, '5', '5', NULL, 4, '2483250944');

INSERT INTO 旅游信息 (旅游时间, 旅游费用, 保险, 服务等级, 旅游合同, 旅游团_id, 顾客_身份证号) VALUES ('2023 January', 0, '4', '4', NULL, 2, '2279551667');

INSERT INTO 旅游信息 (旅游时间, 旅游费用, 保险, 服务等级, 旅游合同, 旅游团_id, 顾客_身份证号) VALUES ('2023 March', 0, '4', '3', NULL, 3, '2573145170');

INSERT INTO 旅游信息 (旅游时间, 旅游费用, 保险, 服务等级, 旅游合同, 旅游团_id, 顾客_身份证号) VALUES ('2020 May', 0, '2', '4', NULL, 2, '2380230681');

INSERT INTO 旅游信息 (旅游时间, 旅游费用, 保险, 服务等级, 旅游合同, 旅游团_id, 顾客_身份证号) VALUES ('2023 September', 0, '3', '3', NULL, 4, '1405974098');

INSERT INTO 旅游信息 (旅游时间, 旅游费用, 保险, 服务等级, 旅游合同, 旅游团_id, 顾客_身份证号) VALUES ('2021 May', 0, '1', '4', NULL, 5, '1748333109');

INSERT INTO 旅游信息 (旅游时间, 旅游费用, 保险, 服务等级, 旅游合同, 旅游团_id, 顾客_身份证号) VALUES ('2023 August', 0, '2', '5', NULL, 8, '2132288368');

INSERT INTO 旅游信息 (旅游时间, 旅游费用, 保险, 服务等级, 旅游合同, 旅游团_id, 顾客_身份证号) VALUES ('2018 June', 0, '1', '3', NULL, 5, '1706470632');

INSERT INTO 旅游信息 (旅游时间, 旅游费用, 保险, 服务等级, 旅游合同, 旅游团_id, 顾客_身份证号) VALUES ('2018 April', 0, '2', '5', NULL, 6, '2186139973');

INSERT INTO 旅游信息 (旅游时间, 旅游费用, 保险, 服务等级, 旅游合同, 旅游团_id, 顾客_身份证号) VALUES ('2020 January', 0, '2', '4', NULL, 3, '2439885932');

INSERT INTO 旅游信息 (旅游时间, 旅游费用, 保险, 服务等级, 旅游合同, 旅游团_id, 顾客_身份证号) VALUES ('2020 February', 0, '3', '4', NULL, 8, '2753305298');

INSERT INTO 旅游信息 (旅游时间, 旅游费用, 保险, 服务等级, 旅游合同, 旅游团_id, 顾客_身份证号) VALUES ('2020 February', 0, '4', '4', NULL, 4, '3002393598');

INSERT INTO 旅游信息 (旅游时间, 旅游费用, 保险, 服务等级, 旅游合同, 旅游团_id, 顾客_身份证号) VALUES ('2023 August', 0, '3', '4', NULL, 7, '2131461895');

INSERT INTO 旅游信息 (旅游时间, 旅游费用, 保险, 服务等级, 旅游合同, 旅游团_id, 顾客_身份证号) VALUES ('2023 January', 0, '2', '4', NULL, 9, '1657422775');

INSERT INTO 旅游信息 (旅游时间, 旅游费用, 保险, 服务等级, 旅游合同, 旅游团_id, 顾客_身份证号) VALUES ('2018 June', 0, '4', '5', NULL, 5, '1828420942');

INSERT INTO 旅游信息 (旅游时间, 旅游费用, 保险, 服务等级, 旅游合同, 旅游团_id, 顾客_身份证号) VALUES ('2023 May', 0, '3', '4', NULL, 2, '2872596719');

INSERT INTO 旅游信息 (旅游时间, 旅游费用, 保险, 服务等级, 旅游合同, 旅游团_id, 顾客_身份证号) VALUES ('2021 May', 0, '1', '4', NULL, 6, '1528629764');

INSERT INTO 旅游信息 (旅游时间, 旅游费用, 保险, 服务等级, 旅游合同, 旅游团_id, 顾客_身份证号) VALUES ('2019 April', 0, '3', '3', NULL, 6, '2435960942');

INSERT INTO 旅游信息 (旅游时间, 旅游费用, 保险, 服务等级, 旅游合同, 旅游团_id, 顾客_身份证号) VALUES ('2023 October', 0, '5', '4', NULL, 7, '2779898237');

INSERT INTO 旅游信息 (旅游时间, 旅游费用, 保险, 服务等级, 旅游合同, 旅游团_id, 顾客_身份证号) VALUES ('2018 January', 0, '3', '4', NULL, 9, '2588633093');

INSERT INTO 旅游信息 (旅游时间, 旅游费用, 保险, 服务等级, 旅游合同, 旅游团_id, 顾客_身份证号) VALUES ('2019 May', 0, '4', '4', NULL, 1, '2955834599');

INSERT INTO 旅游信息 (旅游时间, 旅游费用, 保险, 服务等级, 旅游合同, 旅游团_id, 顾客_身份证号) VALUES ('2021 February', 0, '3', '5', NULL, 6, '1348565977');

INSERT INTO 旅游信息 (旅游时间, 旅游费用, 保险, 服务等级, 旅游合同, 旅游团_id, 顾客_身份证号) VALUES ('2019 May', 0, '2', '4', NULL, 8, '2344595336');

INSERT INTO 旅游信息 (旅游时间, 旅游费用, 保险, 服务等级, 旅游合同, 旅游团_id, 顾客_身份证号) VALUES ('2022 October', 0, '2', '3', NULL, 7, '1235486039');

INSERT INTO 旅游信息 (旅游时间, 旅游费用, 保险, 服务等级, 旅游合同, 旅游团_id, 顾客_身份证号) VALUES ('2023 April', 0, '2', '5', NULL, 3, '3130137749');

INSERT INTO 旅游信息 (旅游时间, 旅游费用, 保险, 服务等级, 旅游合同, 旅游团_id, 顾客_身份证号) VALUES ('2019 May', 0, '4', '3', NULL, 3, '1863683888');

INSERT INTO 旅游信息 (旅游时间, 旅游费用, 保险, 服务等级, 旅游合同, 旅游团_id, 顾客_身份证号) VALUES ('2019 October', 0, '4', '4', NULL, 9, '2380385482');

INSERT INTO 旅游信息 (旅游时间, 旅游费用, 保险, 服务等级, 旅游合同, 旅游团_id, 顾客_身份证号) VALUES ('2023 March', 0, '5', '4', NULL, 6, '2588170538');

INSERT INTO 旅游信息 (旅游时间, 旅游费用, 保险, 服务等级, 旅游合同, 旅游团_id, 顾客_身份证号) VALUES ('2021 April', 0, '4', '5', NULL, 2, '2501416165');

INSERT INTO 旅游信息 (旅游时间, 旅游费用, 保险, 服务等级, 旅游合同, 旅游团_id, 顾客_身份证号) VALUES ('2020 March', 0, '3', '5', NULL, 6, '1869425884');

INSERT INTO 旅游信息 (旅游时间, 旅游费用, 保险, 服务等级, 旅游合同, 旅游团_id, 顾客_身份证号) VALUES ('2021 August', 0, '4', '5', NULL, 6, '2470879117');

INSERT INTO 旅游信息 (旅游时间, 旅游费用, 保险, 服务等级, 旅游合同, 旅游团_id, 顾客_身份证号) VALUES ('2019 September', 0, '4', '4', NULL, 5, '2957746668');

INSERT INTO 旅游信息 (旅游时间, 旅游费用, 保险, 服务等级, 旅游合同, 旅游团_id, 顾客_身份证号) VALUES ('2021 January', 0, '3', '5', NULL, 4, '1805220441');

INSERT INTO 旅游信息 (旅游时间, 旅游费用, 保险, 服务等级, 旅游合同, 旅游团_id, 顾客_身份证号) VALUES ('2023 April', 0, '4', '5', NULL, 6, '1669722854');

INSERT INTO 旅游信息 (旅游时间, 旅游费用, 保险, 服务等级, 旅游合同, 旅游团_id, 顾客_身份证号) VALUES ('2021 March', 0, '4', '5', NULL, 4, '1254990179');

INSERT INTO 旅游信息 (旅游时间, 旅游费用, 保险, 服务等级, 旅游合同, 旅游团_id, 顾客_身份证号) VALUES ('2018 August', 0, '3', '5', NULL, 6, '1444198228');

INSERT INTO 旅游信息 (旅游时间, 旅游费用, 保险, 服务等级, 旅游合同, 旅游团_id, 顾客_身份证号) VALUES ('2021 September', 0, '4', '5', NULL, 1, '2914061870');

INSERT INTO 旅游信息 (旅游时间, 旅游费用, 保险, 服务等级, 旅游合同, 旅游团_id, 顾客_身份证号) VALUES ('2018 January', 0, '5', '5', NULL, 6, '1138237033');

INSERT INTO 旅游信息 (旅游时间, 旅游费用, 保险, 服务等级, 旅游合同, 旅游团_id, 顾客_身份证号) VALUES ('2021 January', 0, '4', '3', NULL, 4, '2731256401');

INSERT INTO 旅游信息 (旅游时间, 旅游费用, 保险, 服务等级, 旅游合同, 旅游团_id, 顾客_身份证号) VALUES ('2023 June', 0, '4', '5', NULL, 2, '1857410820');

INSERT INTO 旅游信息 (旅游时间, 旅游费用, 保险, 服务等级, 旅游合同, 旅游团_id, 顾客_身份证号) VALUES ('2020 March', 0, '5', '4', NULL, 6, '1777863626');

INSERT INTO 旅游信息 (旅游时间, 旅游费用, 保险, 服务等级, 旅游合同, 旅游团_id, 顾客_身份证号) VALUES ('2023 May', 0, '2', '4', NULL, 7, '2988711805');

INSERT INTO 旅游信息 (旅游时间, 旅游费用, 保险, 服务等级, 旅游合同, 旅游团_id, 顾客_身份证号) VALUES ('2022 February', 0, '4', '5', NULL, 3, '1495643735');

INSERT INTO 旅游信息 (旅游时间, 旅游费用, 保险, 服务等级, 旅游合同, 旅游团_id, 顾客_身份证号) VALUES ('2018 April', 0, '3', '5', NULL, 1, '2983337533');

INSERT INTO 旅游信息 (旅游时间, 旅游费用, 保险, 服务等级, 旅游合同, 旅游团_id, 顾客_身份证号) VALUES ('2020 May', 0, '2', '4', NULL, 9, '2691967593');

INSERT INTO 旅游信息 (旅游时间, 旅游费用, 保险, 服务等级, 旅游合同, 旅游团_id, 顾客_身份证号) VALUES ('2018 April', 0, '4', '4', NULL, 3, '2701062420');

INSERT INTO 旅游信息 (旅游时间, 旅游费用, 保险, 服务等级, 旅游合同, 旅游团_id, 顾客_身份证号) VALUES ('2020 October', 0, '3', '3', NULL, 2, '2378989398');

INSERT INTO 旅游信息 (旅游时间, 旅游费用, 保险, 服务等级, 旅游合同, 旅游团_id, 顾客_身份证号) VALUES ('2020 January', 0, '2', '3', NULL, 3, '1576351044');

INSERT INTO 旅游信息 (旅游时间, 旅游费用, 保险, 服务等级, 旅游合同, 旅游团_id, 顾客_身份证号) VALUES ('2021 September', 0, '4', '3', NULL, 7, '1189765576');

INSERT INTO 旅游信息 (旅游时间, 旅游费用, 保险, 服务等级, 旅游合同, 旅游团_id, 顾客_身份证号) VALUES ('2021 May', 0, '4', '5', NULL, 7, '2296360531');

INSERT INTO 旅游信息 (旅游时间, 旅游费用, 保险, 服务等级, 旅游合同, 旅游团_id, 顾客_身份证号) VALUES ('2018 February', 0, '1', '3', NULL, 10, '1470870199');

INSERT INTO 旅游信息 (旅游时间, 旅游费用, 保险, 服务等级, 旅游合同, 旅游团_id, 顾客_身份证号) VALUES ('2020 May', 0, '1', '5', NULL, 9, '2288705682');

INSERT INTO 旅游信息 (旅游时间, 旅游费用, 保险, 服务等级, 旅游合同, 旅游团_id, 顾客_身份证号) VALUES ('2018 July', 0, '3', '3', NULL, 6, '1583412294');

INSERT INTO 旅游信息 (旅游时间, 旅游费用, 保险, 服务等级, 旅游合同, 旅游团_id, 顾客_身份证号) VALUES ('2021 September', 0, '3', '4', NULL, 7, '1049225981');

INSERT INTO 旅游信息 (旅游时间, 旅游费用, 保险, 服务等级, 旅游合同, 旅游团_id, 顾客_身份证号) VALUES ('2022 September', 0, '3', '4', NULL, 5, '1703819610');

INSERT INTO 旅游信息 (旅游时间, 旅游费用, 保险, 服务等级, 旅游合同, 旅游团_id, 顾客_身份证号) VALUES ('2018 April', 0, '2', '3', NULL, 4, '2893081288');

INSERT INTO 旅游信息 (旅游时间, 旅游费用, 保险, 服务等级, 旅游合同, 旅游团_id, 顾客_身份证号) VALUES ('2019 September', 0, '5', '3', NULL, 3, '2658014152');

INSERT INTO 旅游信息 (旅游时间, 旅游费用, 保险, 服务等级, 旅游合同, 旅游团_id, 顾客_身份证号) VALUES ('2019 October', 0, '3', '3', NULL, 5, '3058792325');

INSERT INTO 旅游信息 (旅游时间, 旅游费用, 保险, 服务等级, 旅游合同, 旅游团_id, 顾客_身份证号) VALUES ('2023 May', 0, '5', '4', NULL, 6, '1039800029');

INSERT INTO 旅游信息 (旅游时间, 旅游费用, 保险, 服务等级, 旅游合同, 旅游团_id, 顾客_身份证号) VALUES ('2018 October', 0, '2', '5', NULL, 1, '2070283788');

INSERT INTO 旅游信息 (旅游时间, 旅游费用, 保险, 服务等级, 旅游合同, 旅游团_id, 顾客_身份证号) VALUES ('2018 March', 0, '2', '4', NULL, 3, '2405600529');

INSERT INTO 旅游信息 (旅游时间, 旅游费用, 保险, 服务等级, 旅游合同, 旅游团_id, 顾客_身份证号) VALUES ('2020 March', 0, '1', '4', NULL, 6, '2237574702');

INSERT INTO 旅游信息 (旅游时间, 旅游费用, 保险, 服务等级, 旅游合同, 旅游团_id, 顾客_身份证号) VALUES ('2022 March', 0, '4', '4', NULL, 6, '2744466873');

INSERT INTO 旅游信息 (旅游时间, 旅游费用, 保险, 服务等级, 旅游合同, 旅游团_id, 顾客_身份证号) VALUES ('2022 January', 0, '1', '4', NULL, 10, '2146535345');

INSERT INTO 旅游信息 (旅游时间, 旅游费用, 保险, 服务等级, 旅游合同, 旅游团_id, 顾客_身份证号) VALUES ('2022 October', 0, '3', '5', NULL, 8, '1813245202');

INSERT INTO 旅游信息 (旅游时间, 旅游费用, 保险, 服务等级, 旅游合同, 旅游团_id, 顾客_身份证号) VALUES ('2018 June', 0, '5', '4', NULL, 7, '2910335954');

INSERT INTO 旅游信息 (旅游时间, 旅游费用, 保险, 服务等级, 旅游合同, 旅游团_id, 顾客_身份证号) VALUES ('2021 October', 0, '4', '5', NULL, 2, '1510692686');

INSERT INTO 旅游信息 (旅游时间, 旅游费用, 保险, 服务等级, 旅游合同, 旅游团_id, 顾客_身份证号) VALUES ('2019 July', 0, '1', '4', NULL, 10, '1405974098');

INSERT INTO 旅游信息 (旅游时间, 旅游费用, 保险, 服务等级, 旅游合同, 旅游团_id, 顾客_身份证号) VALUES ('2019 August', 0, '3', '5', NULL, 6, '3107425624');

INSERT INTO 旅游信息 (旅游时间, 旅游费用, 保险, 服务等级, 旅游合同, 旅游团_id, 顾客_身份证号) VALUES ('2018 July', 0, '3', '4', NULL, 3, '2889052132');

INSERT INTO 旅游信息 (旅游时间, 旅游费用, 保险, 服务等级, 旅游合同, 旅游团_id, 顾客_身份证号) VALUES ('2021 June', 0, '1', '5', NULL, 2, '1987473551');

INSERT INTO 旅游信息 (旅游时间, 旅游费用, 保险, 服务等级, 旅游合同, 旅游团_id, 顾客_身份证号) VALUES ('2020 October', 0, '2', '3', NULL, 6, '1193001222');

INSERT INTO 旅游信息 (旅游时间, 旅游费用, 保险, 服务等级, 旅游合同, 旅游团_id, 顾客_身份证号) VALUES ('2023 June', 0, '2', '5', NULL, 3, '2991981430');

INSERT INTO 旅游信息 (旅游时间, 旅游费用, 保险, 服务等级, 旅游合同, 旅游团_id, 顾客_身份证号) VALUES ('2019 June', 0, '3', '4', NULL, 2, '2485139331');

INSERT INTO 旅游信息 (旅游时间, 旅游费用, 保险, 服务等级, 旅游合同, 旅游团_id, 顾客_身份证号) VALUES ('2018 April', 0, '3', '4', NULL, 9, '2560776014');

INSERT INTO 旅游信息 (旅游时间, 旅游费用, 保险, 服务等级, 旅游合同, 旅游团_id, 顾客_身份证号) VALUES ('2023 April', 0, '3', '4', NULL, 4, '2602743212');

INSERT INTO 旅游信息 (旅游时间, 旅游费用, 保险, 服务等级, 旅游合同, 旅游团_id, 顾客_身份证号) VALUES ('2021 February', 0, '1', '5', NULL, 1, '1915794627');

INSERT INTO 旅游信息 (旅游时间, 旅游费用, 保险, 服务等级, 旅游合同, 旅游团_id, 顾客_身份证号) VALUES ('2022 March', 0, '3', '4', NULL, 5, '1470870199');

INSERT INTO 旅游信息 (旅游时间, 旅游费用, 保险, 服务等级, 旅游合同, 旅游团_id, 顾客_身份证号) VALUES ('2023 April', 0, '2', '5', NULL, 4, '1376937463');

INSERT INTO 旅游信息 (旅游时间, 旅游费用, 保险, 服务等级, 旅游合同, 旅游团_id, 顾客_身份证号) VALUES ('2022 February', 0, '5', '4', NULL, 2, '1702257732');

INSERT INTO 旅游信息 (旅游时间, 旅游费用, 保险, 服务等级, 旅游合同, 旅游团_id, 顾客_身份证号) VALUES ('2022 August', 0, '2', '3', NULL, 3, '2605038465');

INSERT INTO 旅游信息 (旅游时间, 旅游费用, 保险, 服务等级, 旅游合同, 旅游团_id, 顾客_身份证号) VALUES ('2023 March', 0, '1', '3', NULL, 4, '2364201335');

INSERT INTO 旅游信息 (旅游时间, 旅游费用, 保险, 服务等级, 旅游合同, 旅游团_id, 顾客_身份证号) VALUES ('2019 June', 0, '3', '3', NULL, 4, '2888976928');

INSERT INTO 旅游信息 (旅游时间, 旅游费用, 保险, 服务等级, 旅游合同, 旅游团_id, 顾客_身份证号) VALUES ('2023 May', 0, '4', '4', NULL, 7, '1837204475');

INSERT INTO 旅游信息 (旅游时间, 旅游费用, 保险, 服务等级, 旅游合同, 旅游团_id, 顾客_身份证号) VALUES ('2022 July', 0, '2', '4', NULL, 3, '2044269317');

INSERT INTO 旅游信息 (旅游时间, 旅游费用, 保险, 服务等级, 旅游合同, 旅游团_id, 顾客_身份证号) VALUES ('2019 August', 0, '3', '4', NULL, 4, '3056777928');

INSERT INTO 旅游信息 (旅游时间, 旅游费用, 保险, 服务等级, 旅游合同, 旅游团_id, 顾客_身份证号) VALUES ('2019 October', 0, '4', '4', NULL, 2, '3058792325');

INSERT INTO 旅游信息 (旅游时间, 旅游费用, 保险, 服务等级, 旅游合同, 旅游团_id, 顾客_身份证号) VALUES ('2021 June', 0, '4', '5', NULL, 5, '1083940560');

INSERT INTO 旅游信息 (旅游时间, 旅游费用, 保险, 服务等级, 旅游合同, 旅游团_id, 顾客_身份证号) VALUES ('2019 May', 0, '2', '5', NULL, 7, '2762154633');

INSERT INTO 旅游信息 (旅游时间, 旅游费用, 保险, 服务等级, 旅游合同, 旅游团_id, 顾客_身份证号) VALUES ('2022 August', 0, '1', '4', NULL, 6, '2861148229');

INSERT INTO 旅游信息 (旅游时间, 旅游费用, 保险, 服务等级, 旅游合同, 旅游团_id, 顾客_身份证号) VALUES ('2022 April', 0, '4', '3', NULL, 8, '2776102204');

INSERT INTO 旅游信息 (旅游时间, 旅游费用, 保险, 服务等级, 旅游合同, 旅游团_id, 顾客_身份证号) VALUES ('2021 October', 0, '2', '4', NULL, 8, '3077616843');

INSERT INTO 旅游信息 (旅游时间, 旅游费用, 保险, 服务等级, 旅游合同, 旅游团_id, 顾客_身份证号) VALUES ('2019 January', 0, '5', '4', NULL, 3, '1406104264');

INSERT INTO 旅游信息 (旅游时间, 旅游费用, 保险, 服务等级, 旅游合同, 旅游团_id, 顾客_身份证号) VALUES ('2022 September', 0, '3', '5', NULL, 1, '2317028417');

INSERT INTO 旅游信息 (旅游时间, 旅游费用, 保险, 服务等级, 旅游合同, 旅游团_id, 顾客_身份证号) VALUES ('2018 June', 0, '4', '4', NULL, 5, '1308602472');

INSERT INTO 旅游信息 (旅游时间, 旅游费用, 保险, 服务等级, 旅游合同, 旅游团_id, 顾客_身份证号) VALUES ('2020 April', 0, '2', '3', NULL, 2, '1805220441');

INSERT INTO 旅游信息 (旅游时间, 旅游费用, 保险, 服务等级, 旅游合同, 旅游团_id, 顾客_身份证号) VALUES ('2020 January', 0, '3', '5', NULL, 3, '1049225981');

INSERT INTO 旅游信息 (旅游时间, 旅游费用, 保险, 服务等级, 旅游合同, 旅游团_id, 顾客_身份证号) VALUES ('2022 April', 0, '4', '3', NULL, 5, '2665053289');

INSERT INTO 旅游信息 (旅游时间, 旅游费用, 保险, 服务等级, 旅游合同, 旅游团_id, 顾客_身份证号) VALUES ('2018 June', 0, '2', '4', NULL, 6, '2183691141');

INSERT INTO 旅游信息 (旅游时间, 旅游费用, 保险, 服务等级, 旅游合同, 旅游团_id, 顾客_身份证号) VALUES ('2019 March', 0, '2', '4', NULL, 9, '2086214333');

INSERT INTO 旅游信息 (旅游时间, 旅游费用, 保险, 服务等级, 旅游合同, 旅游团_id, 顾客_身份证号) VALUES ('2021 February', 0, '3', '5', NULL, 6, '2211949624');

INSERT INTO 旅游信息 (旅游时间, 旅游费用, 保险, 服务等级, 旅游合同, 旅游团_id, 顾客_身份证号) VALUES ('2021 June', 0, '3', '4', NULL, 9, '2538727121');

INSERT INTO 旅游信息 (旅游时间, 旅游费用, 保险, 服务等级, 旅游合同, 旅游团_id, 顾客_身份证号) VALUES ('2020 July', 0, '4', '4', NULL, 9, '2198068646');

INSERT INTO 旅游信息 (旅游时间, 旅游费用, 保险, 服务等级, 旅游合同, 旅游团_id, 顾客_身份证号) VALUES ('2022 October', 0, '5', '4', NULL, 6, '2538727121');

INSERT INTO 旅游信息 (旅游时间, 旅游费用, 保险, 服务等级, 旅游合同, 旅游团_id, 顾客_身份证号) VALUES ('2019 June', 0, '2', '3', NULL, 9, '2629388479');

INSERT INTO 旅游信息 (旅游时间, 旅游费用, 保险, 服务等级, 旅游合同, 旅游团_id, 顾客_身份证号) VALUES ('2023 February', 0, '1', '4', NULL, 6, '2247641109');

INSERT INTO 旅游信息 (旅游时间, 旅游费用, 保险, 服务等级, 旅游合同, 旅游团_id, 顾客_身份证号) VALUES ('2021 January', 0, '3', '5', NULL, 8, '1790070732');

INSERT INTO 旅游信息 (旅游时间, 旅游费用, 保险, 服务等级, 旅游合同, 旅游团_id, 顾客_身份证号) VALUES ('2022 March', 0, '1', '4', NULL, 3, '1449742965');

INSERT INTO 旅游信息 (旅游时间, 旅游费用, 保险, 服务等级, 旅游合同, 旅游团_id, 顾客_身份证号) VALUES ('2023 August', 0, '2', '3', NULL, 2, '2439285648');

INSERT INTO 旅游信息 (旅游时间, 旅游费用, 保险, 服务等级, 旅游合同, 旅游团_id, 顾客_身份证号) VALUES ('2018 September', 0, '3', '3', NULL, 2, '1514582016');

INSERT INTO 旅游信息 (旅游时间, 旅游费用, 保险, 服务等级, 旅游合同, 旅游团_id, 顾客_身份证号) VALUES ('2019 October', 0, '4', '5', NULL, 5, '2535160397');

INSERT INTO 旅游信息 (旅游时间, 旅游费用, 保险, 服务等级, 旅游合同, 旅游团_id, 顾客_身份证号) VALUES ('2023 August', 0, '4', '5', NULL, 7, '1718504956');

INSERT INTO 旅游信息 (旅游时间, 旅游费用, 保险, 服务等级, 旅游合同, 旅游团_id, 顾客_身份证号) VALUES ('2022 March', 0, '3', '4', NULL, 6, '2642077827');

INSERT INTO 旅游信息 (旅游时间, 旅游费用, 保险, 服务等级, 旅游合同, 旅游团_id, 顾客_身份证号) VALUES ('2023 June', 0, '3', '3', NULL, 7, '1632849886');

INSERT INTO 旅游信息 (旅游时间, 旅游费用, 保险, 服务等级, 旅游合同, 旅游团_id, 顾客_身份证号) VALUES ('2022 May', 0, '4', '5', NULL, 9, '1670856934');

INSERT INTO 旅游信息 (旅游时间, 旅游费用, 保险, 服务等级, 旅游合同, 旅游团_id, 顾客_身份证号) VALUES ('2022 May', 0, '4', '4', NULL, 8, '2277704036');

INSERT INTO 旅游信息 (旅游时间, 旅游费用, 保险, 服务等级, 旅游合同, 旅游团_id, 顾客_身份证号) VALUES ('2023 January', 0, '4', '3', NULL, 5, '2078970944');

INSERT INTO 旅游信息 (旅游时间, 旅游费用, 保险, 服务等级, 旅游合同, 旅游团_id, 顾客_身份证号) VALUES ('2022 June', 0, '5', '5', NULL, 6, '2684230697');

INSERT INTO 旅游信息 (旅游时间, 旅游费用, 保险, 服务等级, 旅游合同, 旅游团_id, 顾客_身份证号) VALUES ('2020 March', 0, '1', '4', NULL, 3, '2380385482');

INSERT INTO 旅游信息 (旅游时间, 旅游费用, 保险, 服务等级, 旅游合同, 旅游团_id, 顾客_身份证号) VALUES ('2020 September', 0, '1', '5', NULL, 6, '1259040497');

INSERT INTO 旅游信息 (旅游时间, 旅游费用, 保险, 服务等级, 旅游合同, 旅游团_id, 顾客_身份证号) VALUES ('2021 January', 0, '4', '4', NULL, 10, '2300497811');

INSERT INTO 旅游信息 (旅游时间, 旅游费用, 保险, 服务等级, 旅游合同, 旅游团_id, 顾客_身份证号) VALUES ('2020 September', 0, '5', '4', NULL, 7, '2166828358');

INSERT INTO 旅游信息 (旅游时间, 旅游费用, 保险, 服务等级, 旅游合同, 旅游团_id, 顾客_身份证号) VALUES ('2020 May', 0, '4', '4', NULL, 2, '2399184017');

INSERT INTO 旅游信息 (旅游时间, 旅游费用, 保险, 服务等级, 旅游合同, 旅游团_id, 顾客_身份证号) VALUES ('2019 October', 0, '4', '3', NULL, 2, '1696842947');

INSERT INTO 旅游信息 (旅游时间, 旅游费用, 保险, 服务等级, 旅游合同, 旅游团_id, 顾客_身份证号) VALUES ('2018 September', 0, '3', '4', NULL, 6, '1388412082');

INSERT INTO 旅游信息 (旅游时间, 旅游费用, 保险, 服务等级, 旅游合同, 旅游团_id, 顾客_身份证号) VALUES ('2022 July', 0, '2', '5', NULL, 4, '2233138124');

INSERT INTO 旅游信息 (旅游时间, 旅游费用, 保险, 服务等级, 旅游合同, 旅游团_id, 顾客_身份证号) VALUES ('2019 April', 0, '1', '4', NULL, 3, '1556042379');

INSERT INTO 旅游信息 (旅游时间, 旅游费用, 保险, 服务等级, 旅游合同, 旅游团_id, 顾客_身份证号) VALUES ('2023 August', 0, '5', '4', NULL, 6, '1955679779');

INSERT INTO 旅游信息 (旅游时间, 旅游费用, 保险, 服务等级, 旅游合同, 旅游团_id, 顾客_身份证号) VALUES ('2022 January', 0, '2', '4', NULL, 6, '1453082921');

INSERT INTO 旅游信息 (旅游时间, 旅游费用, 保险, 服务等级, 旅游合同, 旅游团_id, 顾客_身份证号) VALUES ('2018 May', 0, '4', '4', NULL, 2, '2880018847');

INSERT INTO 旅游信息 (旅游时间, 旅游费用, 保险, 服务等级, 旅游合同, 旅游团_id, 顾客_身份证号) VALUES ('2022 September', 0, '5', '4', NULL, 1, '2749555846');

INSERT INTO 旅游信息 (旅游时间, 旅游费用, 保险, 服务等级, 旅游合同, 旅游团_id, 顾客_身份证号) VALUES ('2022 June', 0, '2', '3', NULL, 4, '1795444052');

INSERT INTO 旅游信息 (旅游时间, 旅游费用, 保险, 服务等级, 旅游合同, 旅游团_id, 顾客_身份证号) VALUES ('2019 March', 0, '5', '5', NULL, 7, '2158488222');

INSERT INTO 旅游信息 (旅游时间, 旅游费用, 保险, 服务等级, 旅游合同, 旅游团_id, 顾客_身份证号) VALUES ('2019 February', 0, '3', '4', NULL, 3, '1590485167');

INSERT INTO 旅游信息 (旅游时间, 旅游费用, 保险, 服务等级, 旅游合同, 旅游团_id, 顾客_身份证号) VALUES ('2019 February', 0, '3', '5', NULL, 9, '1439514663');

INSERT INTO 旅游信息 (旅游时间, 旅游费用, 保险, 服务等级, 旅游合同, 旅游团_id, 顾客_身份证号) VALUES ('2023 August', 0, '5', '4', NULL, 7, '2629388479');

INSERT INTO 旅游信息 (旅游时间, 旅游费用, 保险, 服务等级, 旅游合同, 旅游团_id, 顾客_身份证号) VALUES ('2020 March', 0, '5', '4', NULL, 9, '2368628072');

INSERT INTO 旅游信息 (旅游时间, 旅游费用, 保险, 服务等级, 旅游合同, 旅游团_id, 顾客_身份证号) VALUES ('2020 April', 0, '3', '4', NULL, 9, '2611191370');

INSERT INTO 旅游信息 (旅游时间, 旅游费用, 保险, 服务等级, 旅游合同, 旅游团_id, 顾客_身份证号) VALUES ('2018 July', 0, '5', '4', NULL, 7, '2577516948');

INSERT INTO 旅游信息 (旅游时间, 旅游费用, 保险, 服务等级, 旅游合同, 旅游团_id, 顾客_身份证号) VALUES ('2019 May', 0, '5', '4', NULL, 9, '2038049914');

INSERT INTO 旅游信息 (旅游时间, 旅游费用, 保险, 服务等级, 旅游合同, 旅游团_id, 顾客_身份证号) VALUES ('2018 July', 0, '3', '3', NULL, 8, '2204663433');

INSERT INTO 旅游信息 (旅游时间, 旅游费用, 保险, 服务等级, 旅游合同, 旅游团_id, 顾客_身份证号) VALUES ('2021 July', 0, '4', '4', NULL, 9, '2451678252');

INSERT INTO 旅游信息 (旅游时间, 旅游费用, 保险, 服务等级, 旅游合同, 旅游团_id, 顾客_身份证号) VALUES ('2019 August', 0, '1', '4', NULL, 3, '2056215686');

INSERT INTO 旅游信息 (旅游时间, 旅游费用, 保险, 服务等级, 旅游合同, 旅游团_id, 顾客_身份证号) VALUES ('2021 October', 0, '2', '5', NULL, 9, '2265814169');

INSERT INTO 旅游信息 (旅游时间, 旅游费用, 保险, 服务等级, 旅游合同, 旅游团_id, 顾客_身份证号) VALUES ('2022 July', 0, '2', '3', NULL, 8, '2510899517');

INSERT INTO 旅游信息 (旅游时间, 旅游费用, 保险, 服务等级, 旅游合同, 旅游团_id, 顾客_身份证号) VALUES ('2020 March', 0, '2', '4', NULL, 4, '2314622201');

INSERT INTO 旅游信息 (旅游时间, 旅游费用, 保险, 服务等级, 旅游合同, 旅游团_id, 顾客_身份证号) VALUES ('2022 July', 0, '3', '4', NULL, 7, '1256916668');

INSERT INTO 旅游信息 (旅游时间, 旅游费用, 保险, 服务等级, 旅游合同, 旅游团_id, 顾客_身份证号) VALUES ('2019 April', 0, '4', '4', NULL, 3, '2366288929');

INSERT INTO 旅游信息 (旅游时间, 旅游费用, 保险, 服务等级, 旅游合同, 旅游团_id, 顾客_身份证号) VALUES ('2020 January', 0, '4', '5', NULL, 9, '1564898725');

INSERT INTO 旅游信息 (旅游时间, 旅游费用, 保险, 服务等级, 旅游合同, 旅游团_id, 顾客_身份证号) VALUES ('2019 April', 0, '3', '3', NULL, 4, '1414392160');

INSERT INTO 旅游信息 (旅游时间, 旅游费用, 保险, 服务等级, 旅游合同, 旅游团_id, 顾客_身份证号) VALUES ('2018 October', 0, '4', '4', NULL, 5, '2271134889');

INSERT INTO 旅游信息 (旅游时间, 旅游费用, 保险, 服务等级, 旅游合同, 旅游团_id, 顾客_身份证号) VALUES ('2023 March', 0, '4', '4', NULL, 1, '2135601809');

INSERT INTO 旅游信息 (旅游时间, 旅游费用, 保险, 服务等级, 旅游合同, 旅游团_id, 顾客_身份证号) VALUES ('2021 April', 0, '2', '4', NULL, 10, '1003773759');

INSERT INTO 旅游信息 (旅游时间, 旅游费用, 保险, 服务等级, 旅游合同, 旅游团_id, 顾客_身份证号) VALUES ('2018 April', 0, '3', '5', NULL, 8, '1792008352');

INSERT INTO 旅游信息 (旅游时间, 旅游费用, 保险, 服务等级, 旅游合同, 旅游团_id, 顾客_身份证号) VALUES ('2020 August', 0, '1', '5', NULL, 1, '2569210424');

INSERT INTO 旅游信息 (旅游时间, 旅游费用, 保险, 服务等级, 旅游合同, 旅游团_id, 顾客_身份证号) VALUES ('2023 October', 0, '3', '4', NULL, 9, '1277039596');

INSERT INTO 旅游信息 (旅游时间, 旅游费用, 保险, 服务等级, 旅游合同, 旅游团_id, 顾客_身份证号) VALUES ('2019 October', 0, '2', '4', NULL, 3, '2623413588');

INSERT INTO 旅游信息 (旅游时间, 旅游费用, 保险, 服务等级, 旅游合同, 旅游团_id, 顾客_身份证号) VALUES ('2018 May', 0, '3', '4', NULL, 6, '2066298573');

INSERT INTO 旅游信息 (旅游时间, 旅游费用, 保险, 服务等级, 旅游合同, 旅游团_id, 顾客_身份证号) VALUES ('2019 April', 0, '2', '4', NULL, 2, '3131573697');

INSERT INTO 旅游信息 (旅游时间, 旅游费用, 保险, 服务等级, 旅游合同, 旅游团_id, 顾客_身份证号) VALUES ('2022 February', 0, '3', '4', NULL, 8, '1702257732');

INSERT INTO 旅游信息 (旅游时间, 旅游费用, 保险, 服务等级, 旅游合同, 旅游团_id, 顾客_身份证号) VALUES ('2023 April', 0, '2', '4', NULL, 9, '1402297067');

INSERT INTO 旅游信息 (旅游时间, 旅游费用, 保险, 服务等级, 旅游合同, 旅游团_id, 顾客_身份证号) VALUES ('2018 April', 0, '2', '3', NULL, 2, '2488796213');

INSERT INTO 旅游信息 (旅游时间, 旅游费用, 保险, 服务等级, 旅游合同, 旅游团_id, 顾客_身份证号) VALUES ('2022 March', 0, '4', '5', NULL, 6, '1917916310');

INSERT INTO 旅游信息 (旅游时间, 旅游费用, 保险, 服务等级, 旅游合同, 旅游团_id, 顾客_身份证号) VALUES ('2018 June', 0, '3', '4', NULL, 3, '1806272161');

INSERT INTO 旅游信息 (旅游时间, 旅游费用, 保险, 服务等级, 旅游合同, 旅游团_id, 顾客_身份证号) VALUES ('2018 April', 0, '4', '3', NULL, 9, '1557704652');

INSERT INTO 旅游信息 (旅游时间, 旅游费用, 保险, 服务等级, 旅游合同, 旅游团_id, 顾客_身份证号) VALUES ('2023 April', 0, '4', '4', NULL, 6, '2033403989');

INSERT INTO 旅游信息 (旅游时间, 旅游费用, 保险, 服务等级, 旅游合同, 旅游团_id, 顾客_身份证号) VALUES ('2018 September', 0, '1', '4', NULL, 2, '1719846108');

INSERT INTO 旅游信息 (旅游时间, 旅游费用, 保险, 服务等级, 旅游合同, 旅游团_id, 顾客_身份证号) VALUES ('2020 March', 0, '3', '4', NULL, 7, '1406619081');

INSERT INTO 旅游信息 (旅游时间, 旅游费用, 保险, 服务等级, 旅游合同, 旅游团_id, 顾客_身份证号) VALUES ('2018 May', 0, '4', '3', NULL, 4, '2189803051');

INSERT INTO 旅游信息 (旅游时间, 旅游费用, 保险, 服务等级, 旅游合同, 旅游团_id, 顾客_身份证号) VALUES ('2023 September', 0, '3', '3', NULL, 5, '3026284666');

INSERT INTO 旅游信息 (旅游时间, 旅游费用, 保险, 服务等级, 旅游合同, 旅游团_id, 顾客_身份证号) VALUES ('2023 January', 0, '3', '5', NULL, 7, '1975434532');

INSERT INTO 旅游信息 (旅游时间, 旅游费用, 保险, 服务等级, 旅游合同, 旅游团_id, 顾客_身份证号) VALUES ('2023 April', 0, '4', '5', NULL, 2, '2999711233');

INSERT INTO 旅游信息 (旅游时间, 旅游费用, 保险, 服务等级, 旅游合同, 旅游团_id, 顾客_身份证号) VALUES ('2019 August', 0, '3', '5', NULL, 8, '1304268707');

INSERT INTO 旅游信息 (旅游时间, 旅游费用, 保险, 服务等级, 旅游合同, 旅游团_id, 顾客_身份证号) VALUES ('2021 January', 0, '4', '4', NULL, 10, '2699914781');

INSERT INTO 旅游信息 (旅游时间, 旅游费用, 保险, 服务等级, 旅游合同, 旅游团_id, 顾客_身份证号) VALUES ('2023 April', 0, '4', '4', NULL, 4, '1739288221');

INSERT INTO 旅游信息 (旅游时间, 旅游费用, 保险, 服务等级, 旅游合同, 旅游团_id, 顾客_身份证号) VALUES ('2023 May', 0, '4', '5', NULL, 7, '1270891160');

INSERT INTO 旅游信息 (旅游时间, 旅游费用, 保险, 服务等级, 旅游合同, 旅游团_id, 顾客_身份证号) VALUES ('2019 January', 0, '2', '4', NULL, 2, '1193204715');

INSERT INTO 旅游信息 (旅游时间, 旅游费用, 保险, 服务等级, 旅游合同, 旅游团_id, 顾客_身份证号) VALUES ('2022 April', 0, '4', '3', NULL, 1, '1808461265');

INSERT INTO 旅游信息 (旅游时间, 旅游费用, 保险, 服务等级, 旅游合同, 旅游团_id, 顾客_身份证号) VALUES ('2018 October', 0, '2', '5', NULL, 8, '1976998625');

INSERT INTO 旅游信息 (旅游时间, 旅游费用, 保险, 服务等级, 旅游合同, 旅游团_id, 顾客_身份证号) VALUES ('2022 October', 0, '1', '3', NULL, 7, '2567283361');

INSERT INTO 旅游信息 (旅游时间, 旅游费用, 保险, 服务等级, 旅游合同, 旅游团_id, 顾客_身份证号) VALUES ('2019 September', 0, '3', '4', NULL, 6, '1260573608');

INSERT INTO 旅游信息 (旅游时间, 旅游费用, 保险, 服务等级, 旅游合同, 旅游团_id, 顾客_身份证号) VALUES ('2019 July', 0, '3', '4', NULL, 7, '1192704074');

INSERT INTO 旅游信息 (旅游时间, 旅游费用, 保险, 服务等级, 旅游合同, 旅游团_id, 顾客_身份证号) VALUES ('2018 September', 0, '2', '4', NULL, 7, '1143663690');

INSERT INTO 旅游信息 (旅游时间, 旅游费用, 保险, 服务等级, 旅游合同, 旅游团_id, 顾客_身份证号) VALUES ('2020 September', 0, '3', '5', NULL, 5, '1714912159');

INSERT INTO 旅游信息 (旅游时间, 旅游费用, 保险, 服务等级, 旅游合同, 旅游团_id, 顾客_身份证号) VALUES ('2021 April', 0, '3', '5', NULL, 7, '2974529466');

INSERT INTO 旅游信息 (旅游时间, 旅游费用, 保险, 服务等级, 旅游合同, 旅游团_id, 顾客_身份证号) VALUES ('2020 March', 0, '3', '4', NULL, 10, '2461119798');

INSERT INTO 旅游信息 (旅游时间, 旅游费用, 保险, 服务等级, 旅游合同, 旅游团_id, 顾客_身份证号) VALUES ('2022 May', 0, '4', '5', NULL, 5, '2116462371');

INSERT INTO 旅游信息 (旅游时间, 旅游费用, 保险, 服务等级, 旅游合同, 旅游团_id, 顾客_身份证号) VALUES ('2021 October', 0, '4', '4', NULL, 4, '2883180651');

INSERT INTO 旅游信息 (旅游时间, 旅游费用, 保险, 服务等级, 旅游合同, 旅游团_id, 顾客_身份证号) VALUES ('2019 January', 0, '4', '3', NULL, 7, '2319227649');

INSERT INTO 旅游信息 (旅游时间, 旅游费用, 保险, 服务等级, 旅游合同, 旅游团_id, 顾客_身份证号) VALUES ('2021 February', 0, '2', '4', NULL, 4, '2876439419');

INSERT INTO 旅游信息 (旅游时间, 旅游费用, 保险, 服务等级, 旅游合同, 旅游团_id, 顾客_身份证号) VALUES ('2022 October', 0, '3', '4', NULL, 7, '1348565977');

INSERT INTO 旅游信息 (旅游时间, 旅游费用, 保险, 服务等级, 旅游合同, 旅游团_id, 顾客_身份证号) VALUES ('2018 May', 0, '4', '4', NULL, 7, '1361017863');

INSERT INTO 旅游信息 (旅游时间, 旅游费用, 保险, 服务等级, 旅游合同, 旅游团_id, 顾客_身份证号) VALUES ('2022 January', 0, '2', '4', NULL, 5, '1040254104');

INSERT INTO 旅游信息 (旅游时间, 旅游费用, 保险, 服务等级, 旅游合同, 旅游团_id, 顾客_身份证号) VALUES ('2021 July', 0, '1', '5', NULL, 7, '2809123215');

INSERT INTO 旅游信息 (旅游时间, 旅游费用, 保险, 服务等级, 旅游合同, 旅游团_id, 顾客_身份证号) VALUES ('2018 October', 0, '2', '4', NULL, 5, '3012492005');

INSERT INTO 旅游信息 (旅游时间, 旅游费用, 保险, 服务等级, 旅游合同, 旅游团_id, 顾客_身份证号) VALUES ('2020 January', 0, '1', '4', NULL, 4, '1264859969');

INSERT INTO 旅游信息 (旅游时间, 旅游费用, 保险, 服务等级, 旅游合同, 旅游团_id, 顾客_身份证号) VALUES ('2023 September', 0, '2', '4', NULL, 6, '2762154633');

INSERT INTO 旅游信息 (旅游时间, 旅游费用, 保险, 服务等级, 旅游合同, 旅游团_id, 顾客_身份证号) VALUES ('2019 June', 0, '4', '4', NULL, 6, '1384763284');

INSERT INTO 旅游信息 (旅游时间, 旅游费用, 保险, 服务等级, 旅游合同, 旅游团_id, 顾客_身份证号) VALUES ('2021 February', 0, '2', '5', NULL, 4, '1507222866');

INSERT INTO 旅游信息 (旅游时间, 旅游费用, 保险, 服务等级, 旅游合同, 旅游团_id, 顾客_身份证号) VALUES ('2019 October', 0, '3', '4', NULL, 10, '2012242527');

INSERT INTO 旅游信息 (旅游时间, 旅游费用, 保险, 服务等级, 旅游合同, 旅游团_id, 顾客_身份证号) VALUES ('2023 July', 0, '4', '5', NULL, 2, '2142840952');

INSERT INTO 旅游信息 (旅游时间, 旅游费用, 保险, 服务等级, 旅游合同, 旅游团_id, 顾客_身份证号) VALUES ('2021 October', 0, '1', '4', NULL, 8, '2876222879');

INSERT INTO 旅游信息 (旅游时间, 旅游费用, 保险, 服务等级, 旅游合同, 旅游团_id, 顾客_身份证号) VALUES ('2022 March', 0, '2', '5', NULL, 6, '2228303112');

INSERT INTO 旅游信息 (旅游时间, 旅游费用, 保险, 服务等级, 旅游合同, 旅游团_id, 顾客_身份证号) VALUES ('2023 August', 0, '2', '4', NULL, 8, '2132288368');

INSERT INTO 旅游信息 (旅游时间, 旅游费用, 保险, 服务等级, 旅游合同, 旅游团_id, 顾客_身份证号) VALUES ('2020 April', 0, '1', '3', NULL, 3, '1879415632');

INSERT INTO 旅游信息 (旅游时间, 旅游费用, 保险, 服务等级, 旅游合同, 旅游团_id, 顾客_身份证号) VALUES ('2022 April', 0, '4', '5', NULL, 6, '2830226210');

INSERT INTO 旅游信息 (旅游时间, 旅游费用, 保险, 服务等级, 旅游合同, 旅游团_id, 顾客_身份证号) VALUES ('2018 February', 0, '2', '3', NULL, 8, '2365837862');

INSERT INTO 旅游信息 (旅游时间, 旅游费用, 保险, 服务等级, 旅游合同, 旅游团_id, 顾客_身份证号) VALUES ('2023 October', 0, '4', '4', NULL, 10, '1669722854');

INSERT INTO 旅游信息 (旅游时间, 旅游费用, 保险, 服务等级, 旅游合同, 旅游团_id, 顾客_身份证号) VALUES ('2023 January', 0, '4', '4', NULL, 9, '2288052727');

INSERT INTO 旅游信息 (旅游时间, 旅游费用, 保险, 服务等级, 旅游合同, 旅游团_id, 顾客_身份证号) VALUES ('2021 October', 0, '3', '5', NULL, 3, '2052617671');

INSERT INTO 旅游信息 (旅游时间, 旅游费用, 保险, 服务等级, 旅游合同, 旅游团_id, 顾客_身份证号) VALUES ('2019 April', 0, '4', '5', NULL, 2, '2332480303');

INSERT INTO 旅游信息 (旅游时间, 旅游费用, 保险, 服务等级, 旅游合同, 旅游团_id, 顾客_身份证号) VALUES ('2020 July', 0, '3', '5', NULL, 3, '2742610178');

INSERT INTO 旅游信息 (旅游时间, 旅游费用, 保险, 服务等级, 旅游合同, 旅游团_id, 顾客_身份证号) VALUES ('2022 July', 0, '4', '4', NULL, 3, '2099250641');

INSERT INTO 旅游信息 (旅游时间, 旅游费用, 保险, 服务等级, 旅游合同, 旅游团_id, 顾客_身份证号) VALUES ('2018 May', 0, '2', '5', NULL, 9, '2077814195');

INSERT INTO 旅游信息 (旅游时间, 旅游费用, 保险, 服务等级, 旅游合同, 旅游团_id, 顾客_身份证号) VALUES ('2018 August', 0, '2', '5', NULL, 2, '2019503777');

INSERT INTO 旅游信息 (旅游时间, 旅游费用, 保险, 服务等级, 旅游合同, 旅游团_id, 顾客_身份证号) VALUES ('2019 May', 0, '3', '5', NULL, 9, '2740015658');

INSERT INTO 旅游信息 (旅游时间, 旅游费用, 保险, 服务等级, 旅游合同, 旅游团_id, 顾客_身份证号) VALUES ('2022 March', 0, '1', '4', NULL, 8, '1046303673');

INSERT INTO 旅游信息 (旅游时间, 旅游费用, 保险, 服务等级, 旅游合同, 旅游团_id, 顾客_身份证号) VALUES ('2021 September', 0, '4', '5', NULL, 3, '1561441207');

INSERT INTO 旅游信息 (旅游时间, 旅游费用, 保险, 服务等级, 旅游合同, 旅游团_id, 顾客_身份证号) VALUES ('2021 February', 0, '5', '4', NULL, 9, '2809123215');

INSERT INTO 旅游信息 (旅游时间, 旅游费用, 保险, 服务等级, 旅游合同, 旅游团_id, 顾客_身份证号) VALUES ('2023 May', 0, '4', '4', NULL, 2, '1290513124');

INSERT INTO 旅游信息 (旅游时间, 旅游费用, 保险, 服务等级, 旅游合同, 旅游团_id, 顾客_身份证号) VALUES ('2023 October', 0, '3', '3', NULL, 9, '1657422775');

INSERT INTO 旅游信息 (旅游时间, 旅游费用, 保险, 服务等级, 旅游合同, 旅游团_id, 顾客_身份证号) VALUES ('2019 March', 0, '2', '5', NULL, 2, '1706470632');

INSERT INTO 旅游信息 (旅游时间, 旅游费用, 保险, 服务等级, 旅游合同, 旅游团_id, 顾客_身份证号) VALUES ('2022 August', 0, '2', '3', NULL, 8, '2089724226');

INSERT INTO 旅游信息 (旅游时间, 旅游费用, 保险, 服务等级, 旅游合同, 旅游团_id, 顾客_身份证号) VALUES ('2022 April', 0, '3', '4', NULL, 5, '2154729466');

INSERT INTO 旅游信息 (旅游时间, 旅游费用, 保险, 服务等级, 旅游合同, 旅游团_id, 顾客_身份证号) VALUES ('2021 April', 0, '5', '5', NULL, 4, '2191383476');

INSERT INTO 旅游信息 (旅游时间, 旅游费用, 保险, 服务等级, 旅游合同, 旅游团_id, 顾客_身份证号) VALUES ('2018 February', 0, '1', '4', NULL, 8, '2096665934');

INSERT INTO 旅游信息 (旅游时间, 旅游费用, 保险, 服务等级, 旅游合同, 旅游团_id, 顾客_身份证号) VALUES ('2019 January', 0, '4', '4', NULL, 10, '1978065718');

INSERT INTO 旅游信息 (旅游时间, 旅游费用, 保险, 服务等级, 旅游合同, 旅游团_id, 顾客_身份证号) VALUES ('2022 August', 0, '5', '4', NULL, 6, '2739328882');

INSERT INTO 旅游信息 (旅游时间, 旅游费用, 保险, 服务等级, 旅游合同, 旅游团_id, 顾客_身份证号) VALUES ('2019 September', 0, '3', '5', NULL, 5, '1058707520');

INSERT INTO 旅游信息 (旅游时间, 旅游费用, 保险, 服务等级, 旅游合同, 旅游团_id, 顾客_身份证号) VALUES ('2023 April', 0, '2', '3', NULL, 10, '3056777928');

INSERT INTO 旅游信息 (旅游时间, 旅游费用, 保险, 服务等级, 旅游合同, 旅游团_id, 顾客_身份证号) VALUES ('2020 August', 0, '4', '4', NULL, 8, '2945705985');

INSERT INTO 旅游信息 (旅游时间, 旅游费用, 保险, 服务等级, 旅游合同, 旅游团_id, 顾客_身份证号) VALUES ('2023 August', 0, '3', '3', NULL, 4, '2228303112');

INSERT INTO 旅游信息 (旅游时间, 旅游费用, 保险, 服务等级, 旅游合同, 旅游团_id, 顾客_身份证号) VALUES ('2018 May', 0, '2', '5', NULL, 10, '2612424768');

INSERT INTO 旅游信息 (旅游时间, 旅游费用, 保险, 服务等级, 旅游合同, 旅游团_id, 顾客_身份证号) VALUES ('2022 October', 0, '4', '4', NULL, 5, '3113915504');

INSERT INTO 旅游信息 (旅游时间, 旅游费用, 保险, 服务等级, 旅游合同, 旅游团_id, 顾客_身份证号) VALUES ('2022 March', 0, '3', '5', NULL, 8, '1482774905');

INSERT INTO 旅游信息 (旅游时间, 旅游费用, 保险, 服务等级, 旅游合同, 旅游团_id, 顾客_身份证号) VALUES ('2018 July', 0, '3', '4', NULL, 10, '1597127676');

INSERT INTO 旅游信息 (旅游时间, 旅游费用, 保险, 服务等级, 旅游合同, 旅游团_id, 顾客_身份证号) VALUES ('2023 May', 0, '4', '5', NULL, 9, '2019061357');

INSERT INTO 旅游信息 (旅游时间, 旅游费用, 保险, 服务等级, 旅游合同, 旅游团_id, 顾客_身份证号) VALUES ('2019 March', 0, '2', '4', NULL, 9, '2553549832');

INSERT INTO 旅游信息 (旅游时间, 旅游费用, 保险, 服务等级, 旅游合同, 旅游团_id, 顾客_身份证号) VALUES ('2022 May', 0, '4', '5', NULL, 6, '2839663443');

INSERT INTO 旅游信息 (旅游时间, 旅游费用, 保险, 服务等级, 旅游合同, 旅游团_id, 顾客_身份证号) VALUES ('2021 April', 0, '1', '3', NULL, 1, '2757731090');

INSERT INTO 旅游信息 (旅游时间, 旅游费用, 保险, 服务等级, 旅游合同, 旅游团_id, 顾客_身份证号) VALUES ('2022 June', 0, '5', '4', NULL, 10, '1270891160');

INSERT INTO 旅游信息 (旅游时间, 旅游费用, 保险, 服务等级, 旅游合同, 旅游团_id, 顾客_身份证号) VALUES ('2020 January', 0, '3', '3', NULL, 2, '1190307431');

INSERT INTO 旅游信息 (旅游时间, 旅游费用, 保险, 服务等级, 旅游合同, 旅游团_id, 顾客_身份证号) VALUES ('2021 September', 0, '4', '4', NULL, 4, '2988711805');

INSERT INTO 旅游信息 (旅游时间, 旅游费用, 保险, 服务等级, 旅游合同, 旅游团_id, 顾客_身份证号) VALUES ('2020 March', 0, '5', '4', NULL, 5, '1685146550');

INSERT INTO 旅游信息 (旅游时间, 旅游费用, 保险, 服务等级, 旅游合同, 旅游团_id, 顾客_身份证号) VALUES ('2022 March', 0, '3', '4', NULL, 3, '3019749003');

INSERT INTO 旅游信息 (旅游时间, 旅游费用, 保险, 服务等级, 旅游合同, 旅游团_id, 顾客_身份证号) VALUES ('2019 October', 0, '4', '4', NULL, 10, '1602151684');

INSERT INTO 旅游信息 (旅游时间, 旅游费用, 保险, 服务等级, 旅游合同, 旅游团_id, 顾客_身份证号) VALUES ('2019 October', 0, '4', '3', NULL, 9, '2498739965');

INSERT INTO 旅游信息 (旅游时间, 旅游费用, 保险, 服务等级, 旅游合同, 旅游团_id, 顾客_身份证号) VALUES ('2020 September', 0, '5', '3', NULL, 9, '2888976928');

INSERT INTO 旅游信息 (旅游时间, 旅游费用, 保险, 服务等级, 旅游合同, 旅游团_id, 顾客_身份证号) VALUES ('2021 April', 0, '1', '5', NULL, 6, '2288052727');

INSERT INTO 旅游信息 (旅游时间, 旅游费用, 保险, 服务等级, 旅游合同, 旅游团_id, 顾客_身份证号) VALUES ('2019 April', 0, '1', '4', NULL, 2, '1406619081');

INSERT INTO 旅游信息 (旅游时间, 旅游费用, 保险, 服务等级, 旅游合同, 旅游团_id, 顾客_身份证号) VALUES ('2021 May', 0, '5', '4', NULL, 3, '1005750065');

INSERT INTO 旅游信息 (旅游时间, 旅游费用, 保险, 服务等级, 旅游合同, 旅游团_id, 顾客_身份证号) VALUES ('2022 July', 0, '3', '3', NULL, 1, '1883722865');

INSERT INTO 旅游信息 (旅游时间, 旅游费用, 保险, 服务等级, 旅游合同, 旅游团_id, 顾客_身份证号) VALUES ('2018 March', 0, '4', '5', NULL, 4, '2137468353');

INSERT INTO 旅游信息 (旅游时间, 旅游费用, 保险, 服务等级, 旅游合同, 旅游团_id, 顾客_身份证号) VALUES ('2020 March', 0, '4', '5', NULL, 4, '1927981791');

INSERT INTO 旅游信息 (旅游时间, 旅游费用, 保险, 服务等级, 旅游合同, 旅游团_id, 顾客_身份证号) VALUES ('2021 August', 0, '3', '3', NULL, 10, '1718765004');

INSERT INTO 旅游信息 (旅游时间, 旅游费用, 保险, 服务等级, 旅游合同, 旅游团_id, 顾客_身份证号) VALUES ('2021 August', 0, '2', '3', NULL, 5, '2386743179');

INSERT INTO 旅游信息 (旅游时间, 旅游费用, 保险, 服务等级, 旅游合同, 旅游团_id, 顾客_身份证号) VALUES ('2021 May', 0, '3', '5', NULL, 2, '2796767013');

INSERT INTO 旅游信息 (旅游时间, 旅游费用, 保险, 服务等级, 旅游合同, 旅游团_id, 顾客_身份证号) VALUES ('2018 June', 0, '4', '5', NULL, 4, '2205355460');

INSERT INTO 旅游信息 (旅游时间, 旅游费用, 保险, 服务等级, 旅游合同, 旅游团_id, 顾客_身份证号) VALUES ('2018 July', 0, '5', '4', NULL, 1, '2036909096');

INSERT INTO 旅游信息 (旅游时间, 旅游费用, 保险, 服务等级, 旅游合同, 旅游团_id, 顾客_身份证号) VALUES ('2022 April', 0, '2', '3', NULL, 7, '2522268494');

INSERT INTO 旅游信息 (旅游时间, 旅游费用, 保险, 服务等级, 旅游合同, 旅游团_id, 顾客_身份证号) VALUES ('2023 February', 0, '4', '4', NULL, 4, '3141974858');

INSERT INTO 旅游信息 (旅游时间, 旅游费用, 保险, 服务等级, 旅游合同, 旅游团_id, 顾客_身份证号) VALUES ('2022 April', 0, '4', '4', NULL, 5, '1588369355');

INSERT INTO 旅游信息 (旅游时间, 旅游费用, 保险, 服务等级, 旅游合同, 旅游团_id, 顾客_身份证号) VALUES ('2023 January', 0, '4', '5', NULL, 2, '3144017318');

INSERT INTO 旅游信息 (旅游时间, 旅游费用, 保险, 服务等级, 旅游合同, 旅游团_id, 顾客_身份证号) VALUES ('2020 February', 0, '3', '3', NULL, 8, '2183691141');

INSERT INTO 旅游信息 (旅游时间, 旅游费用, 保险, 服务等级, 旅游合同, 旅游团_id, 顾客_身份证号) VALUES ('2023 June', 0, '4', '4', NULL, 4, '1978065718');

INSERT INTO 旅游信息 (旅游时间, 旅游费用, 保险, 服务等级, 旅游合同, 旅游团_id, 顾客_身份证号) VALUES ('2022 March', 0, '1', '3', NULL, 9, '1480388585');

INSERT INTO 旅游信息 (旅游时间, 旅游费用, 保险, 服务等级, 旅游合同, 旅游团_id, 顾客_身份证号) VALUES ('2019 January', 0, '2', '5', NULL, 10, '1902924423');

INSERT INTO 旅游信息 (旅游时间, 旅游费用, 保险, 服务等级, 旅游合同, 旅游团_id, 顾客_身份证号) VALUES ('2021 September', 0, '2', '4', NULL, 8, '2198907505');

INSERT INTO 旅游信息 (旅游时间, 旅游费用, 保险, 服务等级, 旅游合同, 旅游团_id, 顾客_身份证号) VALUES ('2021 April', 0, '4', '3', NULL, 2, '2087808542');

INSERT INTO 旅游信息 (旅游时间, 旅游费用, 保险, 服务等级, 旅游合同, 旅游团_id, 顾客_身份证号) VALUES ('2023 October', 0, '3', '4', NULL, 6, '1709154465');

INSERT INTO 旅游信息 (旅游时间, 旅游费用, 保险, 服务等级, 旅游合同, 旅游团_id, 顾客_身份证号) VALUES ('2023 March', 0, '3', '3', NULL, 2, '1713496232');

INSERT INTO 旅游信息 (旅游时间, 旅游费用, 保险, 服务等级, 旅游合同, 旅游团_id, 顾客_身份证号) VALUES ('2020 February', 0, '4', '4', NULL, 6, '3053182402');

INSERT INTO 旅游信息 (旅游时间, 旅游费用, 保险, 服务等级, 旅游合同, 旅游团_id, 顾客_身份证号) VALUES ('2022 July', 0, '4', '4', NULL, 6, '1883722865');

INSERT INTO 旅游信息 (旅游时间, 旅游费用, 保险, 服务等级, 旅游合同, 旅游团_id, 顾客_身份证号) VALUES ('2021 September', 0, '3', '5', NULL, 4, '1062174013');

INSERT INTO 旅游信息 (旅游时间, 旅游费用, 保险, 服务等级, 旅游合同, 旅游团_id, 顾客_身份证号) VALUES ('2020 May', 0, '2', '4', NULL, 8, '1728180299');

INSERT INTO 旅游信息 (旅游时间, 旅游费用, 保险, 服务等级, 旅游合同, 旅游团_id, 顾客_身份证号) VALUES ('2020 September', 0, '2', '5', NULL, 7, '1845461740');

INSERT INTO 旅游信息 (旅游时间, 旅游费用, 保险, 服务等级, 旅游合同, 旅游团_id, 顾客_身份证号) VALUES ('2019 October', 0, '3', '4', NULL, 6, '2754199982');

INSERT INTO 旅游信息 (旅游时间, 旅游费用, 保险, 服务等级, 旅游合同, 旅游团_id, 顾客_身份证号) VALUES ('2019 February', 0, '1', '5', NULL, 10, '1945825956');

INSERT INTO 旅游信息 (旅游时间, 旅游费用, 保险, 服务等级, 旅游合同, 旅游团_id, 顾客_身份证号) VALUES ('2021 May', 0, '4', '3', NULL, 3, '3053182402');

INSERT INTO 旅游信息 (旅游时间, 旅游费用, 保险, 服务等级, 旅游合同, 旅游团_id, 顾客_身份证号) VALUES ('2018 April', 0, '4', '4', NULL, 2, '1076606551');

INSERT INTO 旅游信息 (旅游时间, 旅游费用, 保险, 服务等级, 旅游合同, 旅游团_id, 顾客_身份证号) VALUES ('2019 January', 0, '2', '5', NULL, 3, '1542379799');

INSERT INTO 旅游信息 (旅游时间, 旅游费用, 保险, 服务等级, 旅游合同, 旅游团_id, 顾客_身份证号) VALUES ('2021 July', 0, '4', '5', NULL, 3, '3025752432');

INSERT INTO 旅游信息 (旅游时间, 旅游费用, 保险, 服务等级, 旅游合同, 旅游团_id, 顾客_身份证号) VALUES ('2019 March', 0, '4', '3', NULL, 2, '1748716646');

INSERT INTO 旅游信息 (旅游时间, 旅游费用, 保险, 服务等级, 旅游合同, 旅游团_id, 顾客_身份证号) VALUES ('2022 April', 0, '2', '4', NULL, 2, '1842032700');

INSERT INTO 旅游信息 (旅游时间, 旅游费用, 保险, 服务等级, 旅游合同, 旅游团_id, 顾客_身份证号) VALUES ('2022 August', 0, '5', '3', NULL, 2, '2706075341');

INSERT INTO 旅游信息 (旅游时间, 旅游费用, 保险, 服务等级, 旅游合同, 旅游团_id, 顾客_身份证号) VALUES ('2019 August', 0, '2', '5', NULL, 4, '2992193903');

INSERT INTO 旅游信息 (旅游时间, 旅游费用, 保险, 服务等级, 旅游合同, 旅游团_id, 顾客_身份证号) VALUES ('2021 June', 0, '4', '5', NULL, 5, '2560776014');

INSERT INTO 旅游信息 (旅游时间, 旅游费用, 保险, 服务等级, 旅游合同, 旅游团_id, 顾客_身份证号) VALUES ('2023 May', 0, '4', '4', NULL, 9, '2891721391');

INSERT INTO 旅游信息 (旅游时间, 旅游费用, 保险, 服务等级, 旅游合同, 旅游团_id, 顾客_身份证号) VALUES ('2020 August', 0, '4', '5', NULL, 6, '2173355452');

INSERT INTO 旅游信息 (旅游时间, 旅游费用, 保险, 服务等级, 旅游合同, 旅游团_id, 顾客_身份证号) VALUES ('2019 July', 0, '4', '3', NULL, 6, '2759952834');

INSERT INTO 旅游信息 (旅游时间, 旅游费用, 保险, 服务等级, 旅游合同, 旅游团_id, 顾客_身份证号) VALUES ('2023 May', 0, '5', '5', NULL, 2, '2780735158');

INSERT INTO 旅游信息 (旅游时间, 旅游费用, 保险, 服务等级, 旅游合同, 旅游团_id, 顾客_身份证号) VALUES ('2019 January', 0, '1', '5', NULL, 9, '1905947317');

INSERT INTO 旅游信息 (旅游时间, 旅游费用, 保险, 服务等级, 旅游合同, 旅游团_id, 顾客_身份证号) VALUES ('2021 April', 0, '2', '3', NULL, 6, '2047827335');

INSERT INTO 旅游信息 (旅游时间, 旅游费用, 保险, 服务等级, 旅游合同, 旅游团_id, 顾客_身份证号) VALUES ('2020 October', 0, '2', '3', NULL, 3, '2216490444');

INSERT INTO 旅游信息 (旅游时间, 旅游费用, 保险, 服务等级, 旅游合同, 旅游团_id, 顾客_身份证号) VALUES ('2023 August', 0, '4', '4', NULL, 7, '2941330349');

INSERT INTO 旅游信息 (旅游时间, 旅游费用, 保险, 服务等级, 旅游合同, 旅游团_id, 顾客_身份证号) VALUES ('2020 April', 0, '3', '4', NULL, 5, '1530342258');

INSERT INTO 旅游信息 (旅游时间, 旅游费用, 保险, 服务等级, 旅游合同, 旅游团_id, 顾客_身份证号) VALUES ('2018 May', 0, '2', '5', NULL, 3, '1819345226');

INSERT INTO 旅游信息 (旅游时间, 旅游费用, 保险, 服务等级, 旅游合同, 旅游团_id, 顾客_身份证号) VALUES ('2019 February', 0, '1', '4', NULL, 4, '2883180651');

INSERT INTO 旅游信息 (旅游时间, 旅游费用, 保险, 服务等级, 旅游合同, 旅游团_id, 顾客_身份证号) VALUES ('2019 January', 0, '4', '5', NULL, 7, '2709976668');

INSERT INTO 旅游信息 (旅游时间, 旅游费用, 保险, 服务等级, 旅游合同, 旅游团_id, 顾客_身份证号) VALUES ('2020 October', 0, '4', '5', NULL, 7, '2569600841');

INSERT INTO 旅游信息 (旅游时间, 旅游费用, 保险, 服务等级, 旅游合同, 旅游团_id, 顾客_身份证号) VALUES ('2021 June', 0, '5', '4', NULL, 8, '1538429700');

INSERT INTO 旅游信息 (旅游时间, 旅游费用, 保险, 服务等级, 旅游合同, 旅游团_id, 顾客_身份证号) VALUES ('2021 June', 0, '2', '3', NULL, 2, '3122805763');

INSERT INTO 旅游信息 (旅游时间, 旅游费用, 保险, 服务等级, 旅游合同, 旅游团_id, 顾客_身份证号) VALUES ('2023 October', 0, '4', '4', NULL, 7, '1054413360');

INSERT INTO 旅游信息 (旅游时间, 旅游费用, 保险, 服务等级, 旅游合同, 旅游团_id, 顾客_身份证号) VALUES ('2022 February', 0, '1', '4', NULL, 7, '1195157245');

INSERT INTO 旅游信息 (旅游时间, 旅游费用, 保险, 服务等级, 旅游合同, 旅游团_id, 顾客_身份证号) VALUES ('2023 October', 0, '5', '4', NULL, 4, '1923482380');

INSERT INTO 旅游信息 (旅游时间, 旅游费用, 保险, 服务等级, 旅游合同, 旅游团_id, 顾客_身份证号) VALUES ('2018 October', 0, '3', '4', NULL, 1, '2931663150');

INSERT INTO 旅游信息 (旅游时间, 旅游费用, 保险, 服务等级, 旅游合同, 旅游团_id, 顾客_身份证号) VALUES ('2020 March', 0, '4', '3', NULL, 4, '1685146550');

INSERT INTO 旅游信息 (旅游时间, 旅游费用, 保险, 服务等级, 旅游合同, 旅游团_id, 顾客_身份证号) VALUES ('2020 February', 0, '4', '4', NULL, 1, '3123015069');

INSERT INTO 旅游信息 (旅游时间, 旅游费用, 保险, 服务等级, 旅游合同, 旅游团_id, 顾客_身份证号) VALUES ('2022 June', 0, '4', '3', NULL, 4, '1348565977');

INSERT INTO 旅游信息 (旅游时间, 旅游费用, 保险, 服务等级, 旅游合同, 旅游团_id, 顾客_身份证号) VALUES ('2019 May', 0, '2', '4', NULL, 4, '2089658218');

INSERT INTO 旅游信息 (旅游时间, 旅游费用, 保险, 服务等级, 旅游合同, 旅游团_id, 顾客_身份证号) VALUES ('2022 February', 0, '4', '4', NULL, 7, '2676717960');

INSERT INTO 旅游信息 (旅游时间, 旅游费用, 保险, 服务等级, 旅游合同, 旅游团_id, 顾客_身份证号) VALUES ('2021 August', 0, '5', '4', NULL, 8, '2754199982');

INSERT INTO 旅游信息 (旅游时间, 旅游费用, 保险, 服务等级, 旅游合同, 旅游团_id, 顾客_身份证号) VALUES ('2018 August', 0, '2', '4', NULL, 8, '2403115803');

INSERT INTO 旅游信息 (旅游时间, 旅游费用, 保险, 服务等级, 旅游合同, 旅游团_id, 顾客_身份证号) VALUES ('2019 August', 0, '1', '5', NULL, 4, '1668811412');

INSERT INTO 旅游信息 (旅游时间, 旅游费用, 保险, 服务等级, 旅游合同, 旅游团_id, 顾客_身份证号) VALUES ('2018 August', 0, '4', '5', NULL, 8, '2891721391');

INSERT INTO 旅游信息 (旅游时间, 旅游费用, 保险, 服务等级, 旅游合同, 旅游团_id, 顾客_身份证号) VALUES ('2021 April', 0, '2', '3', NULL, 6, '2205317019');

INSERT INTO 旅游信息 (旅游时间, 旅游费用, 保险, 服务等级, 旅游合同, 旅游团_id, 顾客_身份证号) VALUES ('2022 August', 0, '3', '5', NULL, 4, '1825337046');

INSERT INTO 旅游信息 (旅游时间, 旅游费用, 保险, 服务等级, 旅游合同, 旅游团_id, 顾客_身份证号) VALUES ('2021 June', 0, '4', '5', NULL, 2, '2492646876');

INSERT INTO 旅游信息 (旅游时间, 旅游费用, 保险, 服务等级, 旅游合同, 旅游团_id, 顾客_身份证号) VALUES ('2019 July', 0, '5', '5', NULL, 2, '1977479956');

INSERT INTO 旅游信息 (旅游时间, 旅游费用, 保险, 服务等级, 旅游合同, 旅游团_id, 顾客_身份证号) VALUES ('2020 April', 0, '3', '4', NULL, 10, '1058707520');

INSERT INTO 旅游信息 (旅游时间, 旅游费用, 保险, 服务等级, 旅游合同, 旅游团_id, 顾客_身份证号) VALUES ('2018 January', 0, '5', '3', NULL, 4, '1799324914');

INSERT INTO 旅游信息 (旅游时间, 旅游费用, 保险, 服务等级, 旅游合同, 旅游团_id, 顾客_身份证号) VALUES ('2018 March', 0, '4', '5', NULL, 4, '3091778989');

INSERT INTO 旅游信息 (旅游时间, 旅游费用, 保险, 服务等级, 旅游合同, 旅游团_id, 顾客_身份证号) VALUES ('2021 September', 0, '4', '4', NULL, 4, '2608679950');

INSERT INTO 旅游信息 (旅游时间, 旅游费用, 保险, 服务等级, 旅游合同, 旅游团_id, 顾客_身份证号) VALUES ('2021 August', 0, '1', '4', NULL, 8, '2608679950');

INSERT INTO 旅游信息 (旅游时间, 旅游费用, 保险, 服务等级, 旅游合同, 旅游团_id, 顾客_身份证号) VALUES ('2020 May', 0, '4', '5', NULL, 3, '1315870491');

INSERT INTO 旅游信息 (旅游时间, 旅游费用, 保险, 服务等级, 旅游合同, 旅游团_id, 顾客_身份证号) VALUES ('2020 February', 0, '4', '3', NULL, 9, '2510899517');

INSERT INTO 旅游信息 (旅游时间, 旅游费用, 保险, 服务等级, 旅游合同, 旅游团_id, 顾客_身份证号) VALUES ('2021 July', 0, '2', '4', NULL, 6, '2124840584');

INSERT INTO 旅游信息 (旅游时间, 旅游费用, 保险, 服务等级, 旅游合同, 旅游团_id, 顾客_身份证号) VALUES ('2020 March', 0, '1', '5', NULL, 4, '2937219120');

INSERT INTO 旅游信息 (旅游时间, 旅游费用, 保险, 服务等级, 旅游合同, 旅游团_id, 顾客_身份证号) VALUES ('2020 June', 0, '3', '4', NULL, 9, '1914182413');

INSERT INTO 旅游信息 (旅游时间, 旅游费用, 保险, 服务等级, 旅游合同, 旅游团_id, 顾客_身份证号) VALUES ('2020 October', 0, '3', '5', NULL, 6, '3056777928');

INSERT INTO 旅游信息 (旅游时间, 旅游费用, 保险, 服务等级, 旅游合同, 旅游团_id, 顾客_身份证号) VALUES ('2020 July', 0, '1', '3', NULL, 3, '3107414589');

INSERT INTO 旅游信息 (旅游时间, 旅游费用, 保险, 服务等级, 旅游合同, 旅游团_id, 顾客_身份证号) VALUES ('2019 March', 0, '4', '4', NULL, 1, '1540215633');

INSERT INTO 旅游信息 (旅游时间, 旅游费用, 保险, 服务等级, 旅游合同, 旅游团_id, 顾客_身份证号) VALUES ('2019 June', 0, '2', '4', NULL, 4, '1569249620');

INSERT INTO 旅游信息 (旅游时间, 旅游费用, 保险, 服务等级, 旅游合同, 旅游团_id, 顾客_身份证号) VALUES ('2023 July', 0, '2', '3', NULL, 9, '2776640231');

INSERT INTO 旅游信息 (旅游时间, 旅游费用, 保险, 服务等级, 旅游合同, 旅游团_id, 顾客_身份证号) VALUES ('2022 September', 0, '4', '5', NULL, 4, '2671992641');

INSERT INTO 旅游信息 (旅游时间, 旅游费用, 保险, 服务等级, 旅游合同, 旅游团_id, 顾客_身份证号) VALUES ('2022 September', 0, '5', '5', NULL, 1, '2193242583');

INSERT INTO 旅游信息 (旅游时间, 旅游费用, 保险, 服务等级, 旅游合同, 旅游团_id, 顾客_身份证号) VALUES ('2022 July', 0, '3', '4', NULL, 6, '2577075338');

INSERT INTO 旅游信息 (旅游时间, 旅游费用, 保险, 服务等级, 旅游合同, 旅游团_id, 顾客_身份证号) VALUES ('2021 April', 0, '4', '4', NULL, 3, '1341643821');

INSERT INTO 旅游信息 (旅游时间, 旅游费用, 保险, 服务等级, 旅游合同, 旅游团_id, 顾客_身份证号) VALUES ('2022 January', 0, '2', '4', NULL, 7, '2408588735');

INSERT INTO 旅游信息 (旅游时间, 旅游费用, 保险, 服务等级, 旅游合同, 旅游团_id, 顾客_身份证号) VALUES ('2023 May', 0, '4', '3', NULL, 6, '1260573608');

INSERT INTO 旅游信息 (旅游时间, 旅游费用, 保险, 服务等级, 旅游合同, 旅游团_id, 顾客_身份证号) VALUES ('2018 October', 0, '4', '4', NULL, 3, '2861148229');

INSERT INTO 旅游信息 (旅游时间, 旅游费用, 保险, 服务等级, 旅游合同, 旅游团_id, 顾客_身份证号) VALUES ('2020 January', 0, '2', '3', NULL, 5, '1439514663');

INSERT INTO 旅游信息 (旅游时间, 旅游费用, 保险, 服务等级, 旅游合同, 旅游团_id, 顾客_身份证号) VALUES ('2021 October', 0, '2', '3', NULL, 10, '1790070732');

INSERT INTO 旅游信息 (旅游时间, 旅游费用, 保险, 服务等级, 旅游合同, 旅游团_id, 顾客_身份证号) VALUES ('2019 May', 0, '3', '4', NULL, 6, '2123318420');

INSERT INTO 旅游信息 (旅游时间, 旅游费用, 保险, 服务等级, 旅游合同, 旅游团_id, 顾客_身份证号) VALUES ('2020 March', 0, '4', '3', NULL, 2, '1950761357');

INSERT INTO 旅游信息 (旅游时间, 旅游费用, 保险, 服务等级, 旅游合同, 旅游团_id, 顾客_身份证号) VALUES ('2020 March', 0, '4', '4', NULL, 7, '2355513401');

INSERT INTO 旅游信息 (旅游时间, 旅游费用, 保险, 服务等级, 旅游合同, 旅游团_id, 顾客_身份证号) VALUES ('2023 May', 0, '4', '5', NULL, 7, '3131628988');

INSERT INTO 旅游信息 (旅游时间, 旅游费用, 保险, 服务等级, 旅游合同, 旅游团_id, 顾客_身份证号) VALUES ('2023 September', 0, '3', '4', NULL, 6, '2647175269');

INSERT INTO 旅游信息 (旅游时间, 旅游费用, 保险, 服务等级, 旅游合同, 旅游团_id, 顾客_身份证号) VALUES ('2023 January', 0, '5', '4', NULL, 9, '1739288221');

INSERT INTO 旅游信息 (旅游时间, 旅游费用, 保险, 服务等级, 旅游合同, 旅游团_id, 顾客_身份证号) VALUES ('2021 February', 0, '5', '5', NULL, 3, '2511063761');

INSERT INTO 旅游信息 (旅游时间, 旅游费用, 保险, 服务等级, 旅游合同, 旅游团_id, 顾客_身份证号) VALUES ('2021 April', 0, '1', '4', NULL, 9, '2602743212');

INSERT INTO 旅游信息 (旅游时间, 旅游费用, 保险, 服务等级, 旅游合同, 旅游团_id, 顾客_身份证号) VALUES ('2018 February', 0, '4', '4', NULL, 5, '1672683903');

INSERT INTO 旅游信息 (旅游时间, 旅游费用, 保险, 服务等级, 旅游合同, 旅游团_id, 顾客_身份证号) VALUES ('2018 July', 0, '2', '3', NULL, 8, '1304268707');

INSERT INTO 旅游信息 (旅游时间, 旅游费用, 保险, 服务等级, 旅游合同, 旅游团_id, 顾客_身份证号) VALUES ('2021 July', 0, '2', '5', NULL, 8, '2608174216');

INSERT INTO 旅游信息 (旅游时间, 旅游费用, 保险, 服务等级, 旅游合同, 旅游团_id, 顾客_身份证号) VALUES ('2023 October', 0, '1', '3', NULL, 9, '2788028328');

INSERT INTO 旅游信息 (旅游时间, 旅游费用, 保险, 服务等级, 旅游合同, 旅游团_id, 顾客_身份证号) VALUES ('2020 July', 0, '3', '4', NULL, 8, '2943239368');

INSERT INTO 旅游信息 (旅游时间, 旅游费用, 保险, 服务等级, 旅游合同, 旅游团_id, 顾客_身份证号) VALUES ('2020 January', 0, '4', '4', NULL, 10, '1284026640');

INSERT INTO 旅游信息 (旅游时间, 旅游费用, 保险, 服务等级, 旅游合同, 旅游团_id, 顾客_身份证号) VALUES ('2018 April', 0, '3', '4', NULL, 2, '2198907505');

INSERT INTO 旅游信息 (旅游时间, 旅游费用, 保险, 服务等级, 旅游合同, 旅游团_id, 顾客_身份证号) VALUES ('2019 February', 0, '3', '4', NULL, 8, '1998991029');

INSERT INTO 旅游信息 (旅游时间, 旅游费用, 保险, 服务等级, 旅游合同, 旅游团_id, 顾客_身份证号) VALUES ('2019 January', 0, '3', '4', NULL, 1, '1032208022');

INSERT INTO 旅游信息 (旅游时间, 旅游费用, 保险, 服务等级, 旅游合同, 旅游团_id, 顾客_身份证号) VALUES ('2020 September', 0, '5', '3', NULL, 6, '2617824439');

INSERT INTO 旅游信息 (旅游时间, 旅游费用, 保险, 服务等级, 旅游合同, 旅游团_id, 顾客_身份证号) VALUES ('2021 April', 0, '4', '5', NULL, 5, '1012477284');

INSERT INTO 旅游信息 (旅游时间, 旅游费用, 保险, 服务等级, 旅游合同, 旅游团_id, 顾客_身份证号) VALUES ('2018 August', 0, '3', '4', NULL, 5, '2744778863');

INSERT INTO 旅游信息 (旅游时间, 旅游费用, 保险, 服务等级, 旅游合同, 旅游团_id, 顾客_身份证号) VALUES ('2020 June', 0, '4', '4', NULL, 2, '2207032553');

INSERT INTO 旅游信息 (旅游时间, 旅游费用, 保险, 服务等级, 旅游合同, 旅游团_id, 顾客_身份证号) VALUES ('2021 January', 0, '3', '3', NULL, 5, '2395307619');

INSERT INTO 旅游信息 (旅游时间, 旅游费用, 保险, 服务等级, 旅游合同, 旅游团_id, 顾客_身份证号) VALUES ('2018 April', 0, '5', '5', NULL, 2, '2211524785');

INSERT INTO 旅游信息 (旅游时间, 旅游费用, 保险, 服务等级, 旅游合同, 旅游团_id, 顾客_身份证号) VALUES ('2019 July', 0, '3', '4', NULL, 4, '2941330349');

INSERT INTO 旅游信息 (旅游时间, 旅游费用, 保险, 服务等级, 旅游合同, 旅游团_id, 顾客_身份证号) VALUES ('2022 June', 0, '3', '5', NULL, 7, '1243116584');

INSERT INTO 旅游信息 (旅游时间, 旅游费用, 保险, 服务等级, 旅游合同, 旅游团_id, 顾客_身份证号) VALUES ('2018 September', 0, '3', '5', NULL, 9, '2988711805');

INSERT INTO 旅游信息 (旅游时间, 旅游费用, 保险, 服务等级, 旅游合同, 旅游团_id, 顾客_身份证号) VALUES ('2023 April', 0, '1', '3', NULL, 5, '2930088822');

INSERT INTO 旅游信息 (旅游时间, 旅游费用, 保险, 服务等级, 旅游合同, 旅游团_id, 顾客_身份证号) VALUES ('2020 August', 0, '3', '4', NULL, 7, '1694945299');

INSERT INTO 旅游信息 (旅游时间, 旅游费用, 保险, 服务等级, 旅游合同, 旅游团_id, 顾客_身份证号) VALUES ('2019 August', 0, '5', '4', NULL, 1, '2779898237');

INSERT INTO 旅游信息 (旅游时间, 旅游费用, 保险, 服务等级, 旅游合同, 旅游团_id, 顾客_身份证号) VALUES ('2019 October', 0, '5', '3', NULL, 4, '2634721468');

INSERT INTO 旅游信息 (旅游时间, 旅游费用, 保险, 服务等级, 旅游合同, 旅游团_id, 顾客_身份证号) VALUES ('2018 August', 0, '2', '4', NULL, 2, '1540215633');

INSERT INTO 旅游信息 (旅游时间, 旅游费用, 保险, 服务等级, 旅游合同, 旅游团_id, 顾客_身份证号) VALUES ('2018 June', 0, '3', '3', NULL, 4, '2534571838');

INSERT INTO 旅游信息 (旅游时间, 旅游费用, 保险, 服务等级, 旅游合同, 旅游团_id, 顾客_身份证号) VALUES ('2021 October', 0, '3', '3', NULL, 5, '1976998625');

INSERT INTO 旅游信息 (旅游时间, 旅游费用, 保险, 服务等级, 旅游合同, 旅游团_id, 顾客_身份证号) VALUES ('2021 June', 0, '2', '4', NULL, 3, '1409106930');

INSERT INTO 旅游信息 (旅游时间, 旅游费用, 保险, 服务等级, 旅游合同, 旅游团_id, 顾客_身份证号) VALUES ('2019 July', 0, '2', '4', NULL, 2, '1531064608');

INSERT INTO 旅游信息 (旅游时间, 旅游费用, 保险, 服务等级, 旅游合同, 旅游团_id, 顾客_身份证号) VALUES ('2019 February', 0, '2', '4', NULL, 6, '3014359832');

INSERT INTO 旅游信息 (旅游时间, 旅游费用, 保险, 服务等级, 旅游合同, 旅游团_id, 顾客_身份证号) VALUES ('2021 June', 0, '5', '3', NULL, 5, '1482774905');

INSERT INTO 旅游信息 (旅游时间, 旅游费用, 保险, 服务等级, 旅游合同, 旅游团_id, 顾客_身份证号) VALUES ('2020 June', 0, '3', '4', NULL, 4, '1484381934');

INSERT INTO 旅游信息 (旅游时间, 旅游费用, 保险, 服务等级, 旅游合同, 旅游团_id, 顾客_身份证号) VALUES ('2023 April', 0, '2', '3', NULL, 7, '1503247625');

INSERT INTO 旅游信息 (旅游时间, 旅游费用, 保险, 服务等级, 旅游合同, 旅游团_id, 顾客_身份证号) VALUES ('2021 February', 0, '3', '4', NULL, 7, '3005453477');

INSERT INTO 旅游信息 (旅游时间, 旅游费用, 保险, 服务等级, 旅游合同, 旅游团_id, 顾客_身份证号) VALUES ('2023 February', 0, '1', '4', NULL, 2, '2399184017');

INSERT INTO 旅游信息 (旅游时间, 旅游费用, 保险, 服务等级, 旅游合同, 旅游团_id, 顾客_身份证号) VALUES ('2019 August', 0, '4', '3', NULL, 5, '1750323285');

INSERT INTO 旅游信息 (旅游时间, 旅游费用, 保险, 服务等级, 旅游合同, 旅游团_id, 顾客_身份证号) VALUES ('2023 June', 0, '2', '4', NULL, 9, '2529761927');

INSERT INTO 旅游信息 (旅游时间, 旅游费用, 保险, 服务等级, 旅游合同, 旅游团_id, 顾客_身份证号) VALUES ('2023 August', 0, '3', '4', NULL, 9, '2094927988');

INSERT INTO 旅游信息 (旅游时间, 旅游费用, 保险, 服务等级, 旅游合同, 旅游团_id, 顾客_身份证号) VALUES ('2022 February', 0, '4', '4', NULL, 8, '2047470042');

INSERT INTO 旅游信息 (旅游时间, 旅游费用, 保险, 服务等级, 旅游合同, 旅游团_id, 顾客_身份证号) VALUES ('2019 May', 0, '1', '5', NULL, 8, '1670856934');

INSERT INTO 旅游信息 (旅游时间, 旅游费用, 保险, 服务等级, 旅游合同, 旅游团_id, 顾客_身份证号) VALUES ('2023 August', 0, '3', '4', NULL, 6, '2532632910');

INSERT INTO 旅游信息 (旅游时间, 旅游费用, 保险, 服务等级, 旅游合同, 旅游团_id, 顾客_身份证号) VALUES ('2022 September', 0, '4', '5', NULL, 3, '3069281486');

INSERT INTO 旅游信息 (旅游时间, 旅游费用, 保险, 服务等级, 旅游合同, 旅游团_id, 顾客_身份证号) VALUES ('2021 September', 0, '4', '4', NULL, 7, '3141974858');

INSERT INTO 旅游信息 (旅游时间, 旅游费用, 保险, 服务等级, 旅游合同, 旅游团_id, 顾客_身份证号) VALUES ('2020 May', 0, '2', '5', NULL, 5, '2281610801');

INSERT INTO 旅游信息 (旅游时间, 旅游费用, 保险, 服务等级, 旅游合同, 旅游团_id, 顾客_身份证号) VALUES ('2018 May', 0, '2', '4', NULL, 2, '2933454676');

INSERT INTO 旅游信息 (旅游时间, 旅游费用, 保险, 服务等级, 旅游合同, 旅游团_id, 顾客_身份证号) VALUES ('2019 February', 0, '2', '4', NULL, 3, '2089293565');

INSERT INTO 旅游信息 (旅游时间, 旅游费用, 保险, 服务等级, 旅游合同, 旅游团_id, 顾客_身份证号) VALUES ('2023 February', 0, '3', '4', NULL, 8, '1902924423');

INSERT INTO 旅游信息 (旅游时间, 旅游费用, 保险, 服务等级, 旅游合同, 旅游团_id, 顾客_身份证号) VALUES ('2018 March', 0, '3', '5', NULL, 5, '1795416040');

INSERT INTO 旅游信息 (旅游时间, 旅游费用, 保险, 服务等级, 旅游合同, 旅游团_id, 顾客_身份证号) VALUES ('2022 February', 0, '4', '4', NULL, 6, '3017872765');

INSERT INTO 旅游信息 (旅游时间, 旅游费用, 保险, 服务等级, 旅游合同, 旅游团_id, 顾客_身份证号) VALUES ('2022 January', 0, '4', '5', NULL, 3, '2116462371');

INSERT INTO 旅游信息 (旅游时间, 旅游费用, 保险, 服务等级, 旅游合同, 旅游团_id, 顾客_身份证号) VALUES ('2022 February', 0, '2', '4', NULL, 6, '2762154633');

INSERT INTO 旅游信息 (旅游时间, 旅游费用, 保险, 服务等级, 旅游合同, 旅游团_id, 顾客_身份证号) VALUES ('2023 January', 0, '2', '4', NULL, 7, '1863683888');

INSERT INTO 旅游信息 (旅游时间, 旅游费用, 保险, 服务等级, 旅游合同, 旅游团_id, 顾客_身份证号) VALUES ('2019 March', 0, '4', '4', NULL, 2, '1602151684');

INSERT INTO 旅游信息 (旅游时间, 旅游费用, 保险, 服务等级, 旅游合同, 旅游团_id, 顾客_身份证号) VALUES ('2018 May', 0, '3', '5', NULL, 2, '2977890846');

INSERT INTO 旅游信息 (旅游时间, 旅游费用, 保险, 服务等级, 旅游合同, 旅游团_id, 顾客_身份证号) VALUES ('2018 February', 0, '4', '4', NULL, 3, '2649277461');

INSERT INTO 旅游信息 (旅游时间, 旅游费用, 保险, 服务等级, 旅游合同, 旅游团_id, 顾客_身份证号) VALUES ('2023 August', 0, '3', '5', NULL, 5, '1686775310');

INSERT INTO 旅游信息 (旅游时间, 旅游费用, 保险, 服务等级, 旅游合同, 旅游团_id, 顾客_身份证号) VALUES ('2020 April', 0, '4', '4', NULL, 4, '1219959288');

INSERT INTO 旅游信息 (旅游时间, 旅游费用, 保险, 服务等级, 旅游合同, 旅游团_id, 顾客_身份证号) VALUES ('2022 June', 0, '2', '4', NULL, 3, '2290047132');

INSERT INTO 旅游信息 (旅游时间, 旅游费用, 保险, 服务等级, 旅游合同, 旅游团_id, 顾客_身份证号) VALUES ('2022 August', 0, '4', '4', NULL, 10, '1553989244');

INSERT INTO 旅游信息 (旅游时间, 旅游费用, 保险, 服务等级, 旅游合同, 旅游团_id, 顾客_身份证号) VALUES ('2019 August', 0, '2', '4', NULL, 9, '1860249553');

INSERT INTO 旅游信息 (旅游时间, 旅游费用, 保险, 服务等级, 旅游合同, 旅游团_id, 顾客_身份证号) VALUES ('2020 March', 0, '4', '3', NULL, 10, '1863840842');

INSERT INTO 旅游信息 (旅游时间, 旅游费用, 保险, 服务等级, 旅游合同, 旅游团_id, 顾客_身份证号) VALUES ('2019 September', 0, '2', '4', NULL, 1, '1846416074');

INSERT INTO 旅游信息 (旅游时间, 旅游费用, 保险, 服务等级, 旅游合同, 旅游团_id, 顾客_身份证号) VALUES ('2022 June', 0, '5', '5', NULL, 6, '2439885932');

INSERT INTO 旅游信息 (旅游时间, 旅游费用, 保险, 服务等级, 旅游合同, 旅游团_id, 顾客_身份证号) VALUES ('2019 August', 0, '2', '5', NULL, 4, '1576351044');

INSERT INTO 旅游信息 (旅游时间, 旅游费用, 保险, 服务等级, 旅游合同, 旅游团_id, 顾客_身份证号) VALUES ('2021 October', 0, '2', '4', NULL, 6, '1968995671');

INSERT INTO 旅游信息 (旅游时间, 旅游费用, 保险, 服务等级, 旅游合同, 旅游团_id, 顾客_身份证号) VALUES ('2018 March', 0, '4', '3', NULL, 8, '1126974710');

INSERT INTO 旅游信息 (旅游时间, 旅游费用, 保险, 服务等级, 旅游合同, 旅游团_id, 顾客_身份证号) VALUES ('2018 June', 0, '5', '5', NULL, 2, '2119406002');

INSERT INTO 旅游信息 (旅游时间, 旅游费用, 保险, 服务等级, 旅游合同, 旅游团_id, 顾客_身份证号) VALUES ('2023 July', 0, '4', '5', NULL, 5, '1911275421');

INSERT INTO 旅游信息 (旅游时间, 旅游费用, 保险, 服务等级, 旅游合同, 旅游团_id, 顾客_身份证号) VALUES ('2020 June', 0, '2', '5', NULL, 2, '1190307431');

INSERT INTO 旅游信息 (旅游时间, 旅游费用, 保险, 服务等级, 旅游合同, 旅游团_id, 顾客_身份证号) VALUES ('2022 July', 0, '4', '5', NULL, 9, '1792193564');

INSERT INTO 旅游信息 (旅游时间, 旅游费用, 保险, 服务等级, 旅游合同, 旅游团_id, 顾客_身份证号) VALUES ('2019 February', 0, '1', '3', NULL, 7, '1573743480');

INSERT INTO 旅游信息 (旅游时间, 旅游费用, 保险, 服务等级, 旅游合同, 旅游团_id, 顾客_身份证号) VALUES ('2023 January', 0, '4', '5', NULL, 3, '1709422804');

INSERT INTO 旅游信息 (旅游时间, 旅游费用, 保险, 服务等级, 旅游合同, 旅游团_id, 顾客_身份证号) VALUES ('2018 June', 0, '4', '4', NULL, 3, '1814232820');

INSERT INTO 旅游信息 (旅游时间, 旅游费用, 保险, 服务等级, 旅游合同, 旅游团_id, 顾客_身份证号) VALUES ('2022 January', 0, '3', '4', NULL, 6, '1980166080');

INSERT INTO 旅游信息 (旅游时间, 旅游费用, 保险, 服务等级, 旅游合同, 旅游团_id, 顾客_身份证号) VALUES ('2020 January', 0, '3', '5', NULL, 5, '1631124318');

INSERT INTO 旅游信息 (旅游时间, 旅游费用, 保险, 服务等级, 旅游合同, 旅游团_id, 顾客_身份证号) VALUES ('2023 October', 0, '3', '5', NULL, 8, '2789229870');

INSERT INTO 旅游信息 (旅游时间, 旅游费用, 保险, 服务等级, 旅游合同, 旅游团_id, 顾客_身份证号) VALUES ('2020 September', 0, '1', '4', NULL, 3, '2760519256');

INSERT INTO 旅游信息 (旅游时间, 旅游费用, 保险, 服务等级, 旅游合同, 旅游团_id, 顾客_身份证号) VALUES ('2023 May', 0, '4', '4', NULL, 3, '1631124318');

INSERT INTO 旅游信息 (旅游时间, 旅游费用, 保险, 服务等级, 旅游合同, 旅游团_id, 顾客_身份证号) VALUES ('2022 April', 0, '5', '4', NULL, 4, '1384763284');

INSERT INTO 旅游信息 (旅游时间, 旅游费用, 保险, 服务等级, 旅游合同, 旅游团_id, 顾客_身份证号) VALUES ('2020 February', 0, '2', '5', NULL, 2, '3012492005');

INSERT INTO 旅游信息 (旅游时间, 旅游费用, 保险, 服务等级, 旅游合同, 旅游团_id, 顾客_身份证号) VALUES ('2022 October', 0, '3', '4', NULL, 7, '2719495895');

INSERT INTO 旅游信息 (旅游时间, 旅游费用, 保险, 服务等级, 旅游合同, 旅游团_id, 顾客_身份证号) VALUES ('2023 March', 0, '4', '3', NULL, 5, '2234724305');

INSERT INTO 旅游信息 (旅游时间, 旅游费用, 保险, 服务等级, 旅游合同, 旅游团_id, 顾客_身份证号) VALUES ('2021 March', 0, '4', '4', NULL, 8, '2264893003');

INSERT INTO 旅游信息 (旅游时间, 旅游费用, 保险, 服务等级, 旅游合同, 旅游团_id, 顾客_身份证号) VALUES ('2019 June', 0, '3', '3', NULL, 4, '2861148229');

INSERT INTO 旅游信息 (旅游时间, 旅游费用, 保险, 服务等级, 旅游合同, 旅游团_id, 顾客_身份证号) VALUES ('2020 January', 0, '2', '4', NULL, 5, '3077616843');

INSERT INTO 旅游信息 (旅游时间, 旅游费用, 保险, 服务等级, 旅游合同, 旅游团_id, 顾客_身份证号) VALUES ('2021 February', 0, '4', '4', NULL, 6, '2830759521');

INSERT INTO 旅游信息 (旅游时间, 旅游费用, 保险, 服务等级, 旅游合同, 旅游团_id, 顾客_身份证号) VALUES ('2018 February', 0, '5', '5', NULL, 7, '1619591103');

INSERT INTO 旅游信息 (旅游时间, 旅游费用, 保险, 服务等级, 旅游合同, 旅游团_id, 顾客_身份证号) VALUES ('2022 March', 0, '2', '4', NULL, 7, '1402297067');

INSERT INTO 旅游信息 (旅游时间, 旅游费用, 保险, 服务等级, 旅游合同, 旅游团_id, 顾客_身份证号) VALUES ('2021 March', 0, '2', '4', NULL, 8, '2553549832');

INSERT INTO 旅游信息 (旅游时间, 旅游费用, 保险, 服务等级, 旅游合同, 旅游团_id, 顾客_身份证号) VALUES ('2022 February', 0, '4', '4', NULL, 8, '1556042379');

INSERT INTO 旅游信息 (旅游时间, 旅游费用, 保险, 服务等级, 旅游合同, 旅游团_id, 顾客_身份证号) VALUES ('2020 October', 0, '2', '4', NULL, 5, '3144017318');

INSERT INTO 旅游信息 (旅游时间, 旅游费用, 保险, 服务等级, 旅游合同, 旅游团_id, 顾客_身份证号) VALUES ('2023 June', 0, '4', '4', NULL, 2, '1728180299');

INSERT INTO 旅游信息 (旅游时间, 旅游费用, 保险, 服务等级, 旅游合同, 旅游团_id, 顾客_身份证号) VALUES ('2021 October', 0, '1', '5', NULL, 8, '1984960943');

INSERT INTO 旅游信息 (旅游时间, 旅游费用, 保险, 服务等级, 旅游合同, 旅游团_id, 顾客_身份证号) VALUES ('2020 May', 0, '2', '3', NULL, 3, '1475962726');

INSERT INTO 旅游信息 (旅游时间, 旅游费用, 保险, 服务等级, 旅游合同, 旅游团_id, 顾客_身份证号) VALUES ('2023 July', 0, '4', '5', NULL, 9, '3026284666');

INSERT INTO 旅游信息 (旅游时间, 旅游费用, 保险, 服务等级, 旅游合同, 旅游团_id, 顾客_身份证号) VALUES ('2018 July', 0, '2', '4', NULL, 5, '2948103291');

INSERT INTO 旅游信息 (旅游时间, 旅游费用, 保险, 服务等级, 旅游合同, 旅游团_id, 顾客_身份证号) VALUES ('2021 September', 0, '2', '5', NULL, 6, '2184994901');

INSERT INTO 旅游信息 (旅游时间, 旅游费用, 保险, 服务等级, 旅游合同, 旅游团_id, 顾客_身份证号) VALUES ('2020 August', 0, '3', '5', NULL, 3, '2456696629');

INSERT INTO 旅游信息 (旅游时间, 旅游费用, 保险, 服务等级, 旅游合同, 旅游团_id, 顾客_身份证号) VALUES ('2021 July', 0, '2', '4', NULL, 1, '2650713895');

INSERT INTO 旅游信息 (旅游时间, 旅游费用, 保险, 服务等级, 旅游合同, 旅游团_id, 顾客_身份证号) VALUES ('2022 August', 0, '2', '5', NULL, 7, '2081125420');

INSERT INTO 旅游信息 (旅游时间, 旅游费用, 保险, 服务等级, 旅游合同, 旅游团_id, 顾客_身份证号) VALUES ('2019 January', 0, '4', '3', NULL, 7, '2813158123');

INSERT INTO 旅游信息 (旅游时间, 旅游费用, 保险, 服务等级, 旅游合同, 旅游团_id, 顾客_身份证号) VALUES ('2023 May', 0, '2', '3', NULL, 6, '2462529988');

INSERT INTO 旅游信息 (旅游时间, 旅游费用, 保险, 服务等级, 旅游合同, 旅游团_id, 顾客_身份证号) VALUES ('2021 January', 0, '3', '3', NULL, 4, '1465845741');

INSERT INTO 旅游信息 (旅游时间, 旅游费用, 保险, 服务等级, 旅游合同, 旅游团_id, 顾客_身份证号) VALUES ('2023 September', 0, '2', '5', NULL, 6, '1299183877');

INSERT INTO 旅游信息 (旅游时间, 旅游费用, 保险, 服务等级, 旅游合同, 旅游团_id, 顾客_身份证号) VALUES ('2023 January', 0, '2', '3', NULL, 6, '1315870491');

INSERT INTO 旅游信息 (旅游时间, 旅游费用, 保险, 服务等级, 旅游合同, 旅游团_id, 顾客_身份证号) VALUES ('2021 April', 0, '5', '5', NULL, 2, '2913183337');

INSERT INTO 旅游信息 (旅游时间, 旅游费用, 保险, 服务等级, 旅游合同, 旅游团_id, 顾客_身份证号) VALUES ('2023 October', 0, '1', '4', NULL, 4, '1683477299');

INSERT INTO 旅游信息 (旅游时间, 旅游费用, 保险, 服务等级, 旅游合同, 旅游团_id, 顾客_身份证号) VALUES ('2022 January', 0, '4', '5', NULL, 3, '1927981791');

INSERT INTO 旅游信息 (旅游时间, 旅游费用, 保险, 服务等级, 旅游合同, 旅游团_id, 顾客_身份证号) VALUES ('2018 January', 0, '4', '4', NULL, 7, '1828420942');

INSERT INTO 旅游信息 (旅游时间, 旅游费用, 保险, 服务等级, 旅游合同, 旅游团_id, 顾客_身份证号) VALUES ('2018 July', 0, '3', '5', NULL, 8, '2614963345');

INSERT INTO 旅游信息 (旅游时间, 旅游费用, 保险, 服务等级, 旅游合同, 旅游团_id, 顾客_身份证号) VALUES ('2022 October', 0, '4', '5', NULL, 7, '2934326258');

INSERT INTO 旅游信息 (旅游时间, 旅游费用, 保险, 服务等级, 旅游合同, 旅游团_id, 顾客_身份证号) VALUES ('2019 October', 0, '5', '4', NULL, 6, '2483250944');

INSERT INTO 旅游信息 (旅游时间, 旅游费用, 保险, 服务等级, 旅游合同, 旅游团_id, 顾客_身份证号) VALUES ('2020 August', 0, '2', '4', NULL, 7, '1606517966');

INSERT INTO 旅游信息 (旅游时间, 旅游费用, 保险, 服务等级, 旅游合同, 旅游团_id, 顾客_身份证号) VALUES ('2023 September', 0, '1', '5', NULL, 7, '2699914781');

INSERT INTO 旅游信息 (旅游时间, 旅游费用, 保险, 服务等级, 旅游合同, 旅游团_id, 顾客_身份证号) VALUES ('2022 February', 0, '4', '3', NULL, 5, '2185880310');

INSERT INTO 旅游信息 (旅游时间, 旅游费用, 保险, 服务等级, 旅游合同, 旅游团_id, 顾客_身份证号) VALUES ('2019 July', 0, '3', '3', NULL, 6, '1694945299');

INSERT INTO 旅游信息 (旅游时间, 旅游费用, 保险, 服务等级, 旅游合同, 旅游团_id, 顾客_身份证号) VALUES ('2020 June', 0, '2', '4', NULL, 3, '2933720926');

INSERT INTO 旅游信息 (旅游时间, 旅游费用, 保险, 服务等级, 旅游合同, 旅游团_id, 顾客_身份证号) VALUES ('2022 July', 0, '2', '3', NULL, 6, '1413201659');

INSERT INTO 旅游信息 (旅游时间, 旅游费用, 保险, 服务等级, 旅游合同, 旅游团_id, 顾客_身份证号) VALUES ('2018 July', 0, '3', '4', NULL, 7, '2779898237');

INSERT INTO 旅游信息 (旅游时间, 旅游费用, 保险, 服务等级, 旅游合同, 旅游团_id, 顾客_身份证号) VALUES ('2022 July', 0, '3', '4', NULL, 4, '1143663690');

INSERT INTO 旅游信息 (旅游时间, 旅游费用, 保险, 服务等级, 旅游合同, 旅游团_id, 顾客_身份证号) VALUES ('2019 March', 0, '5', '4', NULL, 3, '1950761357');

INSERT INTO 旅游信息 (旅游时间, 旅游费用, 保险, 服务等级, 旅游合同, 旅游团_id, 顾客_身份证号) VALUES ('2018 March', 0, '5', '3', NULL, 7, '2753305298');

INSERT INTO 旅游信息 (旅游时间, 旅游费用, 保险, 服务等级, 旅游合同, 旅游团_id, 顾客_身份证号) VALUES ('2022 October', 0, '4', '4', NULL, 5, '2641567138');

INSERT INTO 旅游信息 (旅游时间, 旅游费用, 保险, 服务等级, 旅游合同, 旅游团_id, 顾客_身份证号) VALUES ('2022 January', 0, '3', '5', NULL, 5, '2128101402');

INSERT INTO 旅游信息 (旅游时间, 旅游费用, 保险, 服务等级, 旅游合同, 旅游团_id, 顾客_身份证号) VALUES ('2022 March', 0, '5', '5', NULL, 3, '1046303673');

INSERT INTO 旅游信息 (旅游时间, 旅游费用, 保险, 服务等级, 旅游合同, 旅游团_id, 顾客_身份证号) VALUES ('2020 June', 0, '4', '5', NULL, 9, '1278620553');

INSERT INTO 旅游信息 (旅游时间, 旅游费用, 保险, 服务等级, 旅游合同, 旅游团_id, 顾客_身份证号) VALUES ('2018 July', 0, '4', '4', NULL, 3, '2185880310');

INSERT INTO 旅游信息 (旅游时间, 旅游费用, 保险, 服务等级, 旅游合同, 旅游团_id, 顾客_身份证号) VALUES ('2020 September', 0, '3', '5', NULL, 7, '2250359577');

INSERT INTO 旅游信息 (旅游时间, 旅游费用, 保险, 服务等级, 旅游合同, 旅游团_id, 顾客_身份证号) VALUES ('2018 April', 0, '3', '4', NULL, 9, '1607296817');

INSERT INTO 旅游信息 (旅游时间, 旅游费用, 保险, 服务等级, 旅游合同, 旅游团_id, 顾客_身份证号) VALUES ('2021 March', 0, '4', '4', NULL, 8, '1911275421');

INSERT INTO 旅游信息 (旅游时间, 旅游费用, 保险, 服务等级, 旅游合同, 旅游团_id, 顾客_身份证号) VALUES ('2021 July', 0, '4', '4', NULL, 4, '2991981430');

INSERT INTO 旅游信息 (旅游时间, 旅游费用, 保险, 服务等级, 旅游合同, 旅游团_id, 顾客_身份证号) VALUES ('2021 April', 0, '2', '3', NULL, 6, '2185880310');

INSERT INTO 旅游信息 (旅游时间, 旅游费用, 保险, 服务等级, 旅游合同, 旅游团_id, 顾客_身份证号) VALUES ('2020 September', 0, '3', '4', NULL, 7, '3123854395');

INSERT INTO 旅游信息 (旅游时间, 旅游费用, 保险, 服务等级, 旅游合同, 旅游团_id, 顾客_身份证号) VALUES ('2020 June', 0, '4', '4', NULL, 3, '1590485167');

INSERT INTO 旅游信息 (旅游时间, 旅游费用, 保险, 服务等级, 旅游合同, 旅游团_id, 顾客_身份证号) VALUES ('2022 August', 0, '4', '3', NULL, 8, '2929270155');

INSERT INTO 旅游信息 (旅游时间, 旅游费用, 保险, 服务等级, 旅游合同, 旅游团_id, 顾客_身份证号) VALUES ('2020 June', 0, '3', '5', NULL, 2, '2447109410');

INSERT INTO 旅游信息 (旅游时间, 旅游费用, 保险, 服务等级, 旅游合同, 旅游团_id, 顾客_身份证号) VALUES ('2021 February', 0, '5', '3', NULL, 1, '1766078120');

INSERT INTO 旅游信息 (旅游时间, 旅游费用, 保险, 服务等级, 旅游合同, 旅游团_id, 顾客_身份证号) VALUES ('2018 January', 0, '2', '5', NULL, 10, '1401740026');

INSERT INTO 旅游信息 (旅游时间, 旅游费用, 保险, 服务等级, 旅游合同, 旅游团_id, 顾客_身份证号) VALUES ('2020 February', 0, '5', '4', NULL, 3, '1676834025');

INSERT INTO 旅游信息 (旅游时间, 旅游费用, 保险, 服务等级, 旅游合同, 旅游团_id, 顾客_身份证号) VALUES ('2022 May', 0, '2', '5', NULL, 7, '2205317019');

INSERT INTO 旅游信息 (旅游时间, 旅游费用, 保险, 服务等级, 旅游合同, 旅游团_id, 顾客_身份证号) VALUES ('2021 February', 0, '5', '4', NULL, 2, '1767046011');

INSERT INTO 旅游信息 (旅游时间, 旅游费用, 保险, 服务等级, 旅游合同, 旅游团_id, 顾客_身份证号) VALUES ('2020 August', 0, '1', '4', NULL, 8, '1787657440');

INSERT INTO 旅游信息 (旅游时间, 旅游费用, 保险, 服务等级, 旅游合同, 旅游团_id, 顾客_身份证号) VALUES ('2020 July', 0, '4', '4', NULL, 2, '2086214333');

INSERT INTO 旅游信息 (旅游时间, 旅游费用, 保险, 服务等级, 旅游合同, 旅游团_id, 顾客_身份证号) VALUES ('2020 June', 0, '1', '4', NULL, 5, '1046925037');

INSERT INTO 旅游信息 (旅游时间, 旅游费用, 保险, 服务等级, 旅游合同, 旅游团_id, 顾客_身份证号) VALUES ('2019 May', 0, '4', '4', NULL, 6, '1900324294');

INSERT INTO 旅游信息 (旅游时间, 旅游费用, 保险, 服务等级, 旅游合同, 旅游团_id, 顾客_身份证号) VALUES ('2018 June', 0, '3', '4', NULL, 3, '1505656088');

INSERT INTO 旅游信息 (旅游时间, 旅游费用, 保险, 服务等级, 旅游合同, 旅游团_id, 顾客_身份证号) VALUES ('2020 May', 0, '5', '3', NULL, 7, '1863683888');

INSERT INTO 旅游信息 (旅游时间, 旅游费用, 保险, 服务等级, 旅游合同, 旅游团_id, 顾客_身份证号) VALUES ('2018 January', 0, '4', '4', NULL, 8, '2381573051');

INSERT INTO 旅游信息 (旅游时间, 旅游费用, 保险, 服务等级, 旅游合同, 旅游团_id, 顾客_身份证号) VALUES ('2021 March', 0, '3', '4', NULL, 5, '1661748892');

INSERT INTO 旅游信息 (旅游时间, 旅游费用, 保险, 服务等级, 旅游合同, 旅游团_id, 顾客_身份证号) VALUES ('2018 September', 0, '3', '5', NULL, 3, '1998991029');

INSERT INTO 旅游信息 (旅游时间, 旅游费用, 保险, 服务等级, 旅游合同, 旅游团_id, 顾客_身份证号) VALUES ('2022 January', 0, '3', '4', NULL, 8, '2608174216');

INSERT INTO 旅游信息 (旅游时间, 旅游费用, 保险, 服务等级, 旅游合同, 旅游团_id, 顾客_身份证号) VALUES ('2021 February', 0, '2', '4', NULL, 8, '1696813074');

INSERT INTO 旅游信息 (旅游时间, 旅游费用, 保险, 服务等级, 旅游合同, 旅游团_id, 顾客_身份证号) VALUES ('2019 January', 0, '2', '4', NULL, 7, '3001579334');

INSERT INTO 旅游信息 (旅游时间, 旅游费用, 保险, 服务等级, 旅游合同, 旅游团_id, 顾客_身份证号) VALUES ('2020 January', 0, '5', '5', NULL, 4, '1738649434');

INSERT INTO 旅游信息 (旅游时间, 旅游费用, 保险, 服务等级, 旅游合同, 旅游团_id, 顾客_身份证号) VALUES ('2022 October', 0, '1', '5', NULL, 9, '1564898725');

INSERT INTO 旅游信息 (旅游时间, 旅游费用, 保险, 服务等级, 旅游合同, 旅游团_id, 顾客_身份证号) VALUES ('2018 May', 0, '2', '3', NULL, 5, '3091778989');

INSERT INTO 旅游信息 (旅游时间, 旅游费用, 保险, 服务等级, 旅游合同, 旅游团_id, 顾客_身份证号) VALUES ('2023 July', 0, '3', '3', NULL, 9, '2047827335');

INSERT INTO 旅游信息 (旅游时间, 旅游费用, 保险, 服务等级, 旅游合同, 旅游团_id, 顾客_身份证号) VALUES ('2022 August', 0, '3', '5', NULL, 6, '2408588735');

INSERT INTO 旅游信息 (旅游时间, 旅游费用, 保险, 服务等级, 旅游合同, 旅游团_id, 顾客_身份证号) VALUES ('2021 April', 0, '2', '5', NULL, 4, '1766133742');

INSERT INTO 旅游信息 (旅游时间, 旅游费用, 保险, 服务等级, 旅游合同, 旅游团_id, 顾客_身份证号) VALUES ('2022 August', 0, '3', '4', NULL, 6, '3118369023');

INSERT INTO 旅游信息 (旅游时间, 旅游费用, 保险, 服务等级, 旅游合同, 旅游团_id, 顾客_身份证号) VALUES ('2023 July', 0, '2', '4', NULL, 6, '2318389240');

INSERT INTO 旅游信息 (旅游时间, 旅游费用, 保险, 服务等级, 旅游合同, 旅游团_id, 顾客_身份证号) VALUES ('2023 June', 0, '4', '3', NULL, 8, '1911275421');

INSERT INTO 旅游信息 (旅游时间, 旅游费用, 保险, 服务等级, 旅游合同, 旅游团_id, 顾客_身份证号) VALUES ('2018 May', 0, '5', '3', NULL, 5, '1884405325');

INSERT INTO 旅游信息 (旅游时间, 旅游费用, 保险, 服务等级, 旅游合同, 旅游团_id, 顾客_身份证号) VALUES ('2020 February', 0, '2', '4', NULL, 9, '1188638120');

INSERT INTO 旅游信息 (旅游时间, 旅游费用, 保险, 服务等级, 旅游合同, 旅游团_id, 顾客_身份证号) VALUES ('2021 July', 0, '5', '4', NULL, 3, '1626564697');

INSERT INTO 旅游信息 (旅游时间, 旅游费用, 保险, 服务等级, 旅游合同, 旅游团_id, 顾客_身份证号) VALUES ('2021 May', 0, '4', '4', NULL, 5, '2052418777');

INSERT INTO 旅游信息 (旅游时间, 旅游费用, 保险, 服务等级, 旅游合同, 旅游团_id, 顾客_身份证号) VALUES ('2021 January', 0, '2', '5', NULL, 6, '2614963345');

INSERT INTO 旅游信息 (旅游时间, 旅游费用, 保险, 服务等级, 旅游合同, 旅游团_id, 顾客_身份证号) VALUES ('2018 July', 0, '4', '4', NULL, 5, '2099250641');

INSERT INTO 旅游信息 (旅游时间, 旅游费用, 保险, 服务等级, 旅游合同, 旅游团_id, 顾客_身份证号) VALUES ('2018 February', 0, '3', '4', NULL, 8, '1572632406');

INSERT INTO 旅游信息 (旅游时间, 旅游费用, 保险, 服务等级, 旅游合同, 旅游团_id, 顾客_身份证号) VALUES ('2022 April', 0, '4', '4', NULL, 5, '2089293565');

INSERT INTO 旅游信息 (旅游时间, 旅游费用, 保险, 服务等级, 旅游合同, 旅游团_id, 顾客_身份证号) VALUES ('2022 April', 0, '4', '5', NULL, 5, '2131461895');

INSERT INTO 旅游信息 (旅游时间, 旅游费用, 保险, 服务等级, 旅游合同, 旅游团_id, 顾客_身份证号) VALUES ('2019 June', 0, '2', '4', NULL, 2, '2213358752');

INSERT INTO 旅游信息 (旅游时间, 旅游费用, 保险, 服务等级, 旅游合同, 旅游团_id, 顾客_身份证号) VALUES ('2021 February', 0, '3', '3', NULL, 2, '1446653457');

INSERT INTO 旅游信息 (旅游时间, 旅游费用, 保险, 服务等级, 旅游合同, 旅游团_id, 顾客_身份证号) VALUES ('2018 February', 0, '1', '4', NULL, 2, '1321512501');

INSERT INTO 旅游信息 (旅游时间, 旅游费用, 保险, 服务等级, 旅游合同, 旅游团_id, 顾客_身份证号) VALUES ('2023 October', 0, '3', '5', NULL, 1, '3138408817');

INSERT INTO 旅游信息 (旅游时间, 旅游费用, 保险, 服务等级, 旅游合同, 旅游团_id, 顾客_身份证号) VALUES ('2019 June', 0, '1', '3', NULL, 8, '2028367204');

INSERT INTO 旅游信息 (旅游时间, 旅游费用, 保险, 服务等级, 旅游合同, 旅游团_id, 顾客_身份证号) VALUES ('2018 September', 0, '2', '4', NULL, 5, '2161221803');

INSERT INTO 旅游信息 (旅游时间, 旅游费用, 保险, 服务等级, 旅游合同, 旅游团_id, 顾客_身份证号) VALUES ('2019 April', 0, '3', '3', NULL, 9, '1766078120');

INSERT INTO 旅游信息 (旅游时间, 旅游费用, 保险, 服务等级, 旅游合同, 旅游团_id, 顾客_身份证号) VALUES ('2020 September', 0, '5', '4', NULL, 8, '2391508122');

INSERT INTO 旅游信息 (旅游时间, 旅游费用, 保险, 服务等级, 旅游合同, 旅游团_id, 顾客_身份证号) VALUES ('2023 January', 0, '2', '4', NULL, 4, '2549850897');

INSERT INTO 旅游信息 (旅游时间, 旅游费用, 保险, 服务等级, 旅游合同, 旅游团_id, 顾客_身份证号) VALUES ('2023 September', 0, '3', '4', NULL, 9, '2250359577');

INSERT INTO 旅游信息 (旅游时间, 旅游费用, 保险, 服务等级, 旅游合同, 旅游团_id, 顾客_身份证号) VALUES ('2023 January', 0, '4', '3', NULL, 6, '2038049914');

INSERT INTO 旅游信息 (旅游时间, 旅游费用, 保险, 服务等级, 旅游合同, 旅游团_id, 顾客_身份证号) VALUES ('2019 October', 0, '5', '4', NULL, 6, '1991076697');

INSERT INTO 旅游信息 (旅游时间, 旅游费用, 保险, 服务等级, 旅游合同, 旅游团_id, 顾客_身份证号) VALUES ('2020 September', 0, '5', '4', NULL, 3, '1430095344');

INSERT INTO 旅游信息 (旅游时间, 旅游费用, 保险, 服务等级, 旅游合同, 旅游团_id, 顾客_身份证号) VALUES ('2021 May', 0, '3', '4', NULL, 5, '1701443157');

INSERT INTO 旅游信息 (旅游时间, 旅游费用, 保险, 服务等级, 旅游合同, 旅游团_id, 顾客_身份证号) VALUES ('2023 September', 0, '4', '5', NULL, 5, '2613637286');

INSERT INTO 旅游信息 (旅游时间, 旅游费用, 保险, 服务等级, 旅游合同, 旅游团_id, 顾客_身份证号) VALUES ('2020 September', 0, '3', '5', NULL, 6, '2184994901');

INSERT INTO 旅游信息 (旅游时间, 旅游费用, 保险, 服务等级, 旅游合同, 旅游团_id, 顾客_身份证号) VALUES ('2023 August', 0, '5', '5', NULL, 9, '1905139210');

INSERT INTO 旅游信息 (旅游时间, 旅游费用, 保险, 服务等级, 旅游合同, 旅游团_id, 顾客_身份证号) VALUES ('2021 July', 0, '3', '4', NULL, 6, '1668188044');

INSERT INTO 旅游信息 (旅游时间, 旅游费用, 保险, 服务等级, 旅游合同, 旅游团_id, 顾客_身份证号) VALUES ('2023 April', 0, '5', '5', NULL, 6, '1632849886');

INSERT INTO 旅游信息 (旅游时间, 旅游费用, 保险, 服务等级, 旅游合同, 旅游团_id, 顾客_身份证号) VALUES ('2021 August', 0, '3', '4', NULL, 3, '1373239634');

INSERT INTO 旅游信息 (旅游时间, 旅游费用, 保险, 服务等级, 旅游合同, 旅游团_id, 顾客_身份证号) VALUES ('2022 July', 0, '3', '5', NULL, 3, '2555925315');

INSERT INTO 旅游信息 (旅游时间, 旅游费用, 保险, 服务等级, 旅游合同, 旅游团_id, 顾客_身份证号) VALUES ('2021 October', 0, '2', '4', NULL, 4, '2044269317');

INSERT INTO 旅游信息 (旅游时间, 旅游费用, 保险, 服务等级, 旅游合同, 旅游团_id, 顾客_身份证号) VALUES ('2018 April', 0, '2', '3', NULL, 1, '1923482380');

INSERT INTO 旅游信息 (旅游时间, 旅游费用, 保险, 服务等级, 旅游合同, 旅游团_id, 顾客_身份证号) VALUES ('2020 June', 0, '3', '4', NULL, 9, '2198907505');

INSERT INTO 旅游信息 (旅游时间, 旅游费用, 保险, 服务等级, 旅游合同, 旅游团_id, 顾客_身份证号) VALUES ('2023 January', 0, '4', '3', NULL, 7, '1976998625');

INSERT INTO 旅游信息 (旅游时间, 旅游费用, 保险, 服务等级, 旅游合同, 旅游团_id, 顾客_身份证号) VALUES ('2020 March', 0, '5', '4', NULL, 4, '2699914781');

INSERT INTO 旅游信息 (旅游时间, 旅游费用, 保险, 服务等级, 旅游合同, 旅游团_id, 顾客_身份证号) VALUES ('2021 October', 0, '3', '5', NULL, 4, '2541266726');

INSERT INTO 旅游信息 (旅游时间, 旅游费用, 保险, 服务等级, 旅游合同, 旅游团_id, 顾客_身份证号) VALUES ('2020 March', 0, '3', '4', NULL, 8, '2488893973');

INSERT INTO 旅游信息 (旅游时间, 旅游费用, 保险, 服务等级, 旅游合同, 旅游团_id, 顾客_身份证号) VALUES ('2021 February', 0, '2', '3', NULL, 2, '1907545968');

INSERT INTO 旅游信息 (旅游时间, 旅游费用, 保险, 服务等级, 旅游合同, 旅游团_id, 顾客_身份证号) VALUES ('2022 March', 0, '1', '5', NULL, 5, '2678712661');

INSERT INTO 旅游信息 (旅游时间, 旅游费用, 保险, 服务等级, 旅游合同, 旅游团_id, 顾客_身份证号) VALUES ('2020 July', 0, '4', '5', NULL, 9, '2999711233');

INSERT INTO 旅游信息 (旅游时间, 旅游费用, 保险, 服务等级, 旅游合同, 旅游团_id, 顾客_身份证号) VALUES ('2018 September', 0, '1', '5', NULL, 1, '2963472402');

INSERT INTO 旅游信息 (旅游时间, 旅游费用, 保险, 服务等级, 旅游合同, 旅游团_id, 顾客_身份证号) VALUES ('2018 June', 0, '2', '4', NULL, 4, '1580955927');

INSERT INTO 旅游信息 (旅游时间, 旅游费用, 保险, 服务等级, 旅游合同, 旅游团_id, 顾客_身份证号) VALUES ('2019 January', 0, '1', '4', NULL, 8, '1728180299');

INSERT INTO 旅游信息 (旅游时间, 旅游费用, 保险, 服务等级, 旅游合同, 旅游团_id, 顾客_身份证号) VALUES ('2020 September', 0, '2', '5', NULL, 8, '2271134889');

INSERT INTO 旅游信息 (旅游时间, 旅游费用, 保险, 服务等级, 旅游合同, 旅游团_id, 顾客_身份证号) VALUES ('2020 July', 0, '3', '4', NULL, 3, '1538235101');

INSERT INTO 旅游信息 (旅游时间, 旅游费用, 保险, 服务等级, 旅游合同, 旅游团_id, 顾客_身份证号) VALUES ('2020 July', 0, '3', '3', NULL, 9, '1757374750');

INSERT INTO 旅游信息 (旅游时间, 旅游费用, 保险, 服务等级, 旅游合同, 旅游团_id, 顾客_身份证号) VALUES ('2022 April', 0, '5', '4', NULL, 6, '2253361078');

INSERT INTO 旅游信息 (旅游时间, 旅游费用, 保险, 服务等级, 旅游合同, 旅游团_id, 顾客_身份证号) VALUES ('2021 February', 0, '4', '4', NULL, 7, '2545728959');

INSERT INTO 旅游信息 (旅游时间, 旅游费用, 保险, 服务等级, 旅游合同, 旅游团_id, 顾客_身份证号) VALUES ('2023 September', 0, '2', '5', NULL, 8, '2876222879');

INSERT INTO 旅游信息 (旅游时间, 旅游费用, 保险, 服务等级, 旅游合同, 旅游团_id, 顾客_身份证号) VALUES ('2023 March', 0, '4', '4', NULL, 5, '2208507975');

INSERT INTO 旅游信息 (旅游时间, 旅游费用, 保险, 服务等级, 旅游合同, 旅游团_id, 顾客_身份证号) VALUES ('2022 September', 0, '2', '4', NULL, 5, '2707436795');

INSERT INTO 旅游信息 (旅游时间, 旅游费用, 保险, 服务等级, 旅游合同, 旅游团_id, 顾客_身份证号) VALUES ('2019 August', 0, '2', '3', NULL, 1, '1413201659');

INSERT INTO 旅游信息 (旅游时间, 旅游费用, 保险, 服务等级, 旅游合同, 旅游团_id, 顾客_身份证号) VALUES ('2022 January', 0, '2', '4', NULL, 9, '2304898615');

INSERT INTO 旅游信息 (旅游时间, 旅游费用, 保险, 服务等级, 旅游合同, 旅游团_id, 顾客_身份证号) VALUES ('2022 July', 0, '2', '4', NULL, 10, '2573145170');

INSERT INTO 旅游信息 (旅游时间, 旅游费用, 保险, 服务等级, 旅游合同, 旅游团_id, 顾客_身份证号) VALUES ('2019 September', 0, '5', '3', NULL, 10, '1211641454');

INSERT INTO 旅游信息 (旅游时间, 旅游费用, 保险, 服务等级, 旅游合同, 旅游团_id, 顾客_身份证号) VALUES ('2018 March', 0, '1', '4', NULL, 5, '2396210169');

INSERT INTO 旅游信息 (旅游时间, 旅游费用, 保险, 服务等级, 旅游合同, 旅游团_id, 顾客_身份证号) VALUES ('2021 June', 0, '5', '4', NULL, 3, '3123015069');

INSERT INTO 旅游信息 (旅游时间, 旅游费用, 保险, 服务等级, 旅游合同, 旅游团_id, 顾客_身份证号) VALUES ('2021 April', 0, '5', '5', NULL, 7, '1632849886');

INSERT INTO 旅游信息 (旅游时间, 旅游费用, 保险, 服务等级, 旅游合同, 旅游团_id, 顾客_身份证号) VALUES ('2020 August', 0, '1', '4', NULL, 6, '2033403989');

INSERT INTO 旅游信息 (旅游时间, 旅游费用, 保险, 服务等级, 旅游合同, 旅游团_id, 顾客_身份证号) VALUES ('2019 July', 0, '2', '3', NULL, 9, '2573145170');

INSERT INTO 旅游信息 (旅游时间, 旅游费用, 保险, 服务等级, 旅游合同, 旅游团_id, 顾客_身份证号) VALUES ('2018 March', 0, '3', '4', NULL, 4, '2462312772');

INSERT INTO 旅游信息 (旅游时间, 旅游费用, 保险, 服务等级, 旅游合同, 旅游团_id, 顾客_身份证号) VALUES ('2019 January', 0, '4', '5', NULL, 8, '1607296817');

INSERT INTO 旅游信息 (旅游时间, 旅游费用, 保险, 服务等级, 旅游合同, 旅游团_id, 顾客_身份证号) VALUES ('2022 January', 0, '1', '3', NULL, 8, '1038853989');

INSERT INTO 旅游信息 (旅游时间, 旅游费用, 保险, 服务等级, 旅游合同, 旅游团_id, 顾客_身份证号) VALUES ('2019 February', 0, '2', '5', NULL, 3, '1632849886');

INSERT INTO 旅游信息 (旅游时间, 旅游费用, 保险, 服务等级, 旅游合同, 旅游团_id, 顾客_身份证号) VALUES ('2018 October', 0, '3', '5', NULL, 3, '1783787283');

INSERT INTO 旅游信息 (旅游时间, 旅游费用, 保险, 服务等级, 旅游合同, 旅游团_id, 顾客_身份证号) VALUES ('2018 January', 0, '3', '4', NULL, 6, '1657422775');

INSERT INTO 旅游信息 (旅游时间, 旅游费用, 保险, 服务等级, 旅游合同, 旅游团_id, 顾客_身份证号) VALUES ('2020 April', 0, '2', '4', NULL, 6, '2019061357');

INSERT INTO 旅游信息 (旅游时间, 旅游费用, 保险, 服务等级, 旅游合同, 旅游团_id, 顾客_身份证号) VALUES ('2019 July', 0, '2', '3', NULL, 7, '3118793059');

INSERT INTO 旅游信息 (旅游时间, 旅游费用, 保险, 服务等级, 旅游合同, 旅游团_id, 顾客_身份证号) VALUES ('2018 January', 0, '5', '4', NULL, 8, '1296519340');

INSERT INTO 旅游信息 (旅游时间, 旅游费用, 保险, 服务等级, 旅游合同, 旅游团_id, 顾客_身份证号) VALUES ('2023 April', 0, '2', '4', NULL, 9, '2564002970');

INSERT INTO 旅游信息 (旅游时间, 旅游费用, 保险, 服务等级, 旅游合同, 旅游团_id, 顾客_身份证号) VALUES ('2018 July', 0, '1', '3', NULL, 3, '1385298149');

INSERT INTO 旅游信息 (旅游时间, 旅游费用, 保险, 服务等级, 旅游合同, 旅游团_id, 顾客_身份证号) VALUES ('2023 June', 0, '3', '5', NULL, 5, '1849560885');

INSERT INTO 旅游信息 (旅游时间, 旅游费用, 保险, 服务等级, 旅游合同, 旅游团_id, 顾客_身份证号) VALUES ('2022 May', 0, '4', '5', NULL, 10, '1988138262');

INSERT INTO 旅游信息 (旅游时间, 旅游费用, 保险, 服务等级, 旅游合同, 旅游团_id, 顾客_身份证号) VALUES ('2019 June', 0, '3', '4', NULL, 8, '1742185274');

INSERT INTO 旅游信息 (旅游时间, 旅游费用, 保险, 服务等级, 旅游合同, 旅游团_id, 顾客_身份证号) VALUES ('2019 June', 0, '5', '4', NULL, 8, '1388412082');

INSERT INTO 旅游信息 (旅游时间, 旅游费用, 保险, 服务等级, 旅游合同, 旅游团_id, 顾客_身份证号) VALUES ('2023 January', 0, '2', '5', NULL, 9, '1846416074');

INSERT INTO 旅游信息 (旅游时间, 旅游费用, 保险, 服务等级, 旅游合同, 旅游团_id, 顾客_身份证号) VALUES ('2021 February', 0, '3', '3', NULL, 6, '2749418689');

INSERT INTO 旅游信息 (旅游时间, 旅游费用, 保险, 服务等级, 旅游合同, 旅游团_id, 顾客_身份证号) VALUES ('2021 July', 0, '4', '4', NULL, 5, '2502096648');

INSERT INTO 旅游信息 (旅游时间, 旅游费用, 保险, 服务等级, 旅游合同, 旅游团_id, 顾客_身份证号) VALUES ('2020 September', 0, '4', '4', NULL, 3, '2488796213');

INSERT INTO 旅游信息 (旅游时间, 旅游费用, 保险, 服务等级, 旅游合同, 旅游团_id, 顾客_身份证号) VALUES ('2021 February', 0, '2', '5', NULL, 6, '1514564197');

INSERT INTO 旅游信息 (旅游时间, 旅游费用, 保险, 服务等级, 旅游合同, 旅游团_id, 顾客_身份证号) VALUES ('2020 January', 0, '3', '4', NULL, 2, '1271836641');

INSERT INTO 旅游信息 (旅游时间, 旅游费用, 保险, 服务等级, 旅游合同, 旅游团_id, 顾客_身份证号) VALUES ('2018 April', 0, '5', '4', NULL, 9, '1045084079');

INSERT INTO 旅游信息 (旅游时间, 旅游费用, 保险, 服务等级, 旅游合同, 旅游团_id, 顾客_身份证号) VALUES ('2023 April', 0, '2', '4', NULL, 1, '2577516948');

INSERT INTO 旅游信息 (旅游时间, 旅游费用, 保险, 服务等级, 旅游合同, 旅游团_id, 顾客_身份证号) VALUES ('2018 May', 0, '3', '4', NULL, 4, '2132288368');

INSERT INTO 旅游信息 (旅游时间, 旅游费用, 保险, 服务等级, 旅游合同, 旅游团_id, 顾客_身份证号) VALUES ('2021 August', 0, '3', '3', NULL, 2, '1011873347');

INSERT INTO 旅游信息 (旅游时间, 旅游费用, 保险, 服务等级, 旅游合同, 旅游团_id, 顾客_身份证号) VALUES ('2020 April', 0, '4', '5', NULL, 10, '1207893154');

INSERT INTO 旅游信息 (旅游时间, 旅游费用, 保险, 服务等级, 旅游合同, 旅游团_id, 顾客_身份证号) VALUES ('2023 March', 0, '3', '5', NULL, 8, '2462529988');

INSERT INTO 旅游信息 (旅游时间, 旅游费用, 保险, 服务等级, 旅游合同, 旅游团_id, 顾客_身份证号) VALUES ('2020 February', 0, '3', '3', NULL, 3, '2047827335');

INSERT INTO 旅游信息 (旅游时间, 旅游费用, 保险, 服务等级, 旅游合同, 旅游团_id, 顾客_身份证号) VALUES ('2021 January', 0, '3', '5', NULL, 2, '1445397933');

INSERT INTO 旅游信息 (旅游时间, 旅游费用, 保险, 服务等级, 旅游合同, 旅游团_id, 顾客_身份证号) VALUES ('2021 August', 0, '5', '4', NULL, 9, '2937219120');

INSERT INTO 旅游信息 (旅游时间, 旅游费用, 保险, 服务等级, 旅游合同, 旅游团_id, 顾客_身份证号) VALUES ('2023 October', 0, '3', '4', NULL, 10, '2912110417');

INSERT INTO 旅游信息 (旅游时间, 旅游费用, 保险, 服务等级, 旅游合同, 旅游团_id, 顾客_身份证号) VALUES ('2020 June', 0, '5', '5', NULL, 6, '2003372061');

INSERT INTO 旅游信息 (旅游时间, 旅游费用, 保险, 服务等级, 旅游合同, 旅游团_id, 顾客_身份证号) VALUES ('2020 February', 0, '4', '4', NULL, 3, '1998991029');

INSERT INTO 旅游信息 (旅游时间, 旅游费用, 保险, 服务等级, 旅游合同, 旅游团_id, 顾客_身份证号) VALUES ('2023 January', 0, '5', '4', NULL, 5, '1297163136');

INSERT INTO 旅游信息 (旅游时间, 旅游费用, 保险, 服务等级, 旅游合同, 旅游团_id, 顾客_身份证号) VALUES ('2019 March', 0, '3', '4', NULL, 2, '1710918293');

INSERT INTO 旅游信息 (旅游时间, 旅游费用, 保险, 服务等级, 旅游合同, 旅游团_id, 顾客_身份证号) VALUES ('2019 February', 0, '3', '4', NULL, 4, '2657614480');

INSERT INTO 旅游信息 (旅游时间, 旅游费用, 保险, 服务等级, 旅游合同, 旅游团_id, 顾客_身份证号) VALUES ('2022 January', 0, '4', '4', NULL, 7, '2759952834');

INSERT INTO 旅游信息 (旅游时间, 旅游费用, 保险, 服务等级, 旅游合同, 旅游团_id, 顾客_身份证号) VALUES ('2021 July', 0, '4', '4', NULL, 3, '2830759521');

INSERT INTO 旅游信息 (旅游时间, 旅游费用, 保险, 服务等级, 旅游合同, 旅游团_id, 顾客_身份证号) VALUES ('2019 June', 0, '1', '4', NULL, 6, '1978154873');

INSERT INTO 旅游信息 (旅游时间, 旅游费用, 保险, 服务等级, 旅游合同, 旅游团_id, 顾客_身份证号) VALUES ('2018 September', 0, '5', '3', NULL, 10, '1211641454');

INSERT INTO 旅游信息 (旅游时间, 旅游费用, 保险, 服务等级, 旅游合同, 旅游团_id, 顾客_身份证号) VALUES ('2023 April', 0, '3', '5', NULL, 1, '2253361078');

INSERT INTO 旅游信息 (旅游时间, 旅游费用, 保险, 服务等级, 旅游合同, 旅游团_id, 顾客_身份证号) VALUES ('2018 October', 0, '3', '4', NULL, 7, '3109245068');

INSERT INTO 旅游信息 (旅游时间, 旅游费用, 保险, 服务等级, 旅游合同, 旅游团_id, 顾客_身份证号) VALUES ('2019 September', 0, '4', '5', NULL, 3, '2671992641');

INSERT INTO 旅游信息 (旅游时间, 旅游费用, 保险, 服务等级, 旅游合同, 旅游团_id, 顾客_身份证号) VALUES ('2020 October', 0, '2', '3', NULL, 2, '1083529400');

INSERT INTO 旅游信息 (旅游时间, 旅游费用, 保险, 服务等级, 旅游合同, 旅游团_id, 顾客_身份证号) VALUES ('2019 May', 0, '4', '4', NULL, 9, '1787657440');

INSERT INTO 旅游信息 (旅游时间, 旅游费用, 保险, 服务等级, 旅游合同, 旅游团_id, 顾客_身份证号) VALUES ('2020 May', 0, '1', '3', NULL, 1, '3123697891');

INSERT INTO 旅游信息 (旅游时间, 旅游费用, 保险, 服务等级, 旅游合同, 旅游团_id, 顾客_身份证号) VALUES ('2022 October', 0, '3', '3', NULL, 8, '1738649434');

INSERT INTO 旅游信息 (旅游时间, 旅游费用, 保险, 服务等级, 旅游合同, 旅游团_id, 顾客_身份证号) VALUES ('2023 March', 0, '1', '4', NULL, 7, '2371831030');

INSERT INTO 旅游信息 (旅游时间, 旅游费用, 保险, 服务等级, 旅游合同, 旅游团_id, 顾客_身份证号) VALUES ('2021 April', 0, '5', '3', NULL, 5, '1672152481');

INSERT INTO 旅游信息 (旅游时间, 旅游费用, 保险, 服务等级, 旅游合同, 旅游团_id, 顾客_身份证号) VALUES ('2020 January', 0, '3', '4', NULL, 2, '1413201659');

INSERT INTO 旅游信息 (旅游时间, 旅游费用, 保险, 服务等级, 旅游合同, 旅游团_id, 顾客_身份证号) VALUES ('2022 March', 0, '5', '5', NULL, 3, '2391508122');

INSERT INTO 旅游信息 (旅游时间, 旅游费用, 保险, 服务等级, 旅游合同, 旅游团_id, 顾客_身份证号) VALUES ('2021 August', 0, '2', '3', NULL, 5, '2735865373');

INSERT INTO 旅游信息 (旅游时间, 旅游费用, 保险, 服务等级, 旅游合同, 旅游团_id, 顾客_身份证号) VALUES ('2019 January', 0, '4', '4', NULL, 1, '1806272161');

INSERT INTO 旅游信息 (旅游时间, 旅游费用, 保险, 服务等级, 旅游合同, 旅游团_id, 顾客_身份证号) VALUES ('2022 August', 0, '3', '5', NULL, 10, '2608679950');

INSERT INTO 旅游信息 (旅游时间, 旅游费用, 保险, 服务等级, 旅游合同, 旅游团_id, 顾客_身份证号) VALUES ('2021 January', 0, '5', '3', NULL, 6, '1031358786');

INSERT INTO 旅游信息 (旅游时间, 旅游费用, 保险, 服务等级, 旅游合同, 旅游团_id, 顾客_身份证号) VALUES ('2021 June', 0, '3', '4', NULL, 9, '2630493635');

INSERT INTO 旅游信息 (旅游时间, 旅游费用, 保险, 服务等级, 旅游合同, 旅游团_id, 顾客_身份证号) VALUES ('2023 February', 0, '2', '5', NULL, 1, '2739328882');

INSERT INTO 旅游信息 (旅游时间, 旅游费用, 保险, 服务等级, 旅游合同, 旅游团_id, 顾客_身份证号) VALUES ('2021 January', 0, '3', '4', NULL, 7, '1564898725');

INSERT INTO 旅游信息 (旅游时间, 旅游费用, 保险, 服务等级, 旅游合同, 旅游团_id, 顾客_身份证号) VALUES ('2023 March', 0, '4', '3', NULL, 3, '2215434370');

INSERT INTO 旅游信息 (旅游时间, 旅游费用, 保险, 服务等级, 旅游合同, 旅游团_id, 顾客_身份证号) VALUES ('2019 August', 0, '3', '5', NULL, 6, '1685146550');

INSERT INTO 旅游信息 (旅游时间, 旅游费用, 保险, 服务等级, 旅游合同, 旅游团_id, 顾客_身份证号) VALUES ('2019 January', 0, '3', '5', NULL, 3, '2100512349');

INSERT INTO 旅游信息 (旅游时间, 旅游费用, 保险, 服务等级, 旅游合同, 旅游团_id, 顾客_身份证号) VALUES ('2020 March', 0, '4', '4', NULL, 4, '2314622201');

INSERT INTO 旅游信息 (旅游时间, 旅游费用, 保险, 服务等级, 旅游合同, 旅游团_id, 顾客_身份证号) VALUES ('2020 August', 0, '4', '3', NULL, 3, '1561988215');

INSERT INTO 旅游信息 (旅游时间, 旅游费用, 保险, 服务等级, 旅游合同, 旅游团_id, 顾客_身份证号) VALUES ('2019 September', 0, '5', '3', NULL, 8, '2154729466');

INSERT INTO 旅游信息 (旅游时间, 旅游费用, 保险, 服务等级, 旅游合同, 旅游团_id, 顾客_身份证号) VALUES ('2023 June', 0, '4', '4', NULL, 1, '2166828358');

INSERT INTO 旅游信息 (旅游时间, 旅游费用, 保险, 服务等级, 旅游合同, 旅游团_id, 顾客_身份证号) VALUES ('2019 March', 0, '3', '3', NULL, 10, '1557704652');

INSERT INTO 旅游信息 (旅游时间, 旅游费用, 保险, 服务等级, 旅游合同, 旅游团_id, 顾客_身份证号) VALUES ('2020 July', 0, '3', '4', NULL, 3, '1005772359');

INSERT INTO 旅游信息 (旅游时间, 旅游费用, 保险, 服务等级, 旅游合同, 旅游团_id, 顾客_身份证号) VALUES ('2021 October', 0, '2', '3', NULL, 8, '2096665934');

INSERT INTO 旅游信息 (旅游时间, 旅游费用, 保险, 服务等级, 旅游合同, 旅游团_id, 顾客_身份证号) VALUES ('2020 April', 0, '3', '5', NULL, 8, '2983337533');

INSERT INTO 旅游信息 (旅游时间, 旅游费用, 保险, 服务等级, 旅游合同, 旅游团_id, 顾客_身份证号) VALUES ('2023 August', 0, '4', '4', NULL, 7, '1709422804');

INSERT INTO 旅游信息 (旅游时间, 旅游费用, 保险, 服务等级, 旅游合同, 旅游团_id, 顾客_身份证号) VALUES ('2021 February', 0, '3', '4', NULL, 8, '1898793745');

INSERT INTO 旅游信息 (旅游时间, 旅游费用, 保险, 服务等级, 旅游合同, 旅游团_id, 顾客_身份证号) VALUES ('2020 July', 0, '4', '5', NULL, 5, '1041736492');

INSERT INTO 旅游信息 (旅游时间, 旅游费用, 保险, 服务等级, 旅游合同, 旅游团_id, 顾客_身份证号) VALUES ('2019 May', 0, '3', '3', NULL, 10, '1861872901');

INSERT INTO 旅游信息 (旅游时间, 旅游费用, 保险, 服务等级, 旅游合同, 旅游团_id, 顾客_身份证号) VALUES ('2019 August', 0, '4', '4', NULL, 3, '2005853435');

INSERT INTO 旅游信息 (旅游时间, 旅游费用, 保险, 服务等级, 旅游合同, 旅游团_id, 顾客_身份证号) VALUES ('2022 May', 0, '2', '4', NULL, 8, '1365106995');

INSERT INTO 旅游信息 (旅游时间, 旅游费用, 保险, 服务等级, 旅游合同, 旅游团_id, 顾客_身份证号) VALUES ('2018 September', 0, '1', '5', NULL, 6, '2638222373');

INSERT INTO 旅游信息 (旅游时间, 旅游费用, 保险, 服务等级, 旅游合同, 旅游团_id, 顾客_身份证号) VALUES ('2019 January', 0, '3', '3', NULL, 8, '1669722854');

INSERT INTO 旅游信息 (旅游时间, 旅游费用, 保险, 服务等级, 旅游合同, 旅游团_id, 顾客_身份证号) VALUES ('2023 April', 0, '1', '4', NULL, 8, '2071113449');

INSERT INTO 旅游信息 (旅游时间, 旅游费用, 保险, 服务等级, 旅游合同, 旅游团_id, 顾客_身份证号) VALUES ('2023 May', 0, '3', '4', NULL, 6, '1032407086');

INSERT INTO 旅游信息 (旅游时间, 旅游费用, 保险, 服务等级, 旅游合同, 旅游团_id, 顾客_身份证号) VALUES ('2019 January', 0, '2', '4', NULL, 4, '1997403407');

INSERT INTO 旅游信息 (旅游时间, 旅游费用, 保险, 服务等级, 旅游合同, 旅游团_id, 顾客_身份证号) VALUES ('2021 May', 0, '2', '3', NULL, 10, '1189765576');

INSERT INTO 旅游信息 (旅游时间, 旅游费用, 保险, 服务等级, 旅游合同, 旅游团_id, 顾客_身份证号) VALUES ('2022 February', 0, '4', '4', NULL, 4, '2450986863');

INSERT INTO 旅游信息 (旅游时间, 旅游费用, 保险, 服务等级, 旅游合同, 旅游团_id, 顾客_身份证号) VALUES ('2021 July', 0, '4', '4', NULL, 2, '1159515602');

INSERT INTO 旅游信息 (旅游时间, 旅游费用, 保险, 服务等级, 旅游合同, 旅游团_id, 顾客_身份证号) VALUES ('2019 April', 0, '4', '4', NULL, 5, '2617824439');

INSERT INTO 旅游信息 (旅游时间, 旅游费用, 保险, 服务等级, 旅游合同, 旅游团_id, 顾客_身份证号) VALUES ('2023 February', 0, '1', '4', NULL, 4, '1748333109');

INSERT INTO 旅游信息 (旅游时间, 旅游费用, 保险, 服务等级, 旅游合同, 旅游团_id, 顾客_身份证号) VALUES ('2019 August', 0, '5', '4', NULL, 9, '1701443157');

INSERT INTO 旅游信息 (旅游时间, 旅游费用, 保险, 服务等级, 旅游合同, 旅游团_id, 顾客_身份证号) VALUES ('2020 January', 0, '2', '3', NULL, 3, '1667945744');

INSERT INTO 旅游信息 (旅游时间, 旅游费用, 保险, 服务等级, 旅游合同, 旅游团_id, 顾客_身份证号) VALUES ('2022 July', 0, '2', '3', NULL, 6, '2630493635');

INSERT INTO 旅游信息 (旅游时间, 旅游费用, 保险, 服务等级, 旅游合同, 旅游团_id, 顾客_身份证号) VALUES ('2019 January', 0, '2', '4', NULL, 1, '1975434532');

INSERT INTO 旅游信息 (旅游时间, 旅游费用, 保险, 服务等级, 旅游合同, 旅游团_id, 顾客_身份证号) VALUES ('2022 June', 0, '1', '3', NULL, 8, '2146535345');

INSERT INTO 旅游信息 (旅游时间, 旅游费用, 保险, 服务等级, 旅游合同, 旅游团_id, 顾客_身份证号) VALUES ('2022 June', 0, '4', '4', NULL, 3, '2483250944');

INSERT INTO 旅游信息 (旅游时间, 旅游费用, 保险, 服务等级, 旅游合同, 旅游团_id, 顾客_身份证号) VALUES ('2018 April', 0, '2', '4', NULL, 5, '2111004059');

INSERT INTO 旅游信息 (旅游时间, 旅游费用, 保险, 服务等级, 旅游合同, 旅游团_id, 顾客_身份证号) VALUES ('2023 May', 0, '3', '5', NULL, 5, '2240911586');

INSERT INTO 旅游信息 (旅游时间, 旅游费用, 保险, 服务等级, 旅游合同, 旅游团_id, 顾客_身份证号) VALUES ('2018 February', 0, '3', '5', NULL, 3, '1488957507');

INSERT INTO 旅游信息 (旅游时间, 旅游费用, 保险, 服务等级, 旅游合同, 旅游团_id, 顾客_身份证号) VALUES ('2022 May', 0, '3', '4', NULL, 5, '1439514663');

INSERT INTO 旅游信息 (旅游时间, 旅游费用, 保险, 服务等级, 旅游合同, 旅游团_id, 顾客_身份证号) VALUES ('2018 October', 0, '5', '4', NULL, 5, '1988138262');

INSERT INTO 旅游信息 (旅游时间, 旅游费用, 保险, 服务等级, 旅游合同, 旅游团_id, 顾客_身份证号) VALUES ('2023 August', 0, '4', '4', NULL, 3, '2261933882');

INSERT INTO 旅游信息 (旅游时间, 旅游费用, 保险, 服务等级, 旅游合同, 旅游团_id, 顾客_身份证号) VALUES ('2018 January', 0, '4', '5', NULL, 6, '1278620553');

INSERT INTO 旅游信息 (旅游时间, 旅游费用, 保险, 服务等级, 旅游合同, 旅游团_id, 顾客_身份证号) VALUES ('2020 July', 0, '1', '5', NULL, 7, '1557704652');

INSERT INTO 旅游信息 (旅游时间, 旅游费用, 保险, 服务等级, 旅游合同, 旅游团_id, 顾客_身份证号) VALUES ('2023 May', 0, '4', '5', NULL, 7, '2381573051');

INSERT INTO 旅游信息 (旅游时间, 旅游费用, 保险, 服务等级, 旅游合同, 旅游团_id, 顾客_身份证号) VALUES ('2021 April', 0, '4', '4', NULL, 7, '2568767704');

INSERT INTO 旅游信息 (旅游时间, 旅游费用, 保险, 服务等级, 旅游合同, 旅游团_id, 顾客_身份证号) VALUES ('2021 September', 0, '5', '4', NULL, 5, '2233138124');

INSERT INTO 旅游信息 (旅游时间, 旅游费用, 保险, 服务等级, 旅游合同, 旅游团_id, 顾客_身份证号) VALUES ('2018 October', 0, '4', '5', NULL, 4, '1959522660');

INSERT INTO 旅游信息 (旅游时间, 旅游费用, 保险, 服务等级, 旅游合同, 旅游团_id, 顾客_身份证号) VALUES ('2023 September', 0, '2', '4', NULL, 6, '3051066014');

INSERT INTO 旅游信息 (旅游时间, 旅游费用, 保险, 服务等级, 旅游合同, 旅游团_id, 顾客_身份证号) VALUES ('2022 August', 0, '4', '3', NULL, 9, '1332562569');

INSERT INTO 旅游信息 (旅游时间, 旅游费用, 保险, 服务等级, 旅游合同, 旅游团_id, 顾客_身份证号) VALUES ('2022 September', 0, '3', '4', NULL, 2, '2487576090');

INSERT INTO 旅游信息 (旅游时间, 旅游费用, 保险, 服务等级, 旅游合同, 旅游团_id, 顾客_身份证号) VALUES ('2023 February', 0, '1', '4', NULL, 5, '1423284658');

INSERT INTO 旅游信息 (旅游时间, 旅游费用, 保险, 服务等级, 旅游合同, 旅游团_id, 顾客_身份证号) VALUES ('2019 August', 0, '3', '3', NULL, 9, '2780735158');

INSERT INTO 旅游信息 (旅游时间, 旅游费用, 保险, 服务等级, 旅游合同, 旅游团_id, 顾客_身份证号) VALUES ('2019 August', 0, '2', '3', NULL, 3, '3012492005');

INSERT INTO 旅游信息 (旅游时间, 旅游费用, 保险, 服务等级, 旅游合同, 旅游团_id, 顾客_身份证号) VALUES ('2023 June', 0, '2', '4', NULL, 4, '1263225371');

INSERT INTO 旅游信息 (旅游时间, 旅游费用, 保险, 服务等级, 旅游合同, 旅游团_id, 顾客_身份证号) VALUES ('2020 October', 0, '2', '4', NULL, 9, '2830759521');

INSERT INTO 旅游信息 (旅游时间, 旅游费用, 保险, 服务等级, 旅游合同, 旅游团_id, 顾客_身份证号) VALUES ('2018 March', 0, '1', '4', NULL, 8, '1321512501');

INSERT INTO 旅游信息 (旅游时间, 旅游费用, 保险, 服务等级, 旅游合同, 旅游团_id, 顾客_身份证号) VALUES ('2022 May', 0, '4', '4', NULL, 1, '2204663433');

INSERT INTO 旅游信息 (旅游时间, 旅游费用, 保险, 服务等级, 旅游合同, 旅游团_id, 顾客_身份证号) VALUES ('2020 February', 0, '4', '3', NULL, 8, '2047827335');

INSERT INTO 旅游信息 (旅游时间, 旅游费用, 保险, 服务等级, 旅游合同, 旅游团_id, 顾客_身份证号) VALUES ('2019 February', 0, '3', '4', NULL, 8, '2947509711');

INSERT INTO 旅游信息 (旅游时间, 旅游费用, 保险, 服务等级, 旅游合同, 旅游团_id, 顾客_身份证号) VALUES ('2022 May', 0, '1', '4', NULL, 3, '1650427775');

INSERT INTO 旅游信息 (旅游时间, 旅游费用, 保险, 服务等级, 旅游合同, 旅游团_id, 顾客_身份证号) VALUES ('2019 February', 0, '3', '4', NULL, 9, '2071634781');

INSERT INTO 旅游信息 (旅游时间, 旅游费用, 保险, 服务等级, 旅游合同, 旅游团_id, 顾客_身份证号) VALUES ('2021 January', 0, '4', '4', NULL, 4, '1031358786');

INSERT INTO 旅游信息 (旅游时间, 旅游费用, 保险, 服务等级, 旅游合同, 旅游团_id, 顾客_身份证号) VALUES ('2019 August', 0, '3', '4', NULL, 8, '1479722733');

INSERT INTO 旅游信息 (旅游时间, 旅游费用, 保险, 服务等级, 旅游合同, 旅游团_id, 顾客_身份证号) VALUES ('2022 May', 0, '2', '4', NULL, 9, '2538727121');

INSERT INTO 旅游信息 (旅游时间, 旅游费用, 保险, 服务等级, 旅游合同, 旅游团_id, 顾客_身份证号) VALUES ('2021 July', 0, '1', '5', NULL, 6, '1296519340');

INSERT INTO 旅游信息 (旅游时间, 旅游费用, 保险, 服务等级, 旅游合同, 旅游团_id, 顾客_身份证号) VALUES ('2018 September', 0, '5', '4', NULL, 9, '1997403407');

INSERT INTO 旅游信息 (旅游时间, 旅游费用, 保险, 服务等级, 旅游合同, 旅游团_id, 顾客_身份证号) VALUES ('2018 September', 0, '1', '5', NULL, 2, '2146535345');

INSERT INTO 旅游信息 (旅游时间, 旅游费用, 保险, 服务等级, 旅游合同, 旅游团_id, 顾客_身份证号) VALUES ('2018 April', 0, '4', '4', NULL, 2, '1041450877');

INSERT INTO 旅游信息 (旅游时间, 旅游费用, 保险, 服务等级, 旅游合同, 旅游团_id, 顾客_身份证号) VALUES ('2023 March', 0, '4', '5', NULL, 2, '2234724305');

INSERT INTO 旅游信息 (旅游时间, 旅游费用, 保险, 服务等级, 旅游合同, 旅游团_id, 顾客_身份证号) VALUES ('2019 July', 0, '2', '3', NULL, 7, '2779898237');

INSERT INTO 旅游信息 (旅游时间, 旅游费用, 保险, 服务等级, 旅游合同, 旅游团_id, 顾客_身份证号) VALUES ('2019 October', 0, '2', '5', NULL, 4, '2041116339');

INSERT INTO 旅游信息 (旅游时间, 旅游费用, 保险, 服务等级, 旅游合同, 旅游团_id, 顾客_身份证号) VALUES ('2018 March', 0, '3', '4', NULL, 1, '2538727121');

INSERT INTO 旅游信息 (旅游时间, 旅游费用, 保险, 服务等级, 旅游合同, 旅游团_id, 顾客_身份证号) VALUES ('2019 January', 0, '2', '5', NULL, 4, '1663866841');

INSERT INTO 旅游信息 (旅游时间, 旅游费用, 保险, 服务等级, 旅游合同, 旅游团_id, 顾客_身份证号) VALUES ('2021 July', 0, '3', '5', NULL, 4, '1955679779');

INSERT INTO 旅游信息 (旅游时间, 旅游费用, 保险, 服务等级, 旅游合同, 旅游团_id, 顾客_身份证号) VALUES ('2020 February', 0, '3', '5', NULL, 3, '1219959288');

INSERT INTO 旅游信息 (旅游时间, 旅游费用, 保险, 服务等级, 旅游合同, 旅游团_id, 顾客_身份证号) VALUES ('2021 March', 0, '2', '4', NULL, 2, '1458713248');

INSERT INTO 旅游信息 (旅游时间, 旅游费用, 保险, 服务等级, 旅游合同, 旅游团_id, 顾客_身份证号) VALUES ('2020 August', 0, '1', '3', NULL, 1, '2021688427');

INSERT INTO 旅游信息 (旅游时间, 旅游费用, 保险, 服务等级, 旅游合同, 旅游团_id, 顾客_身份证号) VALUES ('2023 January', 0, '2', '4', NULL, 1, '2337225032');

INSERT INTO 旅游信息 (旅游时间, 旅游费用, 保险, 服务等级, 旅游合同, 旅游团_id, 顾客_身份证号) VALUES ('2020 July', 0, '2', '4', NULL, 8, '2653135058');

INSERT INTO 旅游信息 (旅游时间, 旅游费用, 保险, 服务等级, 旅游合同, 旅游团_id, 顾客_身份证号) VALUES ('2019 April', 0, '5', '4', NULL, 2, '2300497811');

INSERT INTO 旅游信息 (旅游时间, 旅游费用, 保险, 服务等级, 旅游合同, 旅游团_id, 顾客_身份证号) VALUES ('2018 July', 0, '3', '4', NULL, 9, '1914182413');

INSERT INTO 旅游信息 (旅游时间, 旅游费用, 保险, 服务等级, 旅游合同, 旅游团_id, 顾客_身份证号) VALUES ('2023 January', 0, '2', '4', NULL, 9, '1626564697');

INSERT INTO 旅游信息 (旅游时间, 旅游费用, 保险, 服务等级, 旅游合同, 旅游团_id, 顾客_身份证号) VALUES ('2018 June', 0, '1', '4', NULL, 10, '1814232820');

INSERT INTO 旅游信息 (旅游时间, 旅游费用, 保险, 服务等级, 旅游合同, 旅游团_id, 顾客_身份证号) VALUES ('2023 June', 0, '4', '5', NULL, 8, '2228303112');

INSERT INTO 旅游信息 (旅游时间, 旅游费用, 保险, 服务等级, 旅游合同, 旅游团_id, 顾客_身份证号) VALUES ('2019 September', 0, '2', '5', NULL, 8, '1041736492');

INSERT INTO 旅游信息 (旅游时间, 旅游费用, 保险, 服务等级, 旅游合同, 旅游团_id, 顾客_身份证号) VALUES ('2020 September', 0, '3', '4', NULL, 5, '1208483182');

INSERT INTO 旅游信息 (旅游时间, 旅游费用, 保险, 服务等级, 旅游合同, 旅游团_id, 顾客_身份证号) VALUES ('2020 May', 0, '4', '4', NULL, 1, '2219262961');

INSERT INTO 旅游信息 (旅游时间, 旅游费用, 保险, 服务等级, 旅游合同, 旅游团_id, 顾客_身份证号) VALUES ('2019 July', 0, '3', '4', NULL, 9, '3056777928');

INSERT INTO 旅游信息 (旅游时间, 旅游费用, 保险, 服务等级, 旅游合同, 旅游团_id, 顾客_身份证号) VALUES ('2019 September', 0, '3', '4', NULL, 2, '2617824439');

INSERT INTO 旅游信息 (旅游时间, 旅游费用, 保险, 服务等级, 旅游合同, 旅游团_id, 顾客_身份证号) VALUES ('2021 April', 0, '3', '3', NULL, 4, '1538235101');

INSERT INTO 旅游信息 (旅游时间, 旅游费用, 保险, 服务等级, 旅游合同, 旅游团_id, 顾客_身份证号) VALUES ('2023 September', 0, '2', '4', NULL, 7, '2941330349');

INSERT INTO 旅游信息 (旅游时间, 旅游费用, 保险, 服务等级, 旅游合同, 旅游团_id, 顾客_身份证号) VALUES ('2023 April', 0, '3', '3', NULL, 9, '2759952834');

INSERT INTO 旅游信息 (旅游时间, 旅游费用, 保险, 服务等级, 旅游合同, 旅游团_id, 顾客_身份证号) VALUES ('2019 July', 0, '4', '3', NULL, 3, '1631124318');

INSERT INTO 旅游信息 (旅游时间, 旅游费用, 保险, 服务等级, 旅游合同, 旅游团_id, 顾客_身份证号) VALUES ('2018 January', 0, '3', '4', NULL, 3, '2005853435');

INSERT INTO 旅游信息 (旅游时间, 旅游费用, 保险, 服务等级, 旅游合同, 旅游团_id, 顾客_身份证号) VALUES ('2021 September', 0, '4', '4', NULL, 9, '2564161487');

INSERT INTO 旅游信息 (旅游时间, 旅游费用, 保险, 服务等级, 旅游合同, 旅游团_id, 顾客_身份证号) VALUES ('2023 October', 0, '2', '4', NULL, 8, '3056777928');

INSERT INTO 旅游信息 (旅游时间, 旅游费用, 保险, 服务等级, 旅游合同, 旅游团_id, 顾客_身份证号) VALUES ('2018 February', 0, '4', '5', NULL, 2, '2439285648');

INSERT INTO 旅游信息 (旅游时间, 旅游费用, 保险, 服务等级, 旅游合同, 旅游团_id, 顾客_身份证号) VALUES ('2023 July', 0, '4', '4', NULL, 9, '2483250944');

INSERT INTO 旅游信息 (旅游时间, 旅游费用, 保险, 服务等级, 旅游合同, 旅游团_id, 顾客_身份证号) VALUES ('2020 April', 0, '2', '5', NULL, 9, '2631676509');

INSERT INTO 旅游信息 (旅游时间, 旅游费用, 保险, 服务等级, 旅游合同, 旅游团_id, 顾客_身份证号) VALUES ('2019 July', 0, '3', '4', NULL, 2, '1867724189');

INSERT INTO 旅游信息 (旅游时间, 旅游费用, 保险, 服务等级, 旅游合同, 旅游团_id, 顾客_身份证号) VALUES ('2023 June', 0, '4', '5', NULL, 8, '2089658218');

INSERT INTO 旅游信息 (旅游时间, 旅游费用, 保险, 服务等级, 旅游合同, 旅游团_id, 顾客_身份证号) VALUES ('2022 August', 0, '2', '4', NULL, 9, '2699914781');

INSERT INTO 旅游信息 (旅游时间, 旅游费用, 保险, 服务等级, 旅游合同, 旅游团_id, 顾客_身份证号) VALUES ('2019 July', 0, '5', '5', NULL, 10, '2216490444');

INSERT INTO 旅游信息 (旅游时间, 旅游费用, 保险, 服务等级, 旅游合同, 旅游团_id, 顾客_身份证号) VALUES ('2018 July', 0, '1', '4', NULL, 8, '2183691141');

INSERT INTO 旅游信息 (旅游时间, 旅游费用, 保险, 服务等级, 旅游合同, 旅游团_id, 顾客_身份证号) VALUES ('2022 May', 0, '3', '3', NULL, 6, '3016091476');

INSERT INTO 旅游信息 (旅游时间, 旅游费用, 保险, 服务等级, 旅游合同, 旅游团_id, 顾客_身份证号) VALUES ('2021 July', 0, '3', '3', NULL, 2, '1643850362');

INSERT INTO 旅游信息 (旅游时间, 旅游费用, 保险, 服务等级, 旅游合同, 旅游团_id, 顾客_身份证号) VALUES ('2018 September', 0, '4', '4', NULL, 7, '1649593152');

INSERT INTO 旅游信息 (旅游时间, 旅游费用, 保险, 服务等级, 旅游合同, 旅游团_id, 顾客_身份证号) VALUES ('2023 August', 0, '4', '3', NULL, 7, '3009094017');

INSERT INTO 旅游信息 (旅游时间, 旅游费用, 保险, 服务等级, 旅游合同, 旅游团_id, 顾客_身份证号) VALUES ('2020 January', 0, '3', '4', NULL, 5, '2052418777');

INSERT INTO 旅游信息 (旅游时间, 旅游费用, 保险, 服务等级, 旅游合同, 旅游团_id, 顾客_身份证号) VALUES ('2018 August', 0, '4', '5', NULL, 8, '2493722562');

INSERT INTO 旅游信息 (旅游时间, 旅游费用, 保险, 服务等级, 旅游合同, 旅游团_id, 顾客_身份证号) VALUES ('2018 October', 0, '4', '5', NULL, 4, '2735865373');

INSERT INTO 旅游信息 (旅游时间, 旅游费用, 保险, 服务等级, 旅游合同, 旅游团_id, 顾客_身份证号) VALUES ('2020 October', 0, '2', '4', NULL, 9, '2079045374');

INSERT INTO 旅游信息 (旅游时间, 旅游费用, 保险, 服务等级, 旅游合同, 旅游团_id, 顾客_身份证号) VALUES ('2018 June', 0, '2', '4', NULL, 6, '1138237033');

INSERT INTO 旅游信息 (旅游时间, 旅游费用, 保险, 服务等级, 旅游合同, 旅游团_id, 顾客_身份证号) VALUES ('2020 March', 0, '3', '4', NULL, 5, '2955834599');

INSERT INTO 旅游信息 (旅游时间, 旅游费用, 保险, 服务等级, 旅游合同, 旅游团_id, 顾客_身份证号) VALUES ('2018 March', 0, '4', '5', NULL, 8, '1480156570');

INSERT INTO 旅游信息 (旅游时间, 旅游费用, 保险, 服务等级, 旅游合同, 旅游团_id, 顾客_身份证号) VALUES ('2019 September', 0, '2', '3', NULL, 5, '2933454676');

INSERT INTO 旅游信息 (旅游时间, 旅游费用, 保险, 服务等级, 旅游合同, 旅游团_id, 顾客_身份证号) VALUES ('2022 February', 0, '4', '5', NULL, 3, '1388579143');

INSERT INTO 旅游信息 (旅游时间, 旅游费用, 保险, 服务等级, 旅游合同, 旅游团_id, 顾客_身份证号) VALUES ('2019 March', 0, '5', '5', NULL, 9, '1656496854');

INSERT INTO 旅游信息 (旅游时间, 旅游费用, 保险, 服务等级, 旅游合同, 旅游团_id, 顾客_身份证号) VALUES ('2021 May', 0, '4', '5', NULL, 5, '2995496451');

INSERT INTO 旅游信息 (旅游时间, 旅游费用, 保险, 服务等级, 旅游合同, 旅游团_id, 顾客_身份证号) VALUES ('2018 May', 0, '3', '4', NULL, 2, '1735028908');

INSERT INTO 旅游信息 (旅游时间, 旅游费用, 保险, 服务等级, 旅游合同, 旅游团_id, 顾客_身份证号) VALUES ('2018 May', 0, '5', '4', NULL, 4, '1891889574');

INSERT INTO 旅游信息 (旅游时间, 旅游费用, 保险, 服务等级, 旅游合同, 旅游团_id, 顾客_身份证号) VALUES ('2022 May', 0, '1', '4', NULL, 7, '1589685313');

INSERT INTO 旅游信息 (旅游时间, 旅游费用, 保险, 服务等级, 旅游合同, 旅游团_id, 顾客_身份证号) VALUES ('2020 July', 0, '5', '3', NULL, 6, '2647175269');

INSERT INTO 旅游信息 (旅游时间, 旅游费用, 保险, 服务等级, 旅游合同, 旅游团_id, 顾客_身份证号) VALUES ('2023 February', 0, '4', '5', NULL, 5, '1143663690');

INSERT INTO 旅游信息 (旅游时间, 旅游费用, 保险, 服务等级, 旅游合同, 旅游团_id, 顾客_身份证号) VALUES ('2019 April', 0, '4', '3', NULL, 4, '2934403127');

INSERT INTO 旅游信息 (旅游时间, 旅游费用, 保险, 服务等级, 旅游合同, 旅游团_id, 顾客_身份证号) VALUES ('2020 August', 0, '4', '4', NULL, 2, '2603036363');

INSERT INTO 旅游信息 (旅游时间, 旅游费用, 保险, 服务等级, 旅游合同, 旅游团_id, 顾客_身份证号) VALUES ('2018 October', 0, '4', '4', NULL, 10, '1045084079');

INSERT INTO 旅游信息 (旅游时间, 旅游费用, 保险, 服务等级, 旅游合同, 旅游团_id, 顾客_身份证号) VALUES ('2023 July', 0, '1', '4', NULL, 5, '1259040497');

INSERT INTO 旅游信息 (旅游时间, 旅游费用, 保险, 服务等级, 旅游合同, 旅游团_id, 顾客_身份证号) VALUES ('2018 October', 0, '4', '4', NULL, 7, '2903090526');

INSERT INTO 旅游信息 (旅游时间, 旅游费用, 保险, 服务等级, 旅游合同, 旅游团_id, 顾客_身份证号) VALUES ('2021 June', 0, '2', '4', NULL, 8, '2397182750');

INSERT INTO 旅游信息 (旅游时间, 旅游费用, 保险, 服务等级, 旅游合同, 旅游团_id, 顾客_身份证号) VALUES ('2023 April', 0, '5', '4', NULL, 8, '1541988354');

INSERT INTO 旅游信息 (旅游时间, 旅游费用, 保险, 服务等级, 旅游合同, 旅游团_id, 顾客_身份证号) VALUES ('2021 July', 0, '5', '3', NULL, 1, '2535160397');

INSERT INTO 旅游信息 (旅游时间, 旅游费用, 保险, 服务等级, 旅游合同, 旅游团_id, 顾客_身份证号) VALUES ('2021 April', 0, '4', '3', NULL, 9, '2999195657');

INSERT INTO 旅游信息 (旅游时间, 旅游费用, 保险, 服务等级, 旅游合同, 旅游团_id, 顾客_身份证号) VALUES ('2023 June', 0, '2', '5', NULL, 10, '1083529400');

INSERT INTO 旅游信息 (旅游时间, 旅游费用, 保险, 服务等级, 旅游合同, 旅游团_id, 顾客_身份证号) VALUES ('2022 October', 0, '5', '4', NULL, 6, '1218764373');

INSERT INTO 旅游信息 (旅游时间, 旅游费用, 保险, 服务等级, 旅游合同, 旅游团_id, 顾客_身份证号) VALUES ('2021 March', 0, '4', '5', NULL, 9, '1577416464');

INSERT INTO 旅游信息 (旅游时间, 旅游费用, 保险, 服务等级, 旅游合同, 旅游团_id, 顾客_身份证号) VALUES ('2019 March', 0, '4', '5', NULL, 5, '2826938596');

INSERT INTO 旅游信息 (旅游时间, 旅游费用, 保险, 服务等级, 旅游合同, 旅游团_id, 顾客_身份证号) VALUES ('2022 March', 0, '5', '4', NULL, 2, '2215434370');

INSERT INTO 旅游信息 (旅游时间, 旅游费用, 保险, 服务等级, 旅游合同, 旅游团_id, 顾客_身份证号) VALUES ('2018 May', 0, '2', '4', NULL, 9, '3036991558');

INSERT INTO 旅游信息 (旅游时间, 旅游费用, 保险, 服务等级, 旅游合同, 旅游团_id, 顾客_身份证号) VALUES ('2018 July', 0, '5', '3', NULL, 7, '1814232820');

INSERT INTO 旅游信息 (旅游时间, 旅游费用, 保险, 服务等级, 旅游合同, 旅游团_id, 顾客_身份证号) VALUES ('2020 January', 0, '3', '4', NULL, 2, '2290047132');

INSERT INTO 旅游信息 (旅游时间, 旅游费用, 保险, 服务等级, 旅游合同, 旅游团_id, 顾客_身份证号) VALUES ('2018 June', 0, '2', '5', NULL, 2, '1542379799');

INSERT INTO 旅游信息 (旅游时间, 旅游费用, 保险, 服务等级, 旅游合同, 旅游团_id, 顾客_身份证号) VALUES ('2020 January', 0, '3', '3', NULL, 4, '1290513124');

INSERT INTO 旅游信息 (旅游时间, 旅游费用, 保险, 服务等级, 旅游合同, 旅游团_id, 顾客_身份证号) VALUES ('2020 October', 0, '1', '3', NULL, 7, '2041116339');

INSERT INTO 旅游信息 (旅游时间, 旅游费用, 保险, 服务等级, 旅游合同, 旅游团_id, 顾客_身份证号) VALUES ('2020 May', 0, '5', '5', NULL, 2, '3107414589');

INSERT INTO 旅游信息 (旅游时间, 旅游费用, 保险, 服务等级, 旅游合同, 旅游团_id, 顾客_身份证号) VALUES ('2020 April', 0, '4', '4', NULL, 3, '2941330349');

INSERT INTO 旅游信息 (旅游时间, 旅游费用, 保险, 服务等级, 旅游合同, 旅游团_id, 顾客_身份证号) VALUES ('2018 March', 0, '4', '3', NULL, 2, '2989942298');

INSERT INTO 旅游信息 (旅游时间, 旅游费用, 保险, 服务等级, 旅游合同, 旅游团_id, 顾客_身份证号) VALUES ('2021 May', 0, '2', '3', NULL, 7, '1928611833');

INSERT INTO 旅游信息 (旅游时间, 旅游费用, 保险, 服务等级, 旅游合同, 旅游团_id, 顾客_身份证号) VALUES ('2023 February', 0, '1', '5', NULL, 6, '1069281062');

INSERT INTO 旅游信息 (旅游时间, 旅游费用, 保险, 服务等级, 旅游合同, 旅游团_id, 顾客_身份证号) VALUES ('2022 February', 0, '4', '3', NULL, 1, '1667945744');

INSERT INTO 旅游信息 (旅游时间, 旅游费用, 保险, 服务等级, 旅游合同, 旅游团_id, 顾客_身份证号) VALUES ('2021 May', 0, '5', '4', NULL, 6, '1138532389');

INSERT INTO 旅游信息 (旅游时间, 旅游费用, 保险, 服务等级, 旅游合同, 旅游团_id, 顾客_身份证号) VALUES ('2019 July', 0, '4', '4', NULL, 2, '3036991558');

INSERT INTO 旅游信息 (旅游时间, 旅游费用, 保险, 服务等级, 旅游合同, 旅游团_id, 顾客_身份证号) VALUES ('2023 May', 0, '2', '4', NULL, 8, '2950490589');

INSERT INTO 旅游信息 (旅游时间, 旅游费用, 保险, 服务等级, 旅游合同, 旅游团_id, 顾客_身份证号) VALUES ('2020 September', 0, '4', '4', NULL, 4, '2100512349');

INSERT INTO 旅游信息 (旅游时间, 旅游费用, 保险, 服务等级, 旅游合同, 旅游团_id, 顾客_身份证号) VALUES ('2022 July', 0, '2', '5', NULL, 7, '2832896985');

INSERT INTO 旅游信息 (旅游时间, 旅游费用, 保险, 服务等级, 旅游合同, 旅游团_id, 顾客_身份证号) VALUES ('2022 April', 0, '2', '4', NULL, 4, '2893081288');

INSERT INTO 旅游信息 (旅游时间, 旅游费用, 保险, 服务等级, 旅游合同, 旅游团_id, 顾客_身份证号) VALUES ('2019 July', 0, '4', '3', NULL, 9, '2218457767');

INSERT INTO 旅游信息 (旅游时间, 旅游费用, 保险, 服务等级, 旅游合同, 旅游团_id, 顾客_身份证号) VALUES ('2022 May', 0, '1', '3', NULL, 8, '2642077827');

INSERT INTO 旅游信息 (旅游时间, 旅游费用, 保险, 服务等级, 旅游合同, 旅游团_id, 顾客_身份证号) VALUES ('2018 April', 0, '2', '4', NULL, 4, '1256916668');

INSERT INTO 旅游信息 (旅游时间, 旅游费用, 保险, 服务等级, 旅游合同, 旅游团_id, 顾客_身份证号) VALUES ('2018 May', 0, '2', '4', NULL, 3, '1694259031');

INSERT INTO 旅游信息 (旅游时间, 旅游费用, 保险, 服务等级, 旅游合同, 旅游团_id, 顾客_身份证号) VALUES ('2020 January', 0, '4', '3', NULL, 7, '1746166032');

INSERT INTO 旅游信息 (旅游时间, 旅游费用, 保险, 服务等级, 旅游合同, 旅游团_id, 顾客_身份证号) VALUES ('2023 June', 0, '4', '4', NULL, 8, '1480156570');

INSERT INTO 旅游信息 (旅游时间, 旅游费用, 保险, 服务等级, 旅游合同, 旅游团_id, 顾客_身份证号) VALUES ('2018 January', 0, '1', '4', NULL, 8, '1510692686');

INSERT INTO 旅游信息 (旅游时间, 旅游费用, 保险, 服务等级, 旅游合同, 旅游团_id, 顾客_身份证号) VALUES ('2023 October', 0, '4', '4', NULL, 7, '1775684725');

INSERT INTO 旅游信息 (旅游时间, 旅游费用, 保险, 服务等级, 旅游合同, 旅游团_id, 顾客_身份证号) VALUES ('2019 January', 0, '3', '4', NULL, 7, '2395307619');

INSERT INTO 旅游信息 (旅游时间, 旅游费用, 保险, 服务等级, 旅游合同, 旅游团_id, 顾客_身份证号) VALUES ('2023 September', 0, '2', '3', NULL, 3, '2128088242');

INSERT INTO 旅游信息 (旅游时间, 旅游费用, 保险, 服务等级, 旅游合同, 旅游团_id, 顾客_身份证号) VALUES ('2020 October', 0, '3', '4', NULL, 2, '2402428731');

INSERT INTO 旅游信息 (旅游时间, 旅游费用, 保险, 服务等级, 旅游合同, 旅游团_id, 顾客_身份证号) VALUES ('2020 August', 0, '2', '4', NULL, 6, '2099250641');

INSERT INTO 旅游信息 (旅游时间, 旅游费用, 保险, 服务等级, 旅游合同, 旅游团_id, 顾客_身份证号) VALUES ('2021 June', 0, '2', '4', NULL, 6, '2523712405');

INSERT INTO 旅游信息 (旅游时间, 旅游费用, 保险, 服务等级, 旅游合同, 旅游团_id, 顾客_身份证号) VALUES ('2021 July', 0, '4', '3', NULL, 5, '1589685313');

INSERT INTO 旅游信息 (旅游时间, 旅游费用, 保险, 服务等级, 旅游合同, 旅游团_id, 顾客_身份证号) VALUES ('2019 October', 0, '2', '3', NULL, 8, '2780735158');

INSERT INTO 旅游信息 (旅游时间, 旅游费用, 保险, 服务等级, 旅游合同, 旅游团_id, 顾客_身份证号) VALUES ('2021 May', 0, '4', '4', NULL, 5, '2684230697');

INSERT INTO 旅游信息 (旅游时间, 旅游费用, 保险, 服务等级, 旅游合同, 旅游团_id, 顾客_身份证号) VALUES ('2023 May', 0, '5', '5', NULL, 1, '2808080940');

INSERT INTO 旅游信息 (旅游时间, 旅游费用, 保险, 服务等级, 旅游合同, 旅游团_id, 顾客_身份证号) VALUES ('2023 February', 0, '4', '3', NULL, 9, '2943239368');

INSERT INTO 旅游信息 (旅游时间, 旅游费用, 保险, 服务等级, 旅游合同, 旅游团_id, 顾客_身份证号) VALUES ('2019 January', 0, '5', '3', NULL, 4, '1266252378');

INSERT INTO 旅游信息 (旅游时间, 旅游费用, 保险, 服务等级, 旅游合同, 旅游团_id, 顾客_身份证号) VALUES ('2023 March', 0, '2', '4', NULL, 10, '1857410820');

INSERT INTO 旅游信息 (旅游时间, 旅游费用, 保险, 服务等级, 旅游合同, 旅游团_id, 顾客_身份证号) VALUES ('2019 April', 0, '2', '4', NULL, 9, '1896256687');

INSERT INTO 旅游信息 (旅游时间, 旅游费用, 保险, 服务等级, 旅游合同, 旅游团_id, 顾客_身份证号) VALUES ('2020 July', 0, '2', '3', NULL, 2, '1864072449');

INSERT INTO 旅游信息 (旅游时间, 旅游费用, 保险, 服务等级, 旅游合同, 旅游团_id, 顾客_身份证号) VALUES ('2023 October', 0, '1', '4', NULL, 9, '1720376932');

INSERT INTO 旅游信息 (旅游时间, 旅游费用, 保险, 服务等级, 旅游合同, 旅游团_id, 顾客_身份证号) VALUES ('2021 July', 0, '1', '3', NULL, 5, '1451381148');

INSERT INTO 旅游信息 (旅游时间, 旅游费用, 保险, 服务等级, 旅游合同, 旅游团_id, 顾客_身份证号) VALUES ('2021 February', 0, '5', '4', NULL, 6, '2770749175');

INSERT INTO 旅游信息 (旅游时间, 旅游费用, 保险, 服务等级, 旅游合同, 旅游团_id, 顾客_身份证号) VALUES ('2018 March', 0, '3', '4', NULL, 4, '2968490206');

INSERT INTO 旅游信息 (旅游时间, 旅游费用, 保险, 服务等级, 旅游合同, 旅游团_id, 顾客_身份证号) VALUES ('2023 May', 0, '3', '4', NULL, 7, '1076606551');

INSERT INTO 旅游信息 (旅游时间, 旅游费用, 保险, 服务等级, 旅游合同, 旅游团_id, 顾客_身份证号) VALUES ('2020 September', 0, '2', '5', NULL, 4, '1259616469');

INSERT INTO 旅游信息 (旅游时间, 旅游费用, 保险, 服务等级, 旅游合同, 旅游团_id, 顾客_身份证号) VALUES ('2021 July', 0, '2', '4', NULL, 5, '1005772359');

INSERT INTO 旅游信息 (旅游时间, 旅游费用, 保险, 服务等级, 旅游合同, 旅游团_id, 顾客_身份证号) VALUES ('2023 January', 0, '3', '5', NULL, 4, '1663866841');

INSERT INTO 旅游信息 (旅游时间, 旅游费用, 保险, 服务等级, 旅游合同, 旅游团_id, 顾客_身份证号) VALUES ('2019 June', 0, '1', '4', NULL, 3, '2730776200');

INSERT INTO 旅游信息 (旅游时间, 旅游费用, 保险, 服务等级, 旅游合同, 旅游团_id, 顾客_身份证号) VALUES ('2021 September', 0, '2', '3', NULL, 8, '1412913755');

INSERT INTO 旅游信息 (旅游时间, 旅游费用, 保险, 服务等级, 旅游合同, 旅游团_id, 顾客_身份证号) VALUES ('2020 January', 0, '4', '4', NULL, 3, '2545728959');

INSERT INTO 旅游信息 (旅游时间, 旅游费用, 保险, 服务等级, 旅游合同, 旅游团_id, 顾客_身份证号) VALUES ('2023 June', 0, '3', '4', NULL, 5, '2295790202');

INSERT INTO 旅游信息 (旅游时间, 旅游费用, 保险, 服务等级, 旅游合同, 旅游团_id, 顾客_身份证号) VALUES ('2020 June', 0, '3', '3', NULL, 10, '2741977850');

INSERT INTO 旅游信息 (旅游时间, 旅游费用, 保险, 服务等级, 旅游合同, 旅游团_id, 顾客_身份证号) VALUES ('2023 May', 0, '2', '4', NULL, 6, '1738649434');

INSERT INTO 旅游信息 (旅游时间, 旅游费用, 保险, 服务等级, 旅游合同, 旅游团_id, 顾客_身份证号) VALUES ('2022 August', 0, '3', '4', NULL, 5, '1757374750');

INSERT INTO 旅游信息 (旅游时间, 旅游费用, 保险, 服务等级, 旅游合同, 旅游团_id, 顾客_身份证号) VALUES ('2018 October', 0, '2', '4', NULL, 4, '1860249553');

INSERT INTO 旅游信息 (旅游时间, 旅游费用, 保险, 服务等级, 旅游合同, 旅游团_id, 顾客_身份证号) VALUES ('2023 February', 0, '3', '4', NULL, 2, '1846416074');

INSERT INTO 旅游信息 (旅游时间, 旅游费用, 保险, 服务等级, 旅游合同, 旅游团_id, 顾客_身份证号) VALUES ('2018 April', 0, '3', '5', NULL, 1, '1126974710');

INSERT INTO 旅游信息 (旅游时间, 旅游费用, 保险, 服务等级, 旅游合同, 旅游团_id, 顾客_身份证号) VALUES ('2020 July', 0, '3', '4', NULL, 8, '1846416074');

INSERT INTO 旅游信息 (旅游时间, 旅游费用, 保险, 服务等级, 旅游合同, 旅游团_id, 顾客_身份证号) VALUES ('2021 July', 0, '3', '3', NULL, 2, '2487576090');

INSERT INTO 旅游信息 (旅游时间, 旅游费用, 保险, 服务等级, 旅游合同, 旅游团_id, 顾客_身份证号) VALUES ('2020 August', 0, '1', '4', NULL, 9, '2348348914');

INSERT INTO 旅游信息 (旅游时间, 旅游费用, 保险, 服务等级, 旅游合同, 旅游团_id, 顾客_身份证号) VALUES ('2018 April', 0, '3', '3', NULL, 5, '1674429015');

INSERT INTO 旅游信息 (旅游时间, 旅游费用, 保险, 服务等级, 旅游合同, 旅游团_id, 顾客_身份证号) VALUES ('2023 March', 0, '2', '5', NULL, 6, '1207893154');

INSERT INTO 旅游信息 (旅游时间, 旅游费用, 保险, 服务等级, 旅游合同, 旅游团_id, 顾客_身份证号) VALUES ('2022 September', 0, '4', '4', NULL, 6, '2740015658');

INSERT INTO 旅游信息 (旅游时间, 旅游费用, 保险, 服务等级, 旅游合同, 旅游团_id, 顾客_身份证号) VALUES ('2022 July', 0, '3', '5', NULL, 9, '2577516948');

INSERT INTO 旅游信息 (旅游时间, 旅游费用, 保险, 服务等级, 旅游合同, 旅游团_id, 顾客_身份证号) VALUES ('2019 June', 0, '2', '5', NULL, 8, '2615762444');

INSERT INTO 旅游信息 (旅游时间, 旅游费用, 保险, 服务等级, 旅游合同, 旅游团_id, 顾客_身份证号) VALUES ('2022 April', 0, '2', '5', NULL, 8, '2731256401');

INSERT INTO 旅游信息 (旅游时间, 旅游费用, 保险, 服务等级, 旅游合同, 旅游团_id, 顾客_身份证号) VALUES ('2020 February', 0, '3', '4', NULL, 5, '1550519839');

INSERT INTO 旅游信息 (旅游时间, 旅游费用, 保险, 服务等级, 旅游合同, 旅游团_id, 顾客_身份证号) VALUES ('2019 February', 0, '3', '3', NULL, 1, '1672683903');

INSERT INTO 旅游信息 (旅游时间, 旅游费用, 保险, 服务等级, 旅游合同, 旅游团_id, 顾客_身份证号) VALUES ('2018 July', 0, '2', '4', NULL, 4, '1972420767');

INSERT INTO 旅游信息 (旅游时间, 旅游费用, 保险, 服务等级, 旅游合同, 旅游团_id, 顾客_身份证号) VALUES ('2023 January', 0, '3', '4', NULL, 5, '2364201335');

INSERT INTO 旅游信息 (旅游时间, 旅游费用, 保险, 服务等级, 旅游合同, 旅游团_id, 顾客_身份证号) VALUES ('2022 August', 0, '2', '4', NULL, 2, '1269434019');

INSERT INTO 旅游信息 (旅游时间, 旅游费用, 保险, 服务等级, 旅游合同, 旅游团_id, 顾客_身份证号) VALUES ('2018 January', 0, '4', '5', NULL, 3, '1710918293');

INSERT INTO 旅游信息 (旅游时间, 旅游费用, 保险, 服务等级, 旅游合同, 旅游团_id, 顾客_身份证号) VALUES ('2021 June', 0, '3', '4', NULL, 7, '1464009640');

INSERT INTO 旅游信息 (旅游时间, 旅游费用, 保险, 服务等级, 旅游合同, 旅游团_id, 顾客_身份证号) VALUES ('2023 May', 0, '2', '5', NULL, 4, '1837204475');

INSERT INTO 旅游信息 (旅游时间, 旅游费用, 保险, 服务等级, 旅游合同, 旅游团_id, 顾客_身份证号) VALUES ('2019 February', 0, '1', '4', NULL, 7, '2887957957');

INSERT INTO 旅游信息 (旅游时间, 旅游费用, 保险, 服务等级, 旅游合同, 旅游团_id, 顾客_身份证号) VALUES ('2020 January', 0, '4', '4', NULL, 1, '1243116584');

INSERT INTO 旅游信息 (旅游时间, 旅游费用, 保险, 服务等级, 旅游合同, 旅游团_id, 顾客_身份证号) VALUES ('2021 September', 0, '3', '4', NULL, 3, '2243929882');

INSERT INTO 旅游信息 (旅游时间, 旅游费用, 保险, 服务等级, 旅游合同, 旅游团_id, 顾客_身份证号) VALUES ('2022 May', 0, '3', '5', NULL, 6, '2121718348');

INSERT INTO 旅游信息 (旅游时间, 旅游费用, 保险, 服务等级, 旅游合同, 旅游团_id, 顾客_身份证号) VALUES ('2018 February', 0, '2', '4', NULL, 7, '2068575247');

INSERT INTO 旅游信息 (旅游时间, 旅游费用, 保险, 服务等级, 旅游合同, 旅游团_id, 顾客_身份证号) VALUES ('2018 February', 0, '1', '3', NULL, 7, '1341643821');

INSERT INTO 旅游信息 (旅游时间, 旅游费用, 保险, 服务等级, 旅游合同, 旅游团_id, 顾客_身份证号) VALUES ('2018 September', 0, '5', '5', NULL, 8, '2624365846');

INSERT INTO 旅游信息 (旅游时间, 旅游费用, 保险, 服务等级, 旅游合同, 旅游团_id, 顾客_身份证号) VALUES ('2018 February', 0, '3', '4', NULL, 7, '2264893003');

INSERT INTO 旅游信息 (旅游时间, 旅游费用, 保险, 服务等级, 旅游合同, 旅游团_id, 顾客_身份证号) VALUES ('2018 August', 0, '3', '4', NULL, 6, '2906913031');

INSERT INTO 旅游信息 (旅游时间, 旅游费用, 保险, 服务等级, 旅游合同, 旅游团_id, 顾客_身份证号) VALUES ('2019 August', 0, '1', '4', NULL, 9, '1446653457');

INSERT INTO 旅游信息 (旅游时间, 旅游费用, 保险, 服务等级, 旅游合同, 旅游团_id, 顾客_身份证号) VALUES ('2022 April', 0, '5', '3', NULL, 5, '3118793059');

INSERT INTO 旅游信息 (旅游时间, 旅游费用, 保险, 服务等级, 旅游合同, 旅游团_id, 顾客_身份证号) VALUES ('2018 September', 0, '1', '3', NULL, 3, '1657422775');

INSERT INTO 旅游信息 (旅游时间, 旅游费用, 保险, 服务等级, 旅游合同, 旅游团_id, 顾客_身份证号) VALUES ('2023 January', 0, '3', '3', NULL, 6, '1819345226');

INSERT INTO 旅游信息 (旅游时间, 旅游费用, 保险, 服务等级, 旅游合同, 旅游团_id, 顾客_身份证号) VALUES ('2018 August', 0, '3', '3', NULL, 6, '2082551390');

INSERT INTO 旅游信息 (旅游时间, 旅游费用, 保险, 服务等级, 旅游合同, 旅游团_id, 顾客_身份证号) VALUES ('2020 August', 0, '1', '5', NULL, 7, '1299383328');

INSERT INTO 旅游信息 (旅游时间, 旅游费用, 保险, 服务等级, 旅游合同, 旅游团_id, 顾客_身份证号) VALUES ('2022 May', 0, '4', '4', NULL, 4, '1296519340');

INSERT INTO 旅游信息 (旅游时间, 旅游费用, 保险, 服务等级, 旅游合同, 旅游团_id, 顾客_身份证号) VALUES ('2019 January', 0, '3', '4', NULL, 4, '2680596938');

INSERT INTO 旅游信息 (旅游时间, 旅游费用, 保险, 服务等级, 旅游合同, 旅游团_id, 顾客_身份证号) VALUES ('2018 September', 0, '4', '5', NULL, 4, '2749418689');

INSERT INTO 旅游信息 (旅游时间, 旅游费用, 保险, 服务等级, 旅游合同, 旅游团_id, 顾客_身份证号) VALUES ('2019 March', 0, '2', '4', NULL, 3, '2177101478');

INSERT INTO 旅游信息 (旅游时间, 旅游费用, 保险, 服务等级, 旅游合同, 旅游团_id, 顾客_身份证号) VALUES ('2021 January', 0, '1', '3', NULL, 6, '2874605946');

INSERT INTO 旅游信息 (旅游时间, 旅游费用, 保险, 服务等级, 旅游合同, 旅游团_id, 顾客_身份证号) VALUES ('2018 June', 0, '1', '5', NULL, 6, '1086352413');

INSERT INTO 旅游信息 (旅游时间, 旅游费用, 保险, 服务等级, 旅游合同, 旅游团_id, 顾客_身份证号) VALUES ('2022 September', 0, '1', '4', NULL, 10, '1465845741');

INSERT INTO 旅游信息 (旅游时间, 旅游费用, 保险, 服务等级, 旅游合同, 旅游团_id, 顾客_身份证号) VALUES ('2021 February', 0, '4', '3', NULL, 9, '1701443157');

INSERT INTO 旅游信息 (旅游时间, 旅游费用, 保险, 服务等级, 旅游合同, 旅游团_id, 顾客_身份证号) VALUES ('2021 March', 0, '4', '4', NULL, 6, '2450986863');

INSERT INTO 旅游信息 (旅游时间, 旅游费用, 保险, 服务等级, 旅游合同, 旅游团_id, 顾客_身份证号) VALUES ('2021 August', 0, '4', '4', NULL, 8, '1406619081');

INSERT INTO 旅游信息 (旅游时间, 旅游费用, 保险, 服务等级, 旅游合同, 旅游团_id, 顾客_身份证号) VALUES ('2021 January', 0, '3', '5', NULL, 7, '2671731213');

INSERT INTO 旅游信息 (旅游时间, 旅游费用, 保险, 服务等级, 旅游合同, 旅游团_id, 顾客_身份证号) VALUES ('2019 February', 0, '3', '4', NULL, 10, '1304268707');

INSERT INTO 旅游信息 (旅游时间, 旅游费用, 保险, 服务等级, 旅游合同, 旅游团_id, 顾客_身份证号) VALUES ('2019 April', 0, '5', '5', NULL, 6, '2212317069');

INSERT INTO 旅游信息 (旅游时间, 旅游费用, 保险, 服务等级, 旅游合同, 旅游团_id, 顾客_身份证号) VALUES ('2022 January', 0, '3', '4', NULL, 7, '2015526339');

INSERT INTO 旅游信息 (旅游时间, 旅游费用, 保险, 服务等级, 旅游合同, 旅游团_id, 顾客_身份证号) VALUES ('2020 July', 0, '2', '5', NULL, 10, '2680596938');

INSERT INTO 旅游信息 (旅游时间, 旅游费用, 保险, 服务等级, 旅游合同, 旅游团_id, 顾客_身份证号) VALUES ('2021 July', 0, '1', '5', NULL, 3, '2977890846');

INSERT INTO 旅游信息 (旅游时间, 旅游费用, 保险, 服务等级, 旅游合同, 旅游团_id, 顾客_身份证号) VALUES ('2023 February', 0, '1', '5', NULL, 6, '2094927988');

INSERT INTO 旅游信息 (旅游时间, 旅游费用, 保险, 服务等级, 旅游合同, 旅游团_id, 顾客_身份证号) VALUES ('2019 August', 0, '5', '5', NULL, 7, '3118369023');

INSERT INTO 旅游信息 (旅游时间, 旅游费用, 保险, 服务等级, 旅游合同, 旅游团_id, 顾客_身份证号) VALUES ('2019 September', 0, '3', '5', NULL, 2, '3017872765');

INSERT INTO 旅游信息 (旅游时间, 旅游费用, 保险, 服务等级, 旅游合同, 旅游团_id, 顾客_身份证号) VALUES ('2021 May', 0, '4', '4', NULL, 8, '3090754934');

INSERT INTO 旅游信息 (旅游时间, 旅游费用, 保险, 服务等级, 旅游合同, 旅游团_id, 顾客_身份证号) VALUES ('2022 July', 0, '3', '4', NULL, 9, '2684230697');

INSERT INTO 旅游信息 (旅游时间, 旅游费用, 保险, 服务等级, 旅游合同, 旅游团_id, 顾客_身份证号) VALUES ('2023 February', 0, '3', '3', NULL, 1, '2686357968');

INSERT INTO 旅游信息 (旅游时间, 旅游费用, 保险, 服务等级, 旅游合同, 旅游团_id, 顾客_身份证号) VALUES ('2022 May', 0, '3', '3', NULL, 1, '2462529988');

INSERT INTO 旅游信息 (旅游时间, 旅游费用, 保险, 服务等级, 旅游合同, 旅游团_id, 顾客_身份证号) VALUES ('2020 July', 0, '2', '4', NULL, 5, '1005750065');

INSERT INTO 旅游信息 (旅游时间, 旅游费用, 保险, 服务等级, 旅游合同, 旅游团_id, 顾客_身份证号) VALUES ('2021 June', 0, '4', '4', NULL, 9, '2082551390');

INSERT INTO 旅游信息 (旅游时间, 旅游费用, 保险, 服务等级, 旅游合同, 旅游团_id, 顾客_身份证号) VALUES ('2023 February', 0, '4', '4', NULL, 7, '1303095925');

INSERT INTO 旅游信息 (旅游时间, 旅游费用, 保险, 服务等级, 旅游合同, 旅游团_id, 顾客_身份证号) VALUES ('2022 August', 0, '4', '4', NULL, 8, '2082551390');

INSERT INTO 旅游信息 (旅游时间, 旅游费用, 保险, 服务等级, 旅游合同, 旅游团_id, 顾客_身份证号) VALUES ('2022 April', 0, '5', '4', NULL, 2, '1629550230');

INSERT INTO 旅游信息 (旅游时间, 旅游费用, 保险, 服务等级, 旅游合同, 旅游团_id, 顾客_身份证号) VALUES ('2021 June', 0, '3', '5', NULL, 2, '1143663690');

INSERT INTO 旅游信息 (旅游时间, 旅游费用, 保险, 服务等级, 旅游合同, 旅游团_id, 顾客_身份证号) VALUES ('2019 January', 0, '1', '4', NULL, 10, '1797717032');

INSERT INTO 旅游信息 (旅游时间, 旅游费用, 保险, 服务等级, 旅游合同, 旅游团_id, 顾客_身份证号) VALUES ('2021 August', 0, '2', '4', NULL, 10, '1036217391');

INSERT INTO 旅游信息 (旅游时间, 旅游费用, 保险, 服务等级, 旅游合同, 旅游团_id, 顾客_身份证号) VALUES ('2020 October', 0, '2', '3', NULL, 8, '2612424768');

INSERT INTO 旅游信息 (旅游时间, 旅游费用, 保险, 服务等级, 旅游合同, 旅游团_id, 顾客_身份证号) VALUES ('2019 January', 0, '5', '4', NULL, 4, '1668811412');

INSERT INTO 旅游信息 (旅游时间, 旅游费用, 保险, 服务等级, 旅游合同, 旅游团_id, 顾客_身份证号) VALUES ('2022 April', 0, '3', '3', NULL, 6, '2738596629');

INSERT INTO 旅游信息 (旅游时间, 旅游费用, 保险, 服务等级, 旅游合同, 旅游团_id, 顾客_身份证号) VALUES ('2020 February', 0, '3', '4', NULL, 4, '2497088725');

INSERT INTO 旅游信息 (旅游时间, 旅游费用, 保险, 服务等级, 旅游合同, 旅游团_id, 顾客_身份证号) VALUES ('2018 July', 0, '2', '5', NULL, 10, '1867724189');

INSERT INTO 旅游信息 (旅游时间, 旅游费用, 保险, 服务等级, 旅游合同, 旅游团_id, 顾客_身份证号) VALUES ('2021 September', 0, '1', '4', NULL, 8, '2931159763');

INSERT INTO 旅游信息 (旅游时间, 旅游费用, 保险, 服务等级, 旅游合同, 旅游团_id, 顾客_身份证号) VALUES ('2021 May', 0, '4', '5', NULL, 7, '2968490206');

INSERT INTO 旅游信息 (旅游时间, 旅游费用, 保险, 服务等级, 旅游合同, 旅游团_id, 顾客_身份证号) VALUES ('2022 July', 0, '4', '3', NULL, 3, '1211641454');

INSERT INTO 旅游信息 (旅游时间, 旅游费用, 保险, 服务等级, 旅游合同, 旅游团_id, 顾客_身份证号) VALUES ('2021 September', 0, '2', '4', NULL, 6, '2845675835');

INSERT INTO 旅游信息 (旅游时间, 旅游费用, 保险, 服务等级, 旅游合同, 旅游团_id, 顾客_身份证号) VALUES ('2019 August', 0, '2', '4', NULL, 7, '2154729466');

INSERT INTO 旅游信息 (旅游时间, 旅游费用, 保险, 服务等级, 旅游合同, 旅游团_id, 顾客_身份证号) VALUES ('2019 August', 0, '4', '3', NULL, 7, '1077172768');

INSERT INTO 旅游信息 (旅游时间, 旅游费用, 保险, 服务等级, 旅游合同, 旅游团_id, 顾客_身份证号) VALUES ('2023 June', 0, '4', '4', NULL, 2, '2456696629');

INSERT INTO 旅游信息 (旅游时间, 旅游费用, 保险, 服务等级, 旅游合同, 旅游团_id, 顾客_身份证号) VALUES ('2018 June', 0, '3', '5', NULL, 2, '2532632910');

INSERT INTO 旅游信息 (旅游时间, 旅游费用, 保险, 服务等级, 旅游合同, 旅游团_id, 顾客_身份证号) VALUES ('2020 July', 0, '5', '5', NULL, 2, '3089915047');

INSERT INTO 旅游信息 (旅游时间, 旅游费用, 保险, 服务等级, 旅游合同, 旅游团_id, 顾客_身份证号) VALUES ('2019 March', 0, '4', '5', NULL, 2, '2439285648');

INSERT INTO 旅游信息 (旅游时间, 旅游费用, 保险, 服务等级, 旅游合同, 旅游团_id, 顾客_身份证号) VALUES ('2022 October', 0, '3', '5', NULL, 5, '2359776499');

INSERT INTO 旅游信息 (旅游时间, 旅游费用, 保险, 服务等级, 旅游合同, 旅游团_id, 顾客_身份证号) VALUES ('2018 August', 0, '5', '3', NULL, 3, '1891046536');

INSERT INTO 旅游信息 (旅游时间, 旅游费用, 保险, 服务等级, 旅游合同, 旅游团_id, 顾客_身份证号) VALUES ('2018 September', 0, '2', '5', NULL, 8, '2063030453');

INSERT INTO 旅游信息 (旅游时间, 旅游费用, 保险, 服务等级, 旅游合同, 旅游团_id, 顾客_身份证号) VALUES ('2021 June', 0, '4', '5', NULL, 6, '2744466873');

INSERT INTO 旅游信息 (旅游时间, 旅游费用, 保险, 服务等级, 旅游合同, 旅游团_id, 顾客_身份证号) VALUES ('2022 September', 0, '3', '4', NULL, 4, '2665053289');

INSERT INTO 旅游信息 (旅游时间, 旅游费用, 保险, 服务等级, 旅游合同, 旅游团_id, 顾客_身份证号) VALUES ('2023 October', 0, '1', '4', NULL, 7, '1718765004');

INSERT INTO 旅游信息 (旅游时间, 旅游费用, 保险, 服务等级, 旅游合同, 旅游团_id, 顾客_身份证号) VALUES ('2022 June', 0, '3', '4', NULL, 1, '2874605946');

INSERT INTO 旅游信息 (旅游时间, 旅游费用, 保险, 服务等级, 旅游合同, 旅游团_id, 顾客_身份证号) VALUES ('2022 September', 0, '3', '4', NULL, 10, '1449742965');

INSERT INTO 旅游信息 (旅游时间, 旅游费用, 保险, 服务等级, 旅游合同, 旅游团_id, 顾客_身份证号) VALUES ('2021 February', 0, '5', '3', NULL, 6, '1374109645');

INSERT INTO 旅游信息 (旅游时间, 旅游费用, 保险, 服务等级, 旅游合同, 旅游团_id, 顾客_身份证号) VALUES ('2018 June', 0, '2', '4', NULL, 8, '2317028417');

INSERT INTO 旅游信息 (旅游时间, 旅游费用, 保险, 服务等级, 旅游合同, 旅游团_id, 顾客_身份证号) VALUES ('2021 July', 0, '1', '4', NULL, 4, '2573145170');

INSERT INTO 旅游信息 (旅游时间, 旅游费用, 保险, 服务等级, 旅游合同, 旅游团_id, 顾客_身份证号) VALUES ('2022 July', 0, '4', '4', NULL, 2, '1143663690');

INSERT INTO 旅游信息 (旅游时间, 旅游费用, 保险, 服务等级, 旅游合同, 旅游团_id, 顾客_身份证号) VALUES ('2021 May', 0, '4', '4', NULL, 7, '2234724305');

INSERT INTO 旅游信息 (旅游时间, 旅游费用, 保险, 服务等级, 旅游合同, 旅游团_id, 顾客_身份证号) VALUES ('2022 May', 0, '3', '3', NULL, 1, '1748716646');

INSERT INTO 旅游信息 (旅游时间, 旅游费用, 保险, 服务等级, 旅游合同, 旅游团_id, 顾客_身份证号) VALUES ('2019 May', 0, '2', '3', NULL, 3, '2880018847');

INSERT INTO 旅游信息 (旅游时间, 旅游费用, 保险, 服务等级, 旅游合同, 旅游团_id, 顾客_身份证号) VALUES ('2023 February', 0, '1', '5', NULL, 5, '3107414589');

INSERT INTO 旅游信息 (旅游时间, 旅游费用, 保险, 服务等级, 旅游合同, 旅游团_id, 顾客_身份证号) VALUES ('2020 June', 0, '1', '4', NULL, 10, '1631124318');

INSERT INTO 旅游信息 (旅游时间, 旅游费用, 保险, 服务等级, 旅游合同, 旅游团_id, 顾客_身份证号) VALUES ('2021 February', 0, '2', '3', NULL, 6, '2741732805');

INSERT INTO 旅游信息 (旅游时间, 旅游费用, 保险, 服务等级, 旅游合同, 旅游团_id, 顾客_身份证号) VALUES ('2022 April', 0, '4', '4', NULL, 10, '2222536545');

INSERT INTO 旅游信息 (旅游时间, 旅游费用, 保险, 服务等级, 旅游合同, 旅游团_id, 顾客_身份证号) VALUES ('2022 September', 0, '3', '4', NULL, 2, '2650713895');

INSERT INTO 旅游信息 (旅游时间, 旅游费用, 保险, 服务等级, 旅游合同, 旅游团_id, 顾客_身份证号) VALUES ('2020 October', 0, '4', '4', NULL, 10, '2890983142');

INSERT INTO 旅游信息 (旅游时间, 旅游费用, 保险, 服务等级, 旅游合同, 旅游团_id, 顾客_身份证号) VALUES ('2020 October', 0, '5', '4', NULL, 5, '2801562136');

INSERT INTO 旅游信息 (旅游时间, 旅游费用, 保险, 服务等级, 旅游合同, 旅游团_id, 顾客_身份证号) VALUES ('2018 June', 0, '4', '4', NULL, 8, '2095575373');

INSERT INTO 旅游信息 (旅游时间, 旅游费用, 保险, 服务等级, 旅游合同, 旅游团_id, 顾客_身份证号) VALUES ('2021 June', 0, '4', '4', NULL, 3, '2301685233');

INSERT INTO 旅游信息 (旅游时间, 旅游费用, 保险, 服务等级, 旅游合同, 旅游团_id, 顾客_身份证号) VALUES ('2019 January', 0, '2', '4', NULL, 9, '2447109410');

INSERT INTO 旅游信息 (旅游时间, 旅游费用, 保险, 服务等级, 旅游合同, 旅游团_id, 顾客_身份证号) VALUES ('2021 August', 0, '1', '5', NULL, 5, '1510692686');

INSERT INTO 旅游信息 (旅游时间, 旅游费用, 保险, 服务等级, 旅游合同, 旅游团_id, 顾客_身份证号) VALUES ('2021 October', 0, '5', '3', NULL, 4, '1276966262');

INSERT INTO 旅游信息 (旅游时间, 旅游费用, 保险, 服务等级, 旅游合同, 旅游团_id, 顾客_身份证号) VALUES ('2021 October', 0, '4', '4', NULL, 3, '2208507975');

INSERT INTO 旅游信息 (旅游时间, 旅游费用, 保险, 服务等级, 旅游合同, 旅游团_id, 顾客_身份证号) VALUES ('2021 January', 0, '2', '4', NULL, 8, '2296360531');

INSERT INTO 旅游信息 (旅游时间, 旅游费用, 保险, 服务等级, 旅游合同, 旅游团_id, 顾客_身份证号) VALUES ('2018 March', 0, '5', '4', NULL, 3, '2450986863');

INSERT INTO 旅游信息 (旅游时间, 旅游费用, 保险, 服务等级, 旅游合同, 旅游团_id, 顾客_身份证号) VALUES ('2020 March', 0, '5', '4', NULL, 7, '1032208022');

INSERT INTO 旅游信息 (旅游时间, 旅游费用, 保险, 服务等级, 旅游合同, 旅游团_id, 顾客_身份证号) VALUES ('2023 February', 0, '4', '4', NULL, 8, '1214503008');

INSERT INTO 旅游信息 (旅游时间, 旅游费用, 保险, 服务等级, 旅游合同, 旅游团_id, 顾客_身份证号) VALUES ('2022 September', 0, '3', '4', NULL, 7, '2735865373');

INSERT INTO 旅游信息 (旅游时间, 旅游费用, 保险, 服务等级, 旅游合同, 旅游团_id, 顾客_身份证号) VALUES ('2022 February', 0, '3', '5', NULL, 7, '2089658218');

# 旅游线路_旅游时间段_旅游信息